$MeshFormat
2.2 0 8
$EndMeshFormat
$PhysicalNames
4
2 12 "Neumann"
2 13 "DirichletFull"
2 14 "DirichletW"
3 20 "Domain"
$EndPhysicalNames
$Nodes
11640
1 0 -0.5 -0.5
2 8 -0.5 -0.5
3 8 0.5 -0.5
4 0 0.5 -0.5
5 0 -0.5 0.5
6 8 -0.5 0.5
7 8 0.5 0.5
8 0 0.5 0.5
9 0.4999999999989833 -0.5 -0.5
10 0.9999999999981849 -0.5 -0.5
11 1.499999999996747 -0.5 -0.5
12 1.999999999995288 -0.5 -0.5
13 2.499999999993828 -0.5 -0.5
14 2.999999999992369 -0.5 -0.5
15 3.499999999990909 -0.5 -0.5
16 3.999999999989537 -0.5 -0.5
17 4.499999999990768 -0.5 -0.5
18 4.999999999992087 -0.5 -0.5
19 5.499999999993406 -0.5 -0.5
20 5.999999999994725 -0.5 -0.5
21 6.499999999996044 -0.5 -0.5
22 6.999999999997362 -0.5 -0.5
23 7.499999999998681 -0.5 -0.5
24 0.1666666666663556 -0.5 -0.5
25 0.3333333333326839 -0.5 -0.5
26 0.6666666666653839 -0.5 -0.5
27 0.8333333333317844 -0.5 -0.5
28 1.166666666664372 -0.5 -0.5
29 1.33333333333056 -0.5 -0.5
30 1.666666666662927 -0.5 -0.5
31 1.833333333329108 -0.5 -0.5
32 2.166666666661468 -0.5 -0.5
33 2.333333333327648 -0.5 -0.5
34 2.666666666660008 -0.5 -0.5
35 2.833333333326189 -0.5 -0.5
36 3.166666666658549 -0.5 -0.5
37 3.333333333324729 -0.5 -0.5
38 3.666666666657118 -0.5 -0.5
39 3.833333333323327 -0.5 -0.5
40 4.166666666656614 -0.5 -0.5
41 4.333333333323691 -0.5 -0.5
42 4.666666666657875 -0.5 -0.5
43 4.833333333324981 -0.5 -0.5
44 5.166666666659194 -0.5 -0.5
45 5.3333333333263 -0.5 -0.5
46 5.666666666660513 -0.5 -0.5
47 5.833333333327619 -0.5 -0.5
48 6.166666666661832 -0.5 -0.5
49 6.333333333328938 -0.5 -0.5
50 6.66666666666315 -0.5 -0.5
51 6.833333333330255 -0.5 -0.5
52 7.166666666664469 -0.5 -0.5
53 7.333333333331575 -0.5 -0.5
54 7.666666666665788 -0.5 -0.5
55 7.833333333332893 -0.5 -0.5
56 8 -0.2500000000006933 -0.5
57 8 -1.375122238300719e-12 -0.5
58 8 0.249999999999307 -0.5
59 8 -0.4166666666668764 -0.5
60 8 -0.3333333333337528 -0.5
61 8 -0.1666666666675873 -0.5
62 8 -0.08333333333448123 -0.5
63 8 0.08333333333218562 -0.5
64 8 0.1666666666657464 -0.5
65 8 0.3333333333328713 -0.5
66 8 0.4166666666664356 -0.5
67 7.499999999997918 0.5 -0.5
68 6.999999999996009 0.5 -0.5
69 6.499999999999305 0.5 -0.5
70 6.000000000002776 0.5 -0.5
71 5.500000000006244 0.5 -0.5
72 5.000000000009712 0.5 -0.5
73 4.500000000013181 0.5 -0.5
74 4.000000000016476 0.5 -0.5
75 3.500000000014568 0.5 -0.5
76 3.000000000012487 0.5 -0.5
77 2.500000000010406 0.5 -0.5
78 2.000000000008324 0.5 -0.5
79 1.500000000006243 0.5 -0.5
80 1.000000000004162 0.5 -0.5
81 0.500000000002081 0.5 -0.5
82 7.833333333332619 0.5 -0.5
83 7.666666666665268 0.5 -0.5
84 7.33333333333073 0.5 -0.5
85 7.166666666663335 0.5 -0.5
86 6.833333333330377 0.5 -0.5
87 6.666666666664994 0.5 -0.5
88 6.333333333333687 0.5 -0.5
89 6.166666666668273 0.5 -0.5
90 5.833333333337059 0.5 -0.5
91 5.666666666671767 0.5 -0.5
92 5.333333333340914 0.5 -0.5
93 5.166666666674988 0.5 -0.5
94 4.833333333344221 0.5 -0.5
95 4.666666666678704 0.5 -0.5
96 4.333333333347633 0.5 -0.5
97 4.166666666682055 0.5 -0.5
98 3.833333333349173 0.5 -0.5
99 3.66666666668187 0.5 -0.5
100 3.333333333347207 0.5 -0.5
101 3.166666666679847 0.5 -0.5
102 2.833333333345126 0.5 -0.5
103 2.666666666677766 0.5 -0.5
104 2.333333333343045 0.5 -0.5
105 2.166666666675685 0.5 -0.5
106 1.833333333340963 0.5 -0.5
107 1.666666666673603 0.5 -0.5
108 1.333333333338882 0.5 -0.5
109 1.166666666671522 0.5 -0.5
110 0.8333333333368014 0.5 -0.5
111 0.6666666666694407 0.5 -0.5
112 0.3333333333347204 0.5 -0.5
113 0.1666666666673606 0.5 -0.5
114 0 0.2500000000006933 -0.5
115 0 1.375122238300719e-12 -0.5
116 0 -0.249999999999307 -0.5
117 0 0.4166666666668764 -0.5
118 0 0.3333333333337528 -0.5
119 0 0.1666666666675873 -0.5
120 0 0.08333333333448123 -0.5
121 0 -0.08333333333218562 -0.5
122 0 -0.1666666666657464 -0.5
123 0 -0.3333333333328713 -0.5
124 0 -0.4166666666664356 -0.5
125 0.4999999999989833 -0.5 0.5
126 0.9999999999981849 -0.5 0.5
127 1.499999999996747 -0.5 0.5
128 1.999999999995288 -0.5 0.5
129 2.499999999993828 -0.5 0.5
130 2.999999999992369 -0.5 0.5
131 3.499999999990909 -0.5 0.5
132 3.999999999989537 -0.5 0.5
133 4.499999999990768 -0.5 0.5
134 4.999999999992087 -0.5 0.5
135 5.499999999993406 -0.5 0.5
136 5.999999999994725 -0.5 0.5
137 6.499999999996044 -0.5 0.5
138 6.999999999997362 -0.5 0.5
139 7.499999999998681 -0.5 0.5
140 0.1666666666663556 -0.5 0.5
141 0.3333333333326839 -0.5 0.5
142 0.6666666666653839 -0.5 0.5
143 0.8333333333317844 -0.5 0.5
144 1.166666666664372 -0.5 0.5
145 1.33333333333056 -0.5 0.5
146 1.666666666662927 -0.5 0.5
147 1.833333333329108 -0.5 0.5
148 2.166666666661468 -0.5 0.5
149 2.333333333327648 -0.5 0.5
150 2.666666666660008 -0.5 0.5
151 2.833333333326189 -0.5 0.5
152 3.166666666658549 -0.5 0.5
153 3.333333333324729 -0.5 0.5
154 3.666666666657118 -0.5 0.5
155 3.833333333323327 -0.5 0.5
156 4.166666666656614 -0.5 0.5
157 4.333333333323691 -0.5 0.5
158 4.666666666657875 -0.5 0.5
159 4.833333333324981 -0.5 0.5
160 5.166666666659194 -0.5 0.5
161 5.3333333333263 -0.5 0.5
162 5.666666666660513 -0.5 0.5
163 5.833333333327619 -0.5 0.5
164 6.166666666661832 -0.5 0.5
165 6.333333333328938 -0.5 0.5
166 6.66666666666315 -0.5 0.5
167 6.833333333330255 -0.5 0.5
168 7.166666666664469 -0.5 0.5
169 7.333333333331575 -0.5 0.5
170 7.666666666665788 -0.5 0.5
171 7.833333333332893 -0.5 0.5
172 8 -0.2500000000006933 0.5
173 8 -1.375122238300719e-12 0.5
174 8 0.249999999999307 0.5
175 8 -0.4166666666668764 0.5
176 8 -0.3333333333337528 0.5
177 8 -0.1666666666675873 0.5
178 8 -0.08333333333448123 0.5
179 8 0.08333333333218562 0.5
180 8 0.1666666666657464 0.5
181 8 0.3333333333328713 0.5
182 8 0.4166666666664356 0.5
183 7.499999999997918 0.5 0.5
184 6.999999999996009 0.5 0.5
185 6.499999999999305 0.5 0.5
186 6.000000000002776 0.5 0.5
187 5.500000000006244 0.5 0.5
188 5.000000000009712 0.5 0.5
189 4.500000000013181 0.5 0.5
190 4.000000000016476 0.5 0.5
191 3.500000000014568 0.5 0.5
192 3.000000000012487 0.5 0.5
193 2.500000000010406 0.5 0.5
194 2.000000000008324 0.5 0.5
195 1.500000000006243 0.5 0.5
196 1.000000000004162 0.5 0.5
197 0.500000000002081 0.5 0.5
198 7.833333333332619 0.5 0.5
199 7.666666666665268 0.5 0.5
200 7.33333333333073 0.5 0.5
201 7.166666666663335 0.5 0.5
202 6.833333333330377 0.5 0.5
203 6.666666666664994 0.5 0.5
204 6.333333333333687 0.5 0.5
205 6.166666666668273 0.5 0.5
206 5.833333333337059 0.5 0.5
207 5.666666666671767 0.5 0.5
208 5.333333333340914 0.5 0.5
209 5.166666666674988 0.5 0.5
210 4.833333333344221 0.5 0.5
211 4.666666666678704 0.5 0.5
212 4.333333333347633 0.5 0.5
213 4.166666666682055 0.5 0.5
214 3.833333333349173 0.5 0.5
215 3.66666666668187 0.5 0.5
216 3.333333333347207 0.5 0.5
217 3.166666666679847 0.5 0.5
218 2.833333333345126 0.5 0.5
219 2.666666666677766 0.5 0.5
220 2.333333333343045 0.5 0.5
221 2.166666666675685 0.5 0.5
222 1.833333333340963 0.5 0.5
223 1.666666666673603 0.5 0.5
224 1.333333333338882 0.5 0.5
225 1.166666666671522 0.5 0.5
226 0.8333333333368014 0.5 0.5
227 0.6666666666694407 0.5 0.5
228 0.3333333333347204 0.5 0.5
229 0.1666666666673606 0.5 0.5
230 0 0.2500000000006933 0.5
231 0 1.375122238300719e-12 0.5
232 0 -0.249999999999307 0.5
233 0 0.4166666666668764 0.5
234 0 0.3333333333337528 0.5
235 0 0.1666666666675873 0.5
236 0 0.08333333333448123 0.5
237 0 -0.08333333333218562 0.5
238 0 -0.1666666666657464 0.5
239 0 -0.3333333333328713 0.5
240 0 -0.4166666666664356 0.5
241 0 -0.5 -0.2500000000006933
242 0 -0.5 -1.375122238300719e-12
243 0 -0.5 0.249999999999307
244 0 -0.5 -0.4166666666668764
245 0 -0.5 -0.3333333333337528
246 0 -0.5 -0.1666666666675873
247 0 -0.5 -0.08333333333448123
248 0 -0.5 0.08333333333218562
249 0 -0.5 0.1666666666657464
250 0 -0.5 0.3333333333328713
251 0 -0.5 0.4166666666664356
252 8 -0.5 -0.2500000000006933
253 8 -0.5 -1.375122238300719e-12
254 8 -0.5 0.249999999999307
255 8 -0.5 -0.4166666666668764
256 8 -0.5 -0.3333333333337528
257 8 -0.5 -0.1666666666675873
258 8 -0.5 -0.08333333333448123
259 8 -0.5 0.08333333333218562
260 8 -0.5 0.1666666666657464
261 8 -0.5 0.3333333333328713
262 8 -0.5 0.4166666666664356
263 8 0.5 -0.2500000000006933
264 8 0.5 -1.375122238300719e-12
265 8 0.5 0.249999999999307
266 8 0.5 -0.4166666666668764
267 8 0.5 -0.3333333333337528
268 8 0.5 -0.1666666666675873
269 8 0.5 -0.08333333333448123
270 8 0.5 0.08333333333218562
271 8 0.5 0.1666666666657464
272 8 0.5 0.3333333333328713
273 8 0.5 0.4166666666664356
274 0 0.5 -0.2500000000006933
275 0 0.5 -1.375122238300719e-12
276 0 0.5 0.249999999999307
277 0 0.5 -0.4166666666668764
278 0 0.5 -0.3333333333337528
279 0 0.5 -0.1666666666675873
280 0 0.5 -0.08333333333448123
281 0 0.5 0.08333333333218562
282 0 0.5 0.1666666666657464
283 0 0.5 0.3333333333328713
284 0 0.5 0.4166666666664356
285 0.4999999999997577 -0.2499999999993937 -0.5
286 0.5000000000005322 1.203231958513129e-12 -0.5
287 0.5000000000013067 0.2500000000006066 -0.5
288 0.9999999999996789 -0.2499999999994803 -0.5
289 1.000000000001174 1.031341678725539e-12 -0.5
290 1.000000000002668 0.25000000000052 -0.5
291 1.499999999999121 -0.249999999999567 -0.5
292 1.500000000001495 8.594513989379493e-13 -0.5
293 1.500000000003869 0.2500000000004334 -0.5
294 1.999999999998547 -0.2499999999996535 -0.5
295 2.000000000001805 6.875611191503594e-13 -0.5
296 2.000000000005065 0.2500000000003467 -0.5
297 2.499999999997973 -0.2499999999997404 -0.5
298 2.500000000002117 5.156708393627696e-13 -0.5
299 2.500000000006262 0.2500000000002601 -0.5
300 2.999999999997398 -0.2499999999998269 -0.5
301 3.000000000002428 3.437805595751797e-13 -0.5
302 3.000000000007458 0.2500000000001734 -0.5
303 3.499999999996823 -0.2499999999999135 -0.5
304 3.500000000002738 1.718902797875899e-13 -0.5
305 3.500000000008653 0.2500000000000868 -0.5
306 3.999999999996271 -0.2500000000000002 -0.5
307 4.000000000003006 0 -0.5
308 4.000000000009741 0.2500000000000002 -0.5
309 4.499999999996371 -0.2500000000000869 -0.5
310 4.500000000001974 -1.719180353632055e-13 -0.5
311 4.500000000007579 0.2499999999999135 -0.5
312 4.999999999996493 -0.2500000000001735 -0.5
313 5.0000000000009 -3.437805595751797e-13 -0.5
314 5.000000000005305 0.2499999999998269 -0.5
315 5.499999999996614 -0.2500000000002602 -0.5
316 5.499999999999827 -5.15643083787154e-13 -0.5
317 5.500000000003034 0.2499999999997403 -0.5
318 5.999999999996738 -0.2500000000003467 -0.5
319 5.999999999998752 -6.875611191503594e-13 -0.5
320 6.000000000000763 0.2499999999996536 -0.5
321 6.499999999996861 -0.2500000000004333 -0.5
322 6.499999999997675 -8.594236433623337e-13 -0.5
323 6.499999999998492 0.249999999999567 -0.5
324 6.999999999997024 -0.2500000000005201 -0.5
325 6.999999999996687 -1.031341678725539e-12 -0.5
326 6.999999999996348 0.2499999999994803 -0.5
327 7.499999999998488 -0.2500000000006068 -0.5
328 7.499999999998299 -1.203204202937513e-12 -0.5
329 7.499999999998108 0.2499999999993937 -0.5
330 0.3333333333326556 -0.4166666666664357 -0.5
331 0.1666666666663278 -0.3333333333328714 -0.5
332 0.1666666666663465 -0.4166666666664356 -0.5
333 0.4999999999992414 -0.4166666666664646 -0.5
334 0.4999999999994996 -0.3333333333329291 -0.5
335 0.3333333333331718 -0.2499999999993648 -0.5
336 0.1666666666665859 -0.2499999999993359 -0.5
337 0.3333333333329137 -0.3333333333329003 -0.5
338 0.3333333333331718 -0.1666666666658041 -0.5
339 0.1666666666665859 -0.08333333333221449 -0.5
340 0.1666666666665859 -0.1666666666657752 -0.5
341 0.5000000000000159 -0.1666666666658614 -0.5
342 0.5000000000002741 -0.08333333333232906 -0.5
343 0.3333333333336882 1.260528718442326e-12 -0.5
344 0.1666666666668441 1.317825478371522e-12 -0.5
345 0.33333333333343 -0.08333333333227178 -0.5
346 0.3333333333336882 0.0833333333343666 -0.5
347 0.1666666666668441 0.16666666666753 -0.5
348 0.1666666666668441 0.08333333333442391 -0.5
349 0.5000000000007904 0.08333333333433769 -0.5
350 0.5000000000010486 0.1666666666674722 -0.5
351 0.3333333333342045 0.2500000000006355 -0.5
352 0.1666666666671023 0.2500000000006644 -0.5
353 0.3333333333339463 0.166666666667501 -0.5
354 0.3333333333342045 0.3333333333337377 -0.5
355 0.1666666666671023 0.4166666666668689 -0.5
356 0.1666666666671023 0.3333333333337453 -0.5
357 0.5000000000015649 0.3333333333337377 -0.5
358 0.5000000000018229 0.4166666666668689 -0.5
359 0.3333333333344625 0.4166666666668689 -0.5
360 0.8333333333320425 -0.4166666666664646 -0.5
361 0.6666666666659001 -0.3333333333329291 -0.5
362 0.6666666666656419 -0.4166666666664645 -0.5
363 0.9999999999986829 -0.4166666666664934 -0.5
364 0.9999999999991809 -0.3333333333329869 -0.5
365 0.8333333333330386 -0.2499999999994514 -0.5
366 0.6666666666663982 -0.2499999999994226 -0.5
367 0.8333333333325404 -0.3333333333329579 -0.5
368 0.8333333333332967 -0.1666666666659191 -0.5
369 0.6666666666669145 -0.08333333333235793 -0.5
370 0.6666666666666563 -0.1666666666658903 -0.5
371 1.000000000000177 -0.1666666666659764 -0.5
372 1.000000000000675 -0.08333333333247256 -0.5
373 0.8333333333342932 1.088638438654736e-12 -0.5
374 0.6666666666674127 1.145935198583932e-12 -0.5
375 0.8333333333337949 -0.08333333333241526 -0.5
376 0.8333333333345513 0.0833333333342231 -0.5
377 0.6666666666679291 0.1666666666674149 -0.5
378 0.6666666666676708 0.08333333333428036 -0.5
379 1.000000000001672 0.08333333333419424 -0.5
380 1.00000000000217 0.1666666666673571 -0.5
381 0.8333333333355475 0.2500000000005489 -0.5
382 0.6666666666684271 0.2500000000005778 -0.5
383 0.8333333333350494 0.166666666667386 -0.5
384 0.8333333333358056 0.33333333333368 -0.5
385 0.6666666666689434 0.41666666666684 -0.5
386 0.6666666666686851 0.3333333333337088 -0.5
387 1.000000000003166 0.33333333333368 -0.5
388 1.000000000003664 0.41666666666684 -0.5
389 0.8333333333363033 0.41666666666684 -0.5
390 1.333333333331058 -0.4166666666664934 -0.5
391 1.166666666665368 -0.3333333333329869 -0.5
392 1.16666666666487 -0.4166666666664933 -0.5
393 1.499999999997538 -0.4166666666665223 -0.5
394 1.49999999999833 -0.3333333333330447 -0.5
395 1.33333333333264 -0.2499999999995381 -0.5
396 1.16666666666616 -0.2499999999995092 -0.5
397 1.333333333331849 -0.3333333333330157 -0.5
398 1.333333333333139 -0.1666666666660342 -0.5
399 1.166666666667156 -0.08333333333250142 -0.5
400 1.166666666666658 -0.1666666666660053 -0.5
401 1.499999999999912 -0.1666666666660915 -0.5
402 1.500000000000704 -0.083333333332616 -0.5
403 1.333333333334721 9.16748158867146e-13 -0.5
404 1.166666666667947 9.740449187963425e-13 -0.5
405 1.333333333333929 -0.08333333333255868 -0.5
406 1.333333333335219 0.08333333333407963 -0.5
407 1.166666666668944 0.1666666666672998 -0.5
408 1.166666666668445 0.08333333333413694 -0.5
409 1.500000000002286 0.08333333333405077 -0.5
410 1.500000000003078 0.1666666666672421 -0.5
411 1.333333333336802 0.2500000000004623 -0.5
412 1.166666666669735 0.2500000000004912 -0.5
413 1.333333333336011 0.1666666666672709 -0.5
414 1.3333333333373 0.3333333333336223 -0.5
415 1.166666666670731 0.4166666666668111 -0.5
416 1.166666666670233 0.3333333333336511 -0.5
417 1.50000000000466 0.3333333333336223 -0.5
418 1.500000000005452 0.4166666666668111 -0.5
419 1.333333333338091 0.4166666666668111 -0.5
420 1.833333333329899 -0.4166666666665223 -0.5
421 1.66666666666451 -0.3333333333330447 -0.5
422 1.666666666663719 -0.4166666666665223 -0.5
423 1.999999999996374 -0.4166666666665512 -0.5
424 1.99999999999746 -0.3333333333331023 -0.5
425 1.833333333332072 -0.2499999999996247 -0.5
426 1.666666666665596 -0.2499999999995958 -0.5
427 1.833333333330985 -0.3333333333330735 -0.5
428 1.833333333332863 -0.1666666666661492 -0.5
429 1.666666666667179 -0.08333333333264489 -0.5
430 1.666666666666387 -0.1666666666661203 -0.5
431 1.999999999999633 -0.1666666666662065 -0.5
432 2.000000000000719 -0.08333333333275947 -0.5
433 1.833333333335035 7.44857879079556e-13 -0.5
434 1.666666666668265 8.021546390087526e-13 -0.5
435 1.833333333333949 -0.08333333333270218 -0.5
436 1.833333333335827 0.08333333333393618 -0.5
437 1.666666666669848 0.1666666666671848 -0.5
438 1.666666666669056 0.08333333333399345 -0.5
439 2.000000000002892 0.08333333333390727 -0.5
440 2.000000000003978 0.166666666667127 -0.5
441 1.833333333338 0.2500000000003756 -0.5
442 1.666666666670935 0.2500000000004045 -0.5
443 1.833333333336913 0.1666666666671559 -0.5
444 1.833333333338791 0.3333333333335645 -0.5
445 1.666666666672517 0.4166666666667822 -0.5
446 1.666666666671726 0.3333333333335933 -0.5
447 2.000000000006151 0.3333333333335645 -0.5
448 2.000000000007238 0.4166666666667822 -0.5
449 1.833333333339877 0.4166666666667822 -0.5
450 2.333333333328734 -0.4166666666665512 -0.5
451 2.16666666666364 -0.3333333333331023 -0.5
452 2.166666666662554 -0.4166666666665511 -0.5
453 2.49999999999521 -0.4166666666665801 -0.5
454 2.499999999996592 -0.3333333333331603 -0.5
455 2.333333333331498 -0.2499999999997114 -0.5
456 2.166666666665023 -0.2499999999996824 -0.5
457 2.333333333330116 -0.3333333333331313 -0.5
458 2.333333333332584 -0.1666666666662644 -0.5
459 2.166666666667195 -0.08333333333278842 -0.5
460 2.166666666666108 -0.1666666666662354 -0.5
461 2.499999999999355 -0.1666666666663217 -0.5
462 2.500000000000736 -0.08333333333290305 -0.5
463 2.333333333335347 5.729675992919662e-13 -0.5
464 2.166666666668576 6.302643592211628e-13 -0.5
465 2.333333333333965 -0.08333333333284575 -0.5
466 2.333333333336433 0.08333333333379268 -0.5
467 2.166666666670749 0.1666666666670697 -0.5
468 2.166666666669663 0.08333333333384996 -0.5
469 2.500000000003499 0.08333333333376382 -0.5
470 2.50000000000488 0.166666666667012 -0.5
471 2.333333333339196 0.250000000000289 -0.5
472 2.166666666672131 0.2500000000003179 -0.5
473 2.333333333337814 0.1666666666670408 -0.5
474 2.333333333340283 0.3333333333335067 -0.5
475 2.166666666674303 0.4166666666667533 -0.5
476 2.166666666673216 0.3333333333335355 -0.5
477 2.500000000007643 0.3333333333335067 -0.5
478 2.500000000009024 0.4166666666667533 -0.5
479 2.333333333341664 0.4166666666667533 -0.5
480 2.83333333332757 -0.4166666666665801 -0.5
481 2.666666666662772 -0.3333333333331603 -0.5
482 2.66666666666139 -0.4166666666665801 -0.5
483 2.999999999994045 -0.416666666666609 -0.5
484 2.999999999995722 -0.333333333333218 -0.5
485 2.833333333330923 -0.2499999999997981 -0.5
486 2.666666666664448 -0.2499999999997692 -0.5
487 2.833333333329247 -0.3333333333331892 -0.5
488 2.833333333332305 -0.1666666666663794 -0.5
489 2.666666666667211 -0.08333333333293186 -0.5
490 2.666666666665829 -0.1666666666663506 -0.5
491 2.999999999999075 -0.1666666666664367 -0.5
492 3.000000000000751 -0.08333333333304646 -0.5
493 2.833333333335658 4.010773195043763e-13 -0.5
494 2.666666666668887 4.583740794335729e-13 -0.5
495 2.833333333333981 -0.08333333333298915 -0.5
496 2.833333333337039 0.08333333333364923 -0.5
497 2.666666666671651 0.1666666666669547 -0.5
498 2.666666666670269 0.08333333333370654 -0.5
499 3.000000000004104 0.08333333333362032 -0.5
500 3.000000000005781 0.1666666666668969 -0.5
501 2.833333333340392 0.2500000000002023 -0.5
502 2.666666666673327 0.2500000000002312 -0.5
503 2.833333333338716 0.1666666666669258 -0.5
504 2.833333333341774 0.3333333333334489 -0.5
505 2.66666666667609 0.4166666666667245 -0.5
506 2.666666666674709 0.3333333333334778 -0.5
507 3.000000000009134 0.3333333333334489 -0.5
508 3.00000000001081 0.4166666666667245 -0.5
509 2.833333333343449 0.4166666666667245 -0.5
510 3.333333333326405 -0.416666666666609 -0.5
511 3.166666666661902 -0.333333333333218 -0.5
512 3.166666666660225 -0.416666666666609 -0.5
513 3.49999999999288 -0.4166666666666379 -0.5
514 3.499999999994852 -0.3333333333332757 -0.5
515 3.333333333330348 -0.2499999999998846 -0.5
516 3.166666666663873 -0.2499999999998558 -0.5
517 3.333333333328377 -0.3333333333332468 -0.5
518 3.333333333332025 -0.1666666666664944 -0.5
519 3.166666666667227 -0.08333333333307533 -0.5
520 3.16666666666555 -0.1666666666664655 -0.5
521 3.499999999998795 -0.1666666666665517 -0.5
522 3.500000000000766 -0.08333333333318993 -0.5
523 3.333333333335968 2.291870397167864e-13 -0.5
524 3.166666666669198 2.864837996459831e-13 -0.5
525 3.333333333333996 -0.08333333333313261 -0.5
526 3.333333333337645 0.08333333333350573 -0.5
527 3.166666666672551 0.1666666666668396 -0.5
528 3.166666666670874 0.08333333333356302 -0.5
529 3.50000000000471 0.08333333333347687 -0.5
530 3.500000000006681 0.1666666666667818 -0.5
531 3.333333333341588 0.2500000000001157 -0.5
532 3.166666666674522 0.2500000000001446 -0.5
533 3.333333333339616 0.1666666666668107 -0.5
534 3.333333333343264 0.3333333333333912 -0.5
535 3.166666666677875 0.4166666666666956 -0.5
536 3.166666666676199 0.33333333333342 -0.5
537 3.500000000010624 0.3333333333333912 -0.5
538 3.500000000012596 0.4166666666666956 -0.5
539 3.333333333345236 0.4166666666666955 -0.5
540 3.833333333325299 -0.4166666666666379 -0.5
541 3.666666666661061 -0.3333333333332757 -0.5
542 3.666666666659089 -0.4166666666666379 -0.5
543 3.999999999991781 -0.4166666666666667 -0.5
544 3.999999999994026 -0.3333333333333335 -0.5
545 3.833333333329788 -0.2499999999999713 -0.5
546 3.666666666663306 -0.2499999999999424 -0.5
547 3.833333333327543 -0.3333333333333046 -0.5
548 3.83333333333176 -0.1666666666666095 -0.5
549 3.666666666667249 -0.0833333333332188 -0.5
550 3.666666666665277 -0.1666666666665806 -0.5
551 3.999999999998516 -0.1666666666666668 -0.5
552 4.000000000000761 -0.0833333333333334 -0.5
553 3.83333333333625 5.729675992919661e-14 -0.5
554 3.666666666669494 1.145935198583932e-13 -0.5
555 3.833333333334005 -0.08333333333327611 -0.5
556 3.833333333338222 0.08333333333336226 -0.5
557 3.666666666673437 0.1666666666667245 -0.5
558 3.666666666671465 0.08333333333341955 -0.5
559 4.000000000005251 0.0833333333333334 -0.5
560 4.000000000007496 0.1666666666666668 -0.5
561 3.833333333342711 0.2500000000000291 -0.5
562 3.666666666675682 0.250000000000058 -0.5
563 3.833333333340466 0.1666666666666957 -0.5
564 3.833333333344683 0.3333333333333335 -0.5
565 3.666666666679625 0.4166666666666667 -0.5
566 3.666666666677653 0.3333333333333623 -0.5
567 4.000000000011986 0.3333333333333335 -0.5
568 4.00000000001423 0.4166666666666667 -0.5
569 3.833333333346927 0.4166666666666666 -0.5
570 4.333333333325935 -0.4166666666666667 -0.5
571 4.166666666661103 -0.3333333333333335 -0.5
572 4.166666666658857 -0.4166666666666668 -0.5
573 4.499999999992636 -0.4166666666666956 -0.5
574 4.499999999994503 -0.3333333333333913 -0.5
575 4.333333333329671 -0.250000000000058 -0.5
576 4.16666666666297 -0.2500000000000291 -0.5
577 4.333333333327802 -0.3333333333333623 -0.5
578 4.333333333331916 -0.1666666666667246 -0.5
579 4.166666666667461 -0.08333333333336229 -0.5
580 4.166666666665216 -0.1666666666666957 -0.5
581 4.499999999998239 -0.1666666666667819 -0.5
582 4.500000000000107 -0.08333333333347692 -0.5
583 4.333333333335652 -1.146120235754703e-13 -0.5
584 4.166666666669329 -5.730601178773517e-14 -0.5
585 4.333333333333784 -0.08333333333341959 -0.5
586 4.333333333337896 0.0833333333332188 -0.5
587 4.166666666673819 0.1666666666666095 -0.5
588 4.166666666671573 0.08333333333327608 -0.5
589 4.500000000003842 0.08333333333318989 -0.5
590 4.500000000005711 0.1666666666665517 -0.5
591 4.333333333341633 0.2499999999999424 -0.5
592 4.166666666675686 0.2499999999999713 -0.5
593 4.333333333339764 0.1666666666665806 -0.5
594 4.333333333343877 0.3333333333332756 -0.5
595 4.166666666680177 0.4166666666666378 -0.5
596 4.166666666677932 0.3333333333333045 -0.5
597 4.500000000009446 0.3333333333332756 -0.5
598 4.500000000011314 0.4166666666666378 -0.5
599 4.333333333345754 0.4166666666666378 -0.5
600 4.833333333326848 -0.4166666666666956 -0.5
601 4.66666666666161 -0.3333333333333913 -0.5
602 4.666666666659742 -0.4166666666666956 -0.5
603 4.999999999993555 -0.4166666666667245 -0.5
604 4.999999999995024 -0.3333333333334491 -0.5
605 4.833333333329786 -0.2500000000001447 -0.5
606 4.666666666663078 -0.2500000000001157 -0.5
607 4.833333333328317 -0.3333333333334201 -0.5
608 4.833333333331653 -0.1666666666668397 -0.5
609 4.666666666666814 -0.08333333333350579 -0.5
610 4.666666666664946 -0.1666666666668108 -0.5
611 4.999999999997962 -0.1666666666668969 -0.5
612 4.999999999999431 -0.08333333333362036 -0.5
613 4.833333333334592 -2.864930515045216e-13 -0.5
614 4.666666666668283 -2.292055434338636e-13 -0.5
615 4.833333333333123 -0.08333333333356306 -0.5
616 4.833333333336459 0.08333333333307531 -0.5
617 4.666666666672019 0.1666666666664944 -0.5
618 4.666666666670151 0.0833333333331326 -0.5
619 5.000000000002368 0.08333333333304643 -0.5
620 5.000000000003837 0.1666666666664366 -0.5
621 4.833333333339397 0.2499999999998558 -0.5
622 4.666666666673487 0.2499999999998846 -0.5
623 4.833333333337928 0.1666666666664655 -0.5
624 4.833333333341264 0.3333333333332179 -0.5
625 4.666666666677222 0.416666666666609 -0.5
626 4.666666666675355 0.3333333333332468 -0.5
627 5.000000000006774 0.3333333333332179 -0.5
628 5.000000000008243 0.416666666666609 -0.5
629 4.833333333342743 0.416666666666609 -0.5
630 5.333333333327769 -0.4166666666667245 -0.5
631 5.16666666666213 -0.3333333333334491 -0.5
632 5.166666666660662 -0.4166666666667245 -0.5
633 5.499999999994476 -0.4166666666667534 -0.5
634 5.499999999995545 -0.3333333333335068 -0.5
635 5.333333333329907 -0.2500000000002313 -0.5
636 5.1666666666632 -0.2500000000002024 -0.5
637 5.333333333328836 -0.3333333333334778 -0.5
638 5.333333333331376 -0.1666666666669547 -0.5
639 5.166666666666138 -0.08333333333364926 -0.5
640 5.166666666664669 -0.1666666666669258 -0.5
641 5.499999999997685 -0.166666666667012 -0.5
642 5.499999999998756 -0.08333333333376383 -0.5
643 5.333333333333518 -4.583555757164959e-13 -0.5
644 5.166666666667209 -4.010680676458378e-13 -0.5
645 5.333333333332447 -0.08333333333370654 -0.5
646 5.333333333334986 0.08333333333293186 -0.5
647 5.166666666670146 0.1666666666663794 -0.5
648 5.166666666668677 0.08333333333298916 -0.5
649 5.500000000000896 0.08333333333290299 -0.5
650 5.500000000001965 0.1666666666663216 -0.5
651 5.333333333337125 0.2499999999997691 -0.5
652 5.166666666671214 0.249999999999798 -0.5
653 5.333333333336055 0.1666666666663505 -0.5
654 5.333333333338594 0.3333333333331602 -0.5
655 5.166666666674153 0.4166666666665801 -0.5
656 5.166666666672683 0.333333333333189 -0.5
657 5.500000000004104 0.3333333333331602 -0.5
658 5.500000000005174 0.4166666666665801 -0.5
659 5.333333333339645 0.4166666666665801 -0.5
660 5.833333333328688 -0.4166666666667534 -0.5
661 5.666666666662652 -0.3333333333335068 -0.5
662 5.666666666661581 -0.4166666666667533 -0.5
663 5.999999999995396 -0.4166666666667823 -0.5
664 5.999999999996067 -0.3333333333335645 -0.5
665 5.83333333333003 -0.2500000000003179 -0.5
666 5.666666666663322 -0.250000000000289 -0.5
667 5.833333333329359 -0.3333333333335357 -0.5
668 5.833333333331101 -0.1666666666670697 -0.5
669 5.666666666665463 -0.08333333333379267 -0.5
670 5.666666666664392 -0.1666666666670408 -0.5
671 5.999999999997409 -0.166666666667127 -0.5
672 5.999999999998081 -0.0833333333339073 -0.5
673 5.833333333332444 -6.302551073626242e-13 -0.5
674 5.666666666666135 -5.729490955748892e-13 -0.5
675 5.833333333331772 -0.08333333333384998 -0.5
676 5.833333333333512 0.08333333333278838 -0.5
677 5.666666666668274 0.1666666666662643 -0.5
678 5.666666666667204 0.08333333333284568 -0.5
679 5.999999999999423 0.0833333333327595 -0.5
680 6.000000000000092 0.1666666666662066 -0.5
681 5.833333333334854 0.2499999999996825 -0.5
682 5.666666666668943 0.2499999999997114 -0.5
683 5.833333333334183 0.1666666666662354 -0.5
684 5.833333333335923 0.3333333333331024 -0.5
685 5.666666666671084 0.4166666666665512 -0.5
686 5.666666666670015 0.3333333333331312 -0.5
687 6.000000000001434 0.3333333333331024 -0.5
688 6.000000000002105 0.4166666666665512 -0.5
689 5.83333333333653 0.4166666666665512 -0.5
690 6.333333333329609 -0.4166666666667823 -0.5
691 6.166666666663173 -0.3333333333335645 -0.5
692 6.166666666662502 -0.4166666666667823 -0.5
693 6.499999999996317 -0.4166666666668111 -0.5
694 6.499999999996589 -0.3333333333336223 -0.5
695 6.333333333330153 -0.2500000000004045 -0.5
696 6.166666666663446 -0.2500000000003756 -0.5
697 6.33333333332988 -0.3333333333335934 -0.5
698 6.333333333330825 -0.1666666666671847 -0.5
699 6.166666666664788 -0.08333333333393617 -0.5
700 6.166666666664117 -0.1666666666671559 -0.5
701 6.499999999997132 -0.166666666667242 -0.5
702 6.499999999997404 -0.08333333333405074 -0.5
703 6.333333333331367 -8.021361352916756e-13 -0.5
704 6.166666666665059 -7.448486272210175e-13 -0.5
705 6.333333333331095 -0.08333333333399345 -0.5
706 6.333333333332037 0.08333333333264492 -0.5
707 6.166666666666401 0.1666666666661493 -0.5
708 6.166666666665729 0.08333333333270219 -0.5
709 6.499999999997947 0.08333333333261603 -0.5
710 6.499999999998219 0.1666666666660915 -0.5
711 6.333333333332583 0.2499999999995959 -0.5
712 6.166666666666672 0.2499999999996247 -0.5
713 6.333333333332309 0.1666666666661203 -0.5
714 6.333333333333253 0.3333333333330446 -0.5
715 6.166666666668015 0.4166666666665223 -0.5
716 6.166666666667343 0.3333333333330735 -0.5
717 6.499999999998763 0.3333333333330446 -0.5
718 6.499999999999035 0.4166666666665223 -0.5
719 6.333333333333483 0.4166666666665223 -0.5
720 6.833333333330528 -0.4166666666668111 -0.5
721 6.666666666663695 -0.3333333333336223 -0.5
722 6.666666666663421 -0.4166666666668111 -0.5
723 6.999999999997249 -0.41666666666684 -0.5
724 6.999999999997137 -0.3333333333336801 -0.5
725 6.833333333330303 -0.2500000000004912 -0.5
726 6.666666666663582 -0.2500000000004622 -0.5
727 6.833333333330415 -0.3333333333336512 -0.5
728 6.833333333330574 -0.1666666666672999 -0.5
729 6.666666666664124 -0.08333333333407966 -0.5
730 6.666666666663852 -0.166666666667271 -0.5
731 6.999999999996912 -0.1666666666673572 -0.5
732 6.999999999996799 -0.08333333333419427 -0.5
733 6.83333333333035 -9.740356669378041e-13 -0.5
734 6.666666666664012 -9.167296551500688e-13 -0.5
735 6.83333333333046 -0.08333333333413696 -0.5
736 6.833333333330622 0.08333333333250142 -0.5
737 6.666666666664557 0.1666666666660342 -0.5
738 6.666666666664284 0.08333333333255871 -0.5
739 6.999999999996574 0.08333333333247253 -0.5
740 6.999999999996461 0.1666666666659764 -0.5
741 6.833333333330396 0.2499999999995092 -0.5
742 6.666666666664444 0.2499999999995381 -0.5
743 6.83333333333051 0.1666666666660053 -0.5
744 6.833333333330667 0.3333333333329869 -0.5
745 6.666666666664987 0.4166666666664934 -0.5
746 6.666666666664714 0.3333333333330157 -0.5
747 6.999999999996235 0.3333333333329869 -0.5
748 6.999999999996122 0.4166666666664934 -0.5
749 6.833333333330573 0.4166666666664933 -0.5
750 7.333333333331462 -0.41666666666684 -0.5
751 7.166666666664243 -0.3333333333336801 -0.5
752 7.166666666664356 -0.4166666666668401 -0.5
753 7.499999999998617 -0.4166666666668689 -0.5
754 7.499999999998552 -0.3333333333337379 -0.5
755 7.333333333331334 -0.2500000000005779 -0.5
756 7.166666666664178 -0.250000000000549 -0.5
757 7.333333333331398 -0.3333333333337089 -0.5
758 7.333333333331221 -0.166666666667415 -0.5
759 7.166666666663954 -0.08333333333422316 -0.5
760 7.166666666664067 -0.1666666666673861 -0.5
761 7.499999999998425 -0.1666666666674723 -0.5
762 7.499999999998362 -0.08333333333433773 -0.5
763 7.333333333331095 -1.145916694866855e-12 -0.5
764 7.166666666663891 -1.088629186796197e-12 -0.5
765 7.333333333331158 -0.08333333333428045 -0.5
766 7.333333333330982 0.08333333333235796 -0.5
767 7.166666666663665 0.1666666666659191 -0.5
768 7.166666666663778 0.08333333333241523 -0.5
769 7.499999999998235 0.08333333333232908 -0.5
770 7.499999999998172 0.1666666666658614 -0.5
771 7.333333333330855 0.2499999999994225 -0.5
772 7.166666666663601 0.2499999999994514 -0.5
773 7.333333333330918 0.1666666666658902 -0.5
774 7.333333333330742 0.3333333333329291 -0.5
775 7.166666666663375 0.4166666666664646 -0.5
776 7.166666666663488 0.3333333333329579 -0.5
777 7.499999999998045 0.3333333333329291 -0.5
778 7.499999999997981 0.4166666666664646 -0.5
779 7.333333333330724 0.4166666666664645 -0.5
780 7.833333333332829 -0.4166666666668689 -0.5
781 7.666666666665659 -0.3333333333337379 -0.5
782 7.666666666665722 -0.4166666666668689 -0.5
783 7.833333333332829 -0.2500000000006645 -0.5
784 7.666666666665659 -0.2500000000006357 -0.5
785 7.833333333332829 -0.3333333333337453 -0.5
786 7.833333333332766 -0.16666666666753 -0.5
787 7.666666666665533 -0.0833333333343666 -0.5
788 7.666666666665596 -0.1666666666675011 -0.5
789 7.833333333332766 -1.317816226512984e-12 -0.5
790 7.666666666665533 -1.260510214725248e-12 -0.5
791 7.833333333332765 -0.08333333333442391 -0.5
792 7.833333333332702 0.08333333333221446 -0.5
793 7.666666666665406 0.166666666665804 -0.5
794 7.666666666665469 0.08333333333227175 -0.5
795 7.833333333332702 0.2499999999993359 -0.5
796 7.666666666665406 0.2499999999993648 -0.5
797 7.833333333332703 0.1666666666657752 -0.5
798 7.833333333332639 0.3333333333328713 -0.5
799 7.666666666665279 0.4166666666664356 -0.5
800 7.666666666665343 0.3333333333329002 -0.5
801 7.833333333332628 0.4166666666664355 -0.5
802 0.4999999999997577 -0.2499999999993937 0.5
803 0.5000000000005322 1.203231958513129e-12 0.5
804 0.5000000000013067 0.2500000000006066 0.5
805 0.9999999999996789 -0.2499999999994803 0.5
806 1.000000000001174 1.031341678725539e-12 0.5
807 1.000000000002668 0.25000000000052 0.5
808 1.499999999999121 -0.249999999999567 0.5
809 1.500000000001495 8.594513989379493e-13 0.5
810 1.500000000003869 0.2500000000004334 0.5
811 1.999999999998547 -0.2499999999996535 0.5
812 2.000000000001805 6.875611191503594e-13 0.5
813 2.000000000005065 0.2500000000003467 0.5
814 2.499999999997973 -0.2499999999997404 0.5
815 2.500000000002117 5.156708393627696e-13 0.5
816 2.500000000006262 0.2500000000002601 0.5
817 2.999999999997398 -0.2499999999998269 0.5
818 3.000000000002428 3.437805595751797e-13 0.5
819 3.000000000007458 0.2500000000001734 0.5
820 3.499999999996823 -0.2499999999999135 0.5
821 3.500000000002738 1.718902797875899e-13 0.5
822 3.500000000008653 0.2500000000000868 0.5
823 3.999999999996271 -0.2500000000000002 0.5
824 4.000000000003006 0 0.5
825 4.000000000009741 0.2500000000000002 0.5
826 4.499999999996371 -0.2500000000000869 0.5
827 4.500000000001974 -1.719180353632055e-13 0.5
828 4.500000000007579 0.2499999999999135 0.5
829 4.999999999996493 -0.2500000000001735 0.5
830 5.0000000000009 -3.437805595751797e-13 0.5
831 5.000000000005305 0.2499999999998269 0.5
832 5.499999999996614 -0.2500000000002602 0.5
833 5.499999999999827 -5.15643083787154e-13 0.5
834 5.500000000003034 0.2499999999997403 0.5
835 5.999999999996738 -0.2500000000003467 0.5
836 5.999999999998752 -6.875611191503594e-13 0.5
837 6.000000000000763 0.2499999999996536 0.5
838 6.499999999996861 -0.2500000000004333 0.5
839 6.499999999997675 -8.594236433623337e-13 0.5
840 6.499999999998492 0.249999999999567 0.5
841 6.999999999997024 -0.2500000000005201 0.5
842 6.999999999996687 -1.031341678725539e-12 0.5
843 6.999999999996348 0.2499999999994803 0.5
844 7.499999999998488 -0.2500000000006068 0.5
845 7.499999999998299 -1.203204202937513e-12 0.5
846 7.499999999998108 0.2499999999993937 0.5
847 0.3333333333326556 -0.4166666666664357 0.5
848 0.1666666666663278 -0.3333333333328714 0.5
849 0.1666666666663465 -0.4166666666664356 0.5
850 0.4999999999992414 -0.4166666666664646 0.5
851 0.4999999999994996 -0.3333333333329291 0.5
852 0.3333333333331718 -0.2499999999993648 0.5
853 0.1666666666665859 -0.2499999999993359 0.5
854 0.3333333333329137 -0.3333333333329003 0.5
855 0.3333333333331718 -0.1666666666658041 0.5
856 0.1666666666665859 -0.08333333333221449 0.5
857 0.1666666666665859 -0.1666666666657752 0.5
858 0.5000000000000159 -0.1666666666658614 0.5
859 0.5000000000002741 -0.08333333333232906 0.5
860 0.3333333333336882 1.260528718442326e-12 0.5
861 0.1666666666668441 1.317825478371522e-12 0.5
862 0.33333333333343 -0.08333333333227178 0.5
863 0.3333333333336882 0.0833333333343666 0.5
864 0.1666666666668441 0.16666666666753 0.5
865 0.1666666666668441 0.08333333333442391 0.5
866 0.5000000000007904 0.08333333333433769 0.5
867 0.5000000000010486 0.1666666666674722 0.5
868 0.3333333333342045 0.2500000000006355 0.5
869 0.1666666666671023 0.2500000000006644 0.5
870 0.3333333333339463 0.166666666667501 0.5
871 0.3333333333342045 0.3333333333337377 0.5
872 0.1666666666671023 0.4166666666668689 0.5
873 0.1666666666671023 0.3333333333337453 0.5
874 0.5000000000015649 0.3333333333337377 0.5
875 0.5000000000018229 0.4166666666668689 0.5
876 0.3333333333344625 0.4166666666668689 0.5
877 0.8333333333320425 -0.4166666666664646 0.5
878 0.6666666666659001 -0.3333333333329291 0.5
879 0.6666666666656419 -0.4166666666664645 0.5
880 0.9999999999986829 -0.4166666666664934 0.5
881 0.9999999999991809 -0.3333333333329869 0.5
882 0.8333333333330386 -0.2499999999994514 0.5
883 0.6666666666663982 -0.2499999999994226 0.5
884 0.8333333333325404 -0.3333333333329579 0.5
885 0.8333333333332967 -0.1666666666659191 0.5
886 0.6666666666669145 -0.08333333333235793 0.5
887 0.6666666666666563 -0.1666666666658903 0.5
888 1.000000000000177 -0.1666666666659764 0.5
889 1.000000000000675 -0.08333333333247256 0.5
890 0.8333333333342932 1.088638438654736e-12 0.5
891 0.6666666666674127 1.145935198583932e-12 0.5
892 0.8333333333337949 -0.08333333333241526 0.5
893 0.8333333333345513 0.0833333333342231 0.5
894 0.6666666666679291 0.1666666666674149 0.5
895 0.6666666666676708 0.08333333333428036 0.5
896 1.000000000001672 0.08333333333419424 0.5
897 1.00000000000217 0.1666666666673571 0.5
898 0.8333333333355475 0.2500000000005489 0.5
899 0.6666666666684271 0.2500000000005778 0.5
900 0.8333333333350494 0.166666666667386 0.5
901 0.8333333333358056 0.33333333333368 0.5
902 0.6666666666689434 0.41666666666684 0.5
903 0.6666666666686851 0.3333333333337088 0.5
904 1.000000000003166 0.33333333333368 0.5
905 1.000000000003664 0.41666666666684 0.5
906 0.8333333333363033 0.41666666666684 0.5
907 1.333333333331058 -0.4166666666664934 0.5
908 1.166666666665368 -0.3333333333329869 0.5
909 1.16666666666487 -0.4166666666664933 0.5
910 1.499999999997538 -0.4166666666665223 0.5
911 1.49999999999833 -0.3333333333330447 0.5
912 1.33333333333264 -0.2499999999995381 0.5
913 1.16666666666616 -0.2499999999995092 0.5
914 1.333333333331849 -0.3333333333330157 0.5
915 1.333333333333139 -0.1666666666660342 0.5
916 1.166666666667156 -0.08333333333250142 0.5
917 1.166666666666658 -0.1666666666660053 0.5
918 1.499999999999912 -0.1666666666660915 0.5
919 1.500000000000704 -0.083333333332616 0.5
920 1.333333333334721 9.16748158867146e-13 0.5
921 1.166666666667947 9.740449187963425e-13 0.5
922 1.333333333333929 -0.08333333333255868 0.5
923 1.333333333335219 0.08333333333407963 0.5
924 1.166666666668944 0.1666666666672998 0.5
925 1.166666666668445 0.08333333333413694 0.5
926 1.500000000002286 0.08333333333405077 0.5
927 1.500000000003078 0.1666666666672421 0.5
928 1.333333333336802 0.2500000000004623 0.5
929 1.166666666669735 0.2500000000004912 0.5
930 1.333333333336011 0.1666666666672709 0.5
931 1.3333333333373 0.3333333333336223 0.5
932 1.166666666670731 0.4166666666668111 0.5
933 1.166666666670233 0.3333333333336511 0.5
934 1.50000000000466 0.3333333333336223 0.5
935 1.500000000005452 0.4166666666668111 0.5
936 1.333333333338091 0.4166666666668111 0.5
937 1.833333333329899 -0.4166666666665223 0.5
938 1.66666666666451 -0.3333333333330447 0.5
939 1.666666666663719 -0.4166666666665223 0.5
940 1.999999999996374 -0.4166666666665512 0.5
941 1.99999999999746 -0.3333333333331023 0.5
942 1.833333333332072 -0.2499999999996247 0.5
943 1.666666666665596 -0.2499999999995958 0.5
944 1.833333333330985 -0.3333333333330735 0.5
945 1.833333333332863 -0.1666666666661492 0.5
946 1.666666666667179 -0.08333333333264489 0.5
947 1.666666666666387 -0.1666666666661203 0.5
948 1.999999999999633 -0.1666666666662065 0.5
949 2.000000000000719 -0.08333333333275947 0.5
950 1.833333333335035 7.44857879079556e-13 0.5
951 1.666666666668265 8.021546390087526e-13 0.5
952 1.833333333333949 -0.08333333333270218 0.5
953 1.833333333335827 0.08333333333393618 0.5
954 1.666666666669848 0.1666666666671848 0.5
955 1.666666666669056 0.08333333333399345 0.5
956 2.000000000002892 0.08333333333390727 0.5
957 2.000000000003978 0.166666666667127 0.5
958 1.833333333338 0.2500000000003756 0.5
959 1.666666666670935 0.2500000000004045 0.5
960 1.833333333336913 0.1666666666671559 0.5
961 1.833333333338791 0.3333333333335645 0.5
962 1.666666666672517 0.4166666666667822 0.5
963 1.666666666671726 0.3333333333335933 0.5
964 2.000000000006151 0.3333333333335645 0.5
965 2.000000000007238 0.4166666666667822 0.5
966 1.833333333339877 0.4166666666667822 0.5
967 2.333333333328734 -0.4166666666665512 0.5
968 2.16666666666364 -0.3333333333331023 0.5
969 2.166666666662554 -0.4166666666665511 0.5
970 2.49999999999521 -0.4166666666665801 0.5
971 2.499999999996592 -0.3333333333331603 0.5
972 2.333333333331498 -0.2499999999997114 0.5
973 2.166666666665023 -0.2499999999996824 0.5
974 2.333333333330116 -0.3333333333331313 0.5
975 2.333333333332584 -0.1666666666662644 0.5
976 2.166666666667195 -0.08333333333278842 0.5
977 2.166666666666108 -0.1666666666662354 0.5
978 2.499999999999355 -0.1666666666663217 0.5
979 2.500000000000736 -0.08333333333290305 0.5
980 2.333333333335347 5.729675992919662e-13 0.5
981 2.166666666668576 6.302643592211628e-13 0.5
982 2.333333333333965 -0.08333333333284575 0.5
983 2.333333333336433 0.08333333333379268 0.5
984 2.166666666670749 0.1666666666670697 0.5
985 2.166666666669663 0.08333333333384996 0.5
986 2.500000000003499 0.08333333333376382 0.5
987 2.50000000000488 0.166666666667012 0.5
988 2.333333333339196 0.250000000000289 0.5
989 2.166666666672131 0.2500000000003179 0.5
990 2.333333333337814 0.1666666666670408 0.5
991 2.333333333340283 0.3333333333335067 0.5
992 2.166666666674303 0.4166666666667533 0.5
993 2.166666666673216 0.3333333333335355 0.5
994 2.500000000007643 0.3333333333335067 0.5
995 2.500000000009024 0.4166666666667533 0.5
996 2.333333333341664 0.4166666666667533 0.5
997 2.83333333332757 -0.4166666666665801 0.5
998 2.666666666662772 -0.3333333333331603 0.5
999 2.66666666666139 -0.4166666666665801 0.5
1000 2.999999999994045 -0.416666666666609 0.5
1001 2.999999999995722 -0.333333333333218 0.5
1002 2.833333333330923 -0.2499999999997981 0.5
1003 2.666666666664448 -0.2499999999997692 0.5
1004 2.833333333329247 -0.3333333333331892 0.5
1005 2.833333333332305 -0.1666666666663794 0.5
1006 2.666666666667211 -0.08333333333293186 0.5
1007 2.666666666665829 -0.1666666666663506 0.5
1008 2.999999999999075 -0.1666666666664367 0.5
1009 3.000000000000751 -0.08333333333304646 0.5
1010 2.833333333335658 4.010773195043763e-13 0.5
1011 2.666666666668887 4.583740794335729e-13 0.5
1012 2.833333333333981 -0.08333333333298915 0.5
1013 2.833333333337039 0.08333333333364923 0.5
1014 2.666666666671651 0.1666666666669547 0.5
1015 2.666666666670269 0.08333333333370654 0.5
1016 3.000000000004104 0.08333333333362032 0.5
1017 3.000000000005781 0.1666666666668969 0.5
1018 2.833333333340392 0.2500000000002023 0.5
1019 2.666666666673327 0.2500000000002312 0.5
1020 2.833333333338716 0.1666666666669258 0.5
1021 2.833333333341774 0.3333333333334489 0.5
1022 2.66666666667609 0.4166666666667245 0.5
1023 2.666666666674709 0.3333333333334778 0.5
1024 3.000000000009134 0.3333333333334489 0.5
1025 3.00000000001081 0.4166666666667245 0.5
1026 2.833333333343449 0.4166666666667245 0.5
1027 3.333333333326405 -0.416666666666609 0.5
1028 3.166666666661902 -0.333333333333218 0.5
1029 3.166666666660225 -0.416666666666609 0.5
1030 3.49999999999288 -0.4166666666666379 0.5
1031 3.499999999994852 -0.3333333333332757 0.5
1032 3.333333333330348 -0.2499999999998846 0.5
1033 3.166666666663873 -0.2499999999998558 0.5
1034 3.333333333328377 -0.3333333333332468 0.5
1035 3.333333333332025 -0.1666666666664944 0.5
1036 3.166666666667227 -0.08333333333307533 0.5
1037 3.16666666666555 -0.1666666666664655 0.5
1038 3.499999999998795 -0.1666666666665517 0.5
1039 3.500000000000766 -0.08333333333318993 0.5
1040 3.333333333335968 2.291870397167864e-13 0.5
1041 3.166666666669198 2.864837996459831e-13 0.5
1042 3.333333333333996 -0.08333333333313261 0.5
1043 3.333333333337645 0.08333333333350573 0.5
1044 3.166666666672551 0.1666666666668396 0.5
1045 3.166666666670874 0.08333333333356302 0.5
1046 3.50000000000471 0.08333333333347687 0.5
1047 3.500000000006681 0.1666666666667818 0.5
1048 3.333333333341588 0.2500000000001157 0.5
1049 3.166666666674522 0.2500000000001446 0.5
1050 3.333333333339616 0.1666666666668107 0.5
1051 3.333333333343264 0.3333333333333912 0.5
1052 3.166666666677875 0.4166666666666956 0.5
1053 3.166666666676199 0.33333333333342 0.5
1054 3.500000000010624 0.3333333333333912 0.5
1055 3.500000000012596 0.4166666666666956 0.5
1056 3.333333333345236 0.4166666666666955 0.5
1057 3.833333333325299 -0.4166666666666379 0.5
1058 3.666666666661061 -0.3333333333332757 0.5
1059 3.666666666659089 -0.4166666666666379 0.5
1060 3.999999999991781 -0.4166666666666667 0.5
1061 3.999999999994026 -0.3333333333333335 0.5
1062 3.833333333329788 -0.2499999999999713 0.5
1063 3.666666666663306 -0.2499999999999424 0.5
1064 3.833333333327543 -0.3333333333333046 0.5
1065 3.83333333333176 -0.1666666666666095 0.5
1066 3.666666666667249 -0.0833333333332188 0.5
1067 3.666666666665277 -0.1666666666665806 0.5
1068 3.999999999998516 -0.1666666666666668 0.5
1069 4.000000000000761 -0.0833333333333334 0.5
1070 3.83333333333625 5.729675992919661e-14 0.5
1071 3.666666666669494 1.145935198583932e-13 0.5
1072 3.833333333334005 -0.08333333333327611 0.5
1073 3.833333333338222 0.08333333333336226 0.5
1074 3.666666666673437 0.1666666666667245 0.5
1075 3.666666666671465 0.08333333333341955 0.5
1076 4.000000000005251 0.0833333333333334 0.5
1077 4.000000000007496 0.1666666666666668 0.5
1078 3.833333333342711 0.2500000000000291 0.5
1079 3.666666666675682 0.250000000000058 0.5
1080 3.833333333340466 0.1666666666666957 0.5
1081 3.833333333344683 0.3333333333333335 0.5
1082 3.666666666679625 0.4166666666666667 0.5
1083 3.666666666677653 0.3333333333333623 0.5
1084 4.000000000011986 0.3333333333333335 0.5
1085 4.00000000001423 0.4166666666666667 0.5
1086 3.833333333346927 0.4166666666666666 0.5
1087 4.333333333325935 -0.4166666666666667 0.5
1088 4.166666666661103 -0.3333333333333335 0.5
1089 4.166666666658857 -0.4166666666666668 0.5
1090 4.499999999992636 -0.4166666666666956 0.5
1091 4.499999999994503 -0.3333333333333913 0.5
1092 4.333333333329671 -0.250000000000058 0.5
1093 4.16666666666297 -0.2500000000000291 0.5
1094 4.333333333327802 -0.3333333333333623 0.5
1095 4.333333333331916 -0.1666666666667246 0.5
1096 4.166666666667461 -0.08333333333336229 0.5
1097 4.166666666665216 -0.1666666666666957 0.5
1098 4.499999999998239 -0.1666666666667819 0.5
1099 4.500000000000107 -0.08333333333347692 0.5
1100 4.333333333335652 -1.146120235754703e-13 0.5
1101 4.166666666669329 -5.730601178773517e-14 0.5
1102 4.333333333333784 -0.08333333333341959 0.5
1103 4.333333333337896 0.0833333333332188 0.5
1104 4.166666666673819 0.1666666666666095 0.5
1105 4.166666666671573 0.08333333333327608 0.5
1106 4.500000000003842 0.08333333333318989 0.5
1107 4.500000000005711 0.1666666666665517 0.5
1108 4.333333333341633 0.2499999999999424 0.5
1109 4.166666666675686 0.2499999999999713 0.5
1110 4.333333333339764 0.1666666666665806 0.5
1111 4.333333333343877 0.3333333333332756 0.5
1112 4.166666666680177 0.4166666666666378 0.5
1113 4.166666666677932 0.3333333333333045 0.5
1114 4.500000000009446 0.3333333333332756 0.5
1115 4.500000000011314 0.4166666666666378 0.5
1116 4.333333333345754 0.4166666666666378 0.5
1117 4.833333333326848 -0.4166666666666956 0.5
1118 4.66666666666161 -0.3333333333333913 0.5
1119 4.666666666659742 -0.4166666666666956 0.5
1120 4.999999999993555 -0.4166666666667245 0.5
1121 4.999999999995024 -0.3333333333334491 0.5
1122 4.833333333329786 -0.2500000000001447 0.5
1123 4.666666666663078 -0.2500000000001157 0.5
1124 4.833333333328317 -0.3333333333334201 0.5
1125 4.833333333331653 -0.1666666666668397 0.5
1126 4.666666666666814 -0.08333333333350579 0.5
1127 4.666666666664946 -0.1666666666668108 0.5
1128 4.999999999997962 -0.1666666666668969 0.5
1129 4.999999999999431 -0.08333333333362036 0.5
1130 4.833333333334592 -2.864930515045216e-13 0.5
1131 4.666666666668283 -2.292055434338636e-13 0.5
1132 4.833333333333123 -0.08333333333356306 0.5
1133 4.833333333336459 0.08333333333307531 0.5
1134 4.666666666672019 0.1666666666664944 0.5
1135 4.666666666670151 0.0833333333331326 0.5
1136 5.000000000002368 0.08333333333304643 0.5
1137 5.000000000003837 0.1666666666664366 0.5
1138 4.833333333339397 0.2499999999998558 0.5
1139 4.666666666673487 0.2499999999998846 0.5
1140 4.833333333337928 0.1666666666664655 0.5
1141 4.833333333341264 0.3333333333332179 0.5
1142 4.666666666677222 0.416666666666609 0.5
1143 4.666666666675355 0.3333333333332468 0.5
1144 5.000000000006774 0.3333333333332179 0.5
1145 5.000000000008243 0.416666666666609 0.5
1146 4.833333333342743 0.416666666666609 0.5
1147 5.333333333327769 -0.4166666666667245 0.5
1148 5.16666666666213 -0.3333333333334491 0.5
1149 5.166666666660662 -0.4166666666667245 0.5
1150 5.499999999994476 -0.4166666666667534 0.5
1151 5.499999999995545 -0.3333333333335068 0.5
1152 5.333333333329907 -0.2500000000002313 0.5
1153 5.1666666666632 -0.2500000000002024 0.5
1154 5.333333333328836 -0.3333333333334778 0.5
1155 5.333333333331376 -0.1666666666669547 0.5
1156 5.166666666666138 -0.08333333333364926 0.5
1157 5.166666666664669 -0.1666666666669258 0.5
1158 5.499999999997685 -0.166666666667012 0.5
1159 5.499999999998756 -0.08333333333376383 0.5
1160 5.333333333333518 -4.583555757164959e-13 0.5
1161 5.166666666667209 -4.010680676458378e-13 0.5
1162 5.333333333332447 -0.08333333333370654 0.5
1163 5.333333333334986 0.08333333333293186 0.5
1164 5.166666666670146 0.1666666666663794 0.5
1165 5.166666666668677 0.08333333333298916 0.5
1166 5.500000000000896 0.08333333333290299 0.5
1167 5.500000000001965 0.1666666666663216 0.5
1168 5.333333333337125 0.2499999999997691 0.5
1169 5.166666666671214 0.249999999999798 0.5
1170 5.333333333336055 0.1666666666663505 0.5
1171 5.333333333338594 0.3333333333331602 0.5
1172 5.166666666674153 0.4166666666665801 0.5
1173 5.166666666672683 0.333333333333189 0.5
1174 5.500000000004104 0.3333333333331602 0.5
1175 5.500000000005174 0.4166666666665801 0.5
1176 5.333333333339645 0.4166666666665801 0.5
1177 5.833333333328688 -0.4166666666667534 0.5
1178 5.666666666662652 -0.3333333333335068 0.5
1179 5.666666666661581 -0.4166666666667533 0.5
1180 5.999999999995396 -0.4166666666667823 0.5
1181 5.999999999996067 -0.3333333333335645 0.5
1182 5.83333333333003 -0.2500000000003179 0.5
1183 5.666666666663322 -0.250000000000289 0.5
1184 5.833333333329359 -0.3333333333335357 0.5
1185 5.833333333331101 -0.1666666666670697 0.5
1186 5.666666666665463 -0.08333333333379267 0.5
1187 5.666666666664392 -0.1666666666670408 0.5
1188 5.999999999997409 -0.166666666667127 0.5
1189 5.999999999998081 -0.0833333333339073 0.5
1190 5.833333333332444 -6.302551073626242e-13 0.5
1191 5.666666666666135 -5.729490955748892e-13 0.5
1192 5.833333333331772 -0.08333333333384998 0.5
1193 5.833333333333512 0.08333333333278838 0.5
1194 5.666666666668274 0.1666666666662643 0.5
1195 5.666666666667204 0.08333333333284568 0.5
1196 5.999999999999423 0.0833333333327595 0.5
1197 6.000000000000092 0.1666666666662066 0.5
1198 5.833333333334854 0.2499999999996825 0.5
1199 5.666666666668943 0.2499999999997114 0.5
1200 5.833333333334183 0.1666666666662354 0.5
1201 5.833333333335923 0.3333333333331024 0.5
1202 5.666666666671084 0.4166666666665512 0.5
1203 5.666666666670015 0.3333333333331312 0.5
1204 6.000000000001434 0.3333333333331024 0.5
1205 6.000000000002105 0.4166666666665512 0.5
1206 5.83333333333653 0.4166666666665512 0.5
1207 6.333333333329609 -0.4166666666667823 0.5
1208 6.166666666663173 -0.3333333333335645 0.5
1209 6.166666666662502 -0.4166666666667823 0.5
1210 6.499999999996317 -0.4166666666668111 0.5
1211 6.499999999996589 -0.3333333333336223 0.5
1212 6.333333333330153 -0.2500000000004045 0.5
1213 6.166666666663446 -0.2500000000003756 0.5
1214 6.33333333332988 -0.3333333333335934 0.5
1215 6.333333333330825 -0.1666666666671847 0.5
1216 6.166666666664788 -0.08333333333393617 0.5
1217 6.166666666664117 -0.1666666666671559 0.5
1218 6.499999999997132 -0.166666666667242 0.5
1219 6.499999999997404 -0.08333333333405074 0.5
1220 6.333333333331367 -8.021361352916756e-13 0.5
1221 6.166666666665059 -7.448486272210175e-13 0.5
1222 6.333333333331095 -0.08333333333399345 0.5
1223 6.333333333332037 0.08333333333264492 0.5
1224 6.166666666666401 0.1666666666661493 0.5
1225 6.166666666665729 0.08333333333270219 0.5
1226 6.499999999997947 0.08333333333261603 0.5
1227 6.499999999998219 0.1666666666660915 0.5
1228 6.333333333332583 0.2499999999995959 0.5
1229 6.166666666666672 0.2499999999996247 0.5
1230 6.333333333332309 0.1666666666661203 0.5
1231 6.333333333333253 0.3333333333330446 0.5
1232 6.166666666668015 0.4166666666665223 0.5
1233 6.166666666667343 0.3333333333330735 0.5
1234 6.499999999998763 0.3333333333330446 0.5
1235 6.499999999999035 0.4166666666665223 0.5
1236 6.333333333333483 0.4166666666665223 0.5
1237 6.833333333330528 -0.4166666666668111 0.5
1238 6.666666666663695 -0.3333333333336223 0.5
1239 6.666666666663421 -0.4166666666668111 0.5
1240 6.999999999997249 -0.41666666666684 0.5
1241 6.999999999997137 -0.3333333333336801 0.5
1242 6.833333333330303 -0.2500000000004912 0.5
1243 6.666666666663582 -0.2500000000004622 0.5
1244 6.833333333330415 -0.3333333333336512 0.5
1245 6.833333333330574 -0.1666666666672999 0.5
1246 6.666666666664124 -0.08333333333407966 0.5
1247 6.666666666663852 -0.166666666667271 0.5
1248 6.999999999996912 -0.1666666666673572 0.5
1249 6.999999999996799 -0.08333333333419427 0.5
1250 6.83333333333035 -9.740356669378041e-13 0.5
1251 6.666666666664012 -9.167296551500688e-13 0.5
1252 6.83333333333046 -0.08333333333413696 0.5
1253 6.833333333330622 0.08333333333250142 0.5
1254 6.666666666664557 0.1666666666660342 0.5
1255 6.666666666664284 0.08333333333255871 0.5
1256 6.999999999996574 0.08333333333247253 0.5
1257 6.999999999996461 0.1666666666659764 0.5
1258 6.833333333330396 0.2499999999995092 0.5
1259 6.666666666664444 0.2499999999995381 0.5
1260 6.83333333333051 0.1666666666660053 0.5
1261 6.833333333330667 0.3333333333329869 0.5
1262 6.666666666664987 0.4166666666664934 0.5
1263 6.666666666664714 0.3333333333330157 0.5
1264 6.999999999996235 0.3333333333329869 0.5
1265 6.999999999996122 0.4166666666664934 0.5
1266 6.833333333330573 0.4166666666664933 0.5
1267 7.333333333331462 -0.41666666666684 0.5
1268 7.166666666664243 -0.3333333333336801 0.5
1269 7.166666666664356 -0.4166666666668401 0.5
1270 7.499999999998617 -0.4166666666668689 0.5
1271 7.499999999998552 -0.3333333333337379 0.5
1272 7.333333333331334 -0.2500000000005779 0.5
1273 7.166666666664178 -0.250000000000549 0.5
1274 7.333333333331398 -0.3333333333337089 0.5
1275 7.333333333331221 -0.166666666667415 0.5
1276 7.166666666663954 -0.08333333333422316 0.5
1277 7.166666666664067 -0.1666666666673861 0.5
1278 7.499999999998425 -0.1666666666674723 0.5
1279 7.499999999998362 -0.08333333333433773 0.5
1280 7.333333333331095 -1.145916694866855e-12 0.5
1281 7.166666666663891 -1.088629186796197e-12 0.5
1282 7.333333333331158 -0.08333333333428045 0.5
1283 7.333333333330982 0.08333333333235796 0.5
1284 7.166666666663665 0.1666666666659191 0.5
1285 7.166666666663778 0.08333333333241523 0.5
1286 7.499999999998235 0.08333333333232908 0.5
1287 7.499999999998172 0.1666666666658614 0.5
1288 7.333333333330855 0.2499999999994225 0.5
1289 7.166666666663601 0.2499999999994514 0.5
1290 7.333333333330918 0.1666666666658902 0.5
1291 7.333333333330742 0.3333333333329291 0.5
1292 7.166666666663375 0.4166666666664646 0.5
1293 7.166666666663488 0.3333333333329579 0.5
1294 7.499999999998045 0.3333333333329291 0.5
1295 7.499999999997981 0.4166666666664646 0.5
1296 7.333333333330724 0.4166666666664645 0.5
1297 7.833333333332829 -0.4166666666668689 0.5
1298 7.666666666665659 -0.3333333333337379 0.5
1299 7.666666666665722 -0.4166666666668689 0.5
1300 7.833333333332829 -0.2500000000006645 0.5
1301 7.666666666665659 -0.2500000000006357 0.5
1302 7.833333333332829 -0.3333333333337453 0.5
1303 7.833333333332766 -0.16666666666753 0.5
1304 7.666666666665533 -0.0833333333343666 0.5
1305 7.666666666665596 -0.1666666666675011 0.5
1306 7.833333333332766 -1.317816226512984e-12 0.5
1307 7.666666666665533 -1.260510214725248e-12 0.5
1308 7.833333333332765 -0.08333333333442391 0.5
1309 7.833333333332702 0.08333333333221446 0.5
1310 7.666666666665406 0.166666666665804 0.5
1311 7.666666666665469 0.08333333333227175 0.5
1312 7.833333333332702 0.2499999999993359 0.5
1313 7.666666666665406 0.2499999999993648 0.5
1314 7.833333333332703 0.1666666666657752 0.5
1315 7.833333333332639 0.3333333333328713 0.5
1316 7.666666666665279 0.4166666666664356 0.5
1317 7.666666666665343 0.3333333333329002 0.5
1318 7.833333333332628 0.4166666666664355 0.5
1319 0.4999999999989833 -0.5 -0.2500000000006933
1320 0.4999999999989833 -0.5 -1.375122238300719e-12
1321 0.4999999999989833 -0.5 0.249999999999307
1322 0.9999999999981849 -0.5 -0.2500000000006933
1323 0.999999999998185 -0.5 -1.375122238300719e-12
1324 0.999999999998185 -0.5 0.249999999999307
1325 1.499999999996747 -0.5 -0.2500000000006933
1326 1.499999999996747 -0.5 -1.375122238300719e-12
1327 1.499999999996747 -0.5 0.249999999999307
1328 1.999999999995288 -0.5 -0.2500000000006933
1329 1.999999999995288 -0.5 -1.375122238300719e-12
1330 1.999999999995287 -0.5 0.249999999999307
1331 2.499999999993828 -0.5 -0.2500000000006933
1332 2.499999999993828 -0.5 -1.375122238300719e-12
1333 2.499999999993828 -0.5 0.249999999999307
1334 2.999999999992369 -0.5 -0.2500000000006933
1335 2.999999999992369 -0.5 -1.375094482725103e-12
1336 2.999999999992369 -0.5 0.249999999999307
1337 3.499999999990909 -0.5 -0.2500000000006933
1338 3.49999999999091 -0.5 -1.375149993876335e-12
1339 3.499999999990908 -0.5 0.249999999999307
1340 3.999999999989536 -0.5 -0.2500000000006933
1341 3.999999999989537 -0.5 -1.375122238300719e-12
1342 3.999999999989536 -0.5 0.249999999999307
1343 4.499999999990768 -0.5 -0.2500000000006933
1344 4.499999999990768 -0.5 -1.375122238300719e-12
1345 4.499999999990768 -0.5 0.249999999999307
1346 4.999999999992087 -0.5 -0.2500000000006933
1347 4.999999999992087 -0.5 -1.375136116088527e-12
1348 4.999999999992087 -0.5 0.249999999999307
1349 5.499999999993404 -0.5 -0.2500000000006933
1350 5.499999999993406 -0.5 -1.375108360512911e-12
1351 5.499999999993406 -0.5 0.249999999999307
1352 5.999999999994726 -0.5 -0.2500000000006934
1353 5.999999999994723 -0.5 -1.375122238300719e-12
1354 5.999999999994725 -0.5 0.249999999999307
1355 6.499999999996044 -0.5 -0.2500000000006933
1356 6.499999999996044 -0.5 -1.375129177194623e-12
1357 6.499999999996044 -0.5 0.249999999999307
1358 6.999999999997364 -0.5 -0.2500000000006933
1359 6.999999999997362 -0.5 -1.375136116088527e-12
1360 6.999999999997362 -0.5 0.249999999999307
1361 7.499999999998681 -0.5 -0.2500000000006933
1362 7.499999999998681 -0.5 -1.375115299406815e-12
1363 7.499999999998682 -0.5 0.249999999999307
1364 0.3333333333326556 -0.5 -0.4166666666668978
1365 0.1666666666663278 -0.5 -0.3333333333337956
1366 0.1666666666663465 -0.5 -0.4166666666668763
1367 0.4999999999989833 -0.5 -0.4166666666668978
1368 0.4999999999989833 -0.5 -0.3333333333337956
1369 0.3333333333326556 -0.5 -0.2500000000006933
1370 0.1666666666663278 -0.5 -0.2500000000006933
1371 0.3333333333326556 -0.5 -0.3333333333337954
1372 0.3333333333326556 -0.5 -0.1666666666675873
1373 0.1666666666663278 -0.5 -0.0833333333344812
1374 0.1666666666663278 -0.5 -0.1666666666675873
1375 0.4999999999989833 -0.5 -0.1666666666675873
1376 0.4999999999989833 -0.5 -0.0833333333344812
1377 0.3333333333326555 -0.5 -1.375122238300719e-12
1378 0.1666666666663278 -0.5 -1.375122238300719e-12
1379 0.3333333333326556 -0.5 -0.08333333333448122
1380 0.3333333333326555 -0.5 0.08333333333218558
1381 0.1666666666663278 -0.5 0.1666666666657463
1382 0.1666666666663278 -0.5 0.08333333333218562
1383 0.4999999999989833 -0.5 0.08333333333218558
1384 0.4999999999989833 -0.5 0.1666666666657463
1385 0.3333333333326556 -0.5 0.249999999999307
1386 0.1666666666663278 -0.5 0.249999999999307
1387 0.3333333333326556 -0.5 0.1666666666657463
1388 0.3333333333326556 -0.5 0.3333333333328713
1389 0.1666666666663278 -0.5 0.4166666666664356
1390 0.1666666666663278 -0.5 0.3333333333328712
1391 0.4999999999989833 -0.5 0.3333333333328713
1392 0.4999999999989833 -0.5 0.4166666666664356
1393 0.3333333333326743 -0.5 0.4166666666664356
1394 0.8333333333317844 -0.5 -0.4166666666668978
1395 0.6666666666653839 -0.5 -0.3333333333337956
1396 0.6666666666653838 -0.5 -0.4166666666668977
1397 0.9999999999981849 -0.5 -0.4166666666668978
1398 0.9999999999981849 -0.5 -0.3333333333337956
1399 0.8333333333317844 -0.5 -0.2500000000006933
1400 0.6666666666653839 -0.5 -0.2500000000006933
1401 0.8333333333317843 -0.5 -0.3333333333337954
1402 0.8333333333317844 -0.5 -0.1666666666675873
1403 0.6666666666653838 -0.5 -0.0833333333344812
1404 0.6666666666653838 -0.5 -0.1666666666675873
1405 0.9999999999981849 -0.5 -0.1666666666675873
1406 0.999999999998185 -0.5 -0.0833333333344812
1407 0.8333333333317845 -0.5 -1.375122238300719e-12
1408 0.6666666666653839 -0.5 -1.375122238300719e-12
1409 0.8333333333317845 -0.5 -0.08333333333448122
1410 0.8333333333317845 -0.5 0.08333333333218558
1411 0.6666666666653839 -0.5 0.1666666666657463
1412 0.666666666665384 -0.5 0.08333333333218559
1413 0.999999999998185 -0.5 0.08333333333218558
1414 0.999999999998185 -0.5 0.1666666666657463
1415 0.8333333333317845 -0.5 0.249999999999307
1416 0.6666666666653839 -0.5 0.249999999999307
1417 0.8333333333317843 -0.5 0.1666666666657463
1418 0.8333333333317845 -0.5 0.3333333333328713
1419 0.6666666666653839 -0.5 0.4166666666664356
1420 0.6666666666653839 -0.5 0.3333333333328713
1421 0.999999999998185 -0.5 0.3333333333328713
1422 0.9999999999981849 -0.5 0.4166666666664356
1423 0.8333333333317843 -0.5 0.4166666666664356
1424 1.33333333333056 -0.5 -0.4166666666668978
1425 1.166666666664372 -0.5 -0.3333333333337956
1426 1.166666666664372 -0.5 -0.4166666666668977
1427 1.499999999996747 -0.5 -0.4166666666668978
1428 1.499999999996747 -0.5 -0.3333333333337956
1429 1.33333333333056 -0.5 -0.2500000000006933
1430 1.166666666664372 -0.5 -0.2500000000006933
1431 1.33333333333056 -0.5 -0.3333333333337954
1432 1.33333333333056 -0.5 -0.1666666666675873
1433 1.166666666664372 -0.5 -0.0833333333344812
1434 1.166666666664372 -0.5 -0.1666666666675873
1435 1.499999999996747 -0.5 -0.1666666666675873
1436 1.499999999996747 -0.5 -0.0833333333344812
1437 1.33333333333056 -0.5 -1.375122238300719e-12
1438 1.166666666664372 -0.5 -1.375122238300719e-12
1439 1.33333333333056 -0.5 -0.08333333333448122
1440 1.33333333333056 -0.5 0.08333333333218558
1441 1.166666666664372 -0.5 0.1666666666657463
1442 1.166666666664372 -0.5 0.08333333333218558
1443 1.499999999996747 -0.5 0.08333333333218558
1444 1.499999999996747 -0.5 0.1666666666657463
1445 1.33333333333056 -0.5 0.249999999999307
1446 1.166666666664372 -0.5 0.249999999999307
1447 1.33333333333056 -0.5 0.1666666666657463
1448 1.33333333333056 -0.5 0.3333333333328713
1449 1.166666666664372 -0.5 0.4166666666664356
1450 1.166666666664372 -0.5 0.3333333333328713
1451 1.499999999996747 -0.5 0.3333333333328713
1452 1.499999999996747 -0.5 0.4166666666664356
1453 1.33333333333056 -0.5 0.4166666666664356
1454 1.833333333329107 -0.5 -0.4166666666668978
1455 1.666666666662927 -0.5 -0.3333333333337956
1456 1.666666666662927 -0.5 -0.4166666666668977
1457 1.999999999995288 -0.5 -0.4166666666668978
1458 1.999999999995288 -0.5 -0.3333333333337956
1459 1.833333333329107 -0.5 -0.2500000000006933
1460 1.666666666662927 -0.5 -0.2500000000006933
1461 1.833333333329107 -0.5 -0.3333333333337954
1462 1.833333333329107 -0.5 -0.1666666666675873
1463 1.666666666662927 -0.5 -0.0833333333344812
1464 1.666666666662927 -0.5 -0.1666666666675873
1465 1.999999999995288 -0.5 -0.1666666666675873
1466 1.999999999995288 -0.5 -0.0833333333344812
1467 1.833333333329108 -0.5 -1.375122238300719e-12
1468 1.666666666662927 -0.5 -1.375122238300719e-12
1469 1.833333333329108 -0.5 -0.08333333333448122
1470 1.833333333329108 -0.5 0.08333333333218558
1471 1.666666666662927 -0.5 0.1666666666657463
1472 1.666666666662927 -0.5 0.08333333333218558
1473 1.999999999995288 -0.5 0.08333333333218558
1474 1.999999999995287 -0.5 0.1666666666657463
1475 1.833333333329107 -0.5 0.249999999999307
1476 1.666666666662927 -0.5 0.249999999999307
1477 1.833333333329107 -0.5 0.1666666666657463
1478 1.833333333329107 -0.5 0.3333333333328713
1479 1.666666666662927 -0.5 0.4166666666664356
1480 1.666666666662927 -0.5 0.3333333333328713
1481 1.999999999995287 -0.5 0.3333333333328713
1482 1.999999999995287 -0.5 0.4166666666664356
1483 1.833333333329107 -0.5 0.4166666666664356
1484 2.333333333327648 -0.5 -0.4166666666668978
1485 2.166666666661468 -0.5 -0.3333333333337956
1486 2.166666666661467 -0.5 -0.4166666666668977
1487 2.499999999993828 -0.5 -0.4166666666668978
1488 2.499999999993828 -0.5 -0.3333333333337956
1489 2.333333333327648 -0.5 -0.2500000000006933
1490 2.166666666661468 -0.5 -0.2500000000006933
1491 2.333333333327647 -0.5 -0.3333333333337954
1492 2.333333333327648 -0.5 -0.1666666666675873
1493 2.166666666661468 -0.5 -0.0833333333344812
1494 2.166666666661468 -0.5 -0.1666666666675873
1495 2.499999999993828 -0.5 -0.1666666666675873
1496 2.499999999993828 -0.5 -0.0833333333344812
1497 2.333333333327648 -0.5 -1.375122238300719e-12
1498 2.166666666661468 -0.5 -1.375122238300719e-12
1499 2.333333333327648 -0.5 -0.08333333333448122
1500 2.333333333327648 -0.5 0.08333333333218558
1501 2.166666666661468 -0.5 0.1666666666657463
1502 2.166666666661468 -0.5 0.08333333333218558
1503 2.499999999993828 -0.5 0.08333333333218558
1504 2.499999999993828 -0.5 0.1666666666657463
1505 2.333333333327648 -0.5 0.249999999999307
1506 2.166666666661468 -0.5 0.249999999999307
1507 2.333333333327647 -0.5 0.1666666666657463
1508 2.333333333327648 -0.5 0.3333333333328713
1509 2.166666666661468 -0.5 0.4166666666664356
1510 2.166666666661467 -0.5 0.3333333333328713
1511 2.499999999993828 -0.5 0.3333333333328713
1512 2.499999999993828 -0.5 0.4166666666664356
1513 2.333333333327647 -0.5 0.4166666666664356
1514 2.833333333326189 -0.5 -0.4166666666668978
1515 2.666666666660008 -0.5 -0.3333333333337956
1516 2.666666666660008 -0.5 -0.4166666666668977
1517 2.999999999992369 -0.5 -0.4166666666668978
1518 2.999999999992369 -0.5 -0.3333333333337956
1519 2.833333333326189 -0.5 -0.2500000000006933
1520 2.666666666660008 -0.5 -0.2500000000006933
1521 2.833333333326188 -0.5 -0.3333333333337954
1522 2.833333333326189 -0.5 -0.1666666666675873
1523 2.666666666660008 -0.5 -0.0833333333344812
1524 2.666666666660008 -0.5 -0.1666666666675873
1525 2.999999999992369 -0.5 -0.1666666666675873
1526 2.999999999992369 -0.5 -0.08333333333448117
1527 2.833333333326189 -0.5 -1.375103734583642e-12
1528 2.666666666660008 -0.5 -1.37511298644218e-12
1529 2.833333333326188 -0.5 -0.0833333333344812
1530 2.833333333326189 -0.5 0.08333333333218561
1531 2.666666666660008 -0.5 0.1666666666657463
1532 2.666666666660008 -0.5 0.08333333333218559
1533 2.999999999992369 -0.5 0.08333333333218561
1534 2.999999999992369 -0.5 0.1666666666657463
1535 2.833333333326189 -0.5 0.249999999999307
1536 2.666666666660008 -0.5 0.249999999999307
1537 2.833333333326188 -0.5 0.1666666666657463
1538 2.833333333326189 -0.5 0.3333333333328713
1539 2.666666666660008 -0.5 0.4166666666664356
1540 2.666666666660008 -0.5 0.3333333333328713
1541 2.999999999992369 -0.5 0.3333333333328713
1542 2.999999999992369 -0.5 0.4166666666664356
1543 2.833333333326188 -0.5 0.4166666666664356
1544 3.333333333324729 -0.5 -0.4166666666668978
1545 3.166666666658549 -0.5 -0.3333333333337956
1546 3.166666666658548 -0.5 -0.4166666666668977
1547 3.499999999990909 -0.5 -0.4166666666668978
1548 3.499999999990909 -0.5 -0.3333333333337956
1549 3.333333333324729 -0.5 -0.2500000000006933
1550 3.166666666658549 -0.5 -0.2500000000006933
1551 3.333333333324728 -0.5 -0.3333333333337956
1552 3.333333333324729 -0.5 -0.1666666666675872
1553 3.166666666658549 -0.5 -0.08333333333448117
1554 3.166666666658548 -0.5 -0.1666666666675872
1555 3.499999999990909 -0.5 -0.1666666666675872
1556 3.499999999990909 -0.5 -0.0833333333344812
1557 3.33333333332473 -0.5 -1.375131490159258e-12
1558 3.166666666658549 -0.5 -1.37511298644218e-12
1559 3.333333333324729 -0.5 -0.08333333333448117
1560 3.33333333332473 -0.5 0.08333333333218555
1561 3.166666666658549 -0.5 0.1666666666657463
1562 3.166666666658549 -0.5 0.08333333333218557
1563 3.499999999990909 -0.5 0.08333333333218555
1564 3.499999999990909 -0.5 0.1666666666657463
1565 3.333333333324728 -0.5 0.249999999999307
1566 3.166666666658549 -0.5 0.249999999999307
1567 3.333333333324729 -0.5 0.1666666666657463
1568 3.333333333324728 -0.5 0.3333333333328713
1569 3.166666666658549 -0.5 0.4166666666664356
1570 3.166666666658549 -0.5 0.3333333333328713
1571 3.499999999990909 -0.5 0.3333333333328713
1572 3.499999999990909 -0.5 0.4166666666664356
1573 3.333333333324729 -0.5 0.4166666666664356
1574 3.833333333323328 -0.5 -0.4166666666668978
1575 3.666666666657118 -0.5 -0.3333333333337956
1576 3.666666666657118 -0.5 -0.4166666666668978
1577 3.999999999989536 -0.5 -0.4166666666668978
1578 3.999999999989536 -0.5 -0.3333333333337956
1579 3.833333333323327 -0.5 -0.2500000000006933
1580 3.666666666657118 -0.5 -0.2500000000006933
1581 3.833333333323327 -0.5 -0.3333333333337954
1582 3.833333333323327 -0.5 -0.1666666666675873
1583 3.666666666657119 -0.5 -0.08333333333448123
1584 3.666666666657118 -0.5 -0.1666666666675872
1585 3.999999999989536 -0.5 -0.1666666666675873
1586 3.999999999989537 -0.5 -0.0833333333344812
1587 3.833333333323328 -0.5 -1.375131490159258e-12
1588 3.666666666657119 -0.5 -1.375140742017796e-12
1589 3.833333333323328 -0.5 -0.08333333333448123
1590 3.833333333323328 -0.5 0.08333333333218558
1591 3.666666666657118 -0.5 0.1666666666657463
1592 3.666666666657118 -0.5 0.08333333333218555
1593 3.999999999989537 -0.5 0.08333333333218558
1594 3.999999999989537 -0.5 0.1666666666657463
1595 3.833333333323327 -0.5 0.249999999999307
1596 3.666666666657118 -0.5 0.249999999999307
1597 3.833333333323327 -0.5 0.1666666666657463
1598 3.833333333323327 -0.5 0.3333333333328714
1599 3.666666666657118 -0.5 0.4166666666664357
1600 3.666666666657117 -0.5 0.3333333333328713
1601 3.999999999989536 -0.5 0.3333333333328714
1602 3.999999999989537 -0.5 0.4166666666664357
1603 3.833333333323327 -0.5 0.4166666666664357
1604 4.333333333323691 -0.5 -0.4166666666668978
1605 4.166666666656614 -0.5 -0.3333333333337956
1606 4.166666666656613 -0.5 -0.4166666666668977
1607 4.499999999990768 -0.5 -0.4166666666668978
1608 4.499999999990768 -0.5 -0.3333333333337956
1609 4.333333333323691 -0.5 -0.2500000000006933
1610 4.166666666656614 -0.5 -0.2500000000006933
1611 4.333333333323692 -0.5 -0.3333333333337954
1612 4.333333333323691 -0.5 -0.1666666666675873
1613 4.166666666656615 -0.5 -0.0833333333344812
1614 4.166666666656614 -0.5 -0.1666666666675873
1615 4.499999999990768 -0.5 -0.1666666666675873
1616 4.499999999990768 -0.5 -0.0833333333344812
1617 4.333333333323691 -0.5 -1.375122238300719e-12
1618 4.166666666656615 -0.5 -1.375122238300719e-12
1619 4.333333333323692 -0.5 -0.08333333333448122
1620 4.333333333323691 -0.5 0.08333333333218558
1621 4.166666666656614 -0.5 0.1666666666657463
1622 4.166666666656614 -0.5 0.08333333333218558
1623 4.499999999990768 -0.5 0.08333333333218558
1624 4.499999999990768 -0.5 0.1666666666657463
1625 4.333333333323691 -0.5 0.249999999999307
1626 4.166666666656614 -0.5 0.249999999999307
1627 4.33333333332369 -0.5 0.1666666666657463
1628 4.333333333323691 -0.5 0.3333333333328713
1629 4.166666666656614 -0.5 0.4166666666664356
1630 4.166666666656614 -0.5 0.3333333333328714
1631 4.499999999990768 -0.5 0.3333333333328713
1632 4.499999999990768 -0.5 0.4166666666664356
1633 4.33333333332369 -0.5 0.4166666666664356
1634 4.833333333324981 -0.5 -0.4166666666668978
1635 4.666666666657875 -0.5 -0.3333333333337956
1636 4.666666666657875 -0.5 -0.4166666666668977
1637 4.999999999992087 -0.5 -0.4166666666668978
1638 4.999999999992087 -0.5 -0.3333333333337956
1639 4.833333333324981 -0.5 -0.2500000000006933
1640 4.666666666657875 -0.5 -0.2500000000006933
1641 4.833333333324981 -0.5 -0.3333333333337954
1642 4.833333333324981 -0.5 -0.1666666666675873
1643 4.666666666657875 -0.5 -0.0833333333344812
1644 4.666666666657874 -0.5 -0.1666666666675873
1645 4.999999999992087 -0.5 -0.1666666666675873
1646 4.999999999992087 -0.5 -0.0833333333344812
1647 4.833333333324981 -0.5 -1.375131490159258e-12
1648 4.666666666657875 -0.5 -1.375126864229988e-12
1649 4.833333333324981 -0.5 -0.08333333333448122
1650 4.833333333324981 -0.5 0.08333333333218557
1651 4.666666666657875 -0.5 0.1666666666657463
1652 4.666666666657874 -0.5 0.08333333333218555
1653 4.999999999992087 -0.5 0.08333333333218557
1654 4.999999999992087 -0.5 0.1666666666657463
1655 4.833333333324981 -0.5 0.249999999999307
1656 4.666666666657875 -0.5 0.249999999999307
1657 4.833333333324981 -0.5 0.1666666666657463
1658 4.833333333324981 -0.5 0.3333333333328713
1659 4.666666666657875 -0.5 0.4166666666664356
1660 4.666666666657874 -0.5 0.3333333333328713
1661 4.999999999992087 -0.5 0.3333333333328713
1662 4.999999999992087 -0.5 0.4166666666664356
1663 4.833333333324981 -0.5 0.4166666666664356
1664 5.3333333333263 -0.5 -0.4166666666668978
1665 5.166666666659194 -0.5 -0.3333333333337956
1666 5.166666666659194 -0.5 -0.4166666666668977
1667 5.499999999993405 -0.5 -0.4166666666668978
1668 5.499999999993405 -0.5 -0.3333333333337956
1669 5.333333333326299 -0.5 -0.2500000000006933
1670 5.166666666659193 -0.5 -0.2500000000006933
1671 5.333333333326299 -0.5 -0.3333333333337954
1672 5.333333333326299 -0.5 -0.1666666666675873
1673 5.166666666659193 -0.5 -0.0833333333344812
1674 5.166666666659193 -0.5 -0.1666666666675873
1675 5.499999999993405 -0.5 -0.1666666666675873
1676 5.499999999993405 -0.5 -0.0833333333344812
1677 5.3333333333263 -0.5 -1.37511761237145e-12
1678 5.166666666659194 -0.5 -1.375126864229988e-12
1679 5.333333333326299 -0.5 -0.0833333333344812
1680 5.3333333333263 -0.5 0.08333333333218559
1681 5.166666666659194 -0.5 0.1666666666657463
1682 5.166666666659194 -0.5 0.08333333333218558
1683 5.499999999993406 -0.5 0.08333333333218559
1684 5.499999999993406 -0.5 0.1666666666657463
1685 5.3333333333263 -0.5 0.249999999999307
1686 5.166666666659194 -0.5 0.249999999999307
1687 5.3333333333263 -0.5 0.1666666666657463
1688 5.3333333333263 -0.5 0.3333333333328713
1689 5.166666666659194 -0.5 0.4166666666664356
1690 5.166666666659194 -0.5 0.3333333333328713
1691 5.499999999993406 -0.5 0.3333333333328713
1692 5.499999999993406 -0.5 0.4166666666664356
1693 5.3333333333263 -0.5 0.4166666666664356
1694 5.833333333327618 -0.5 -0.4166666666668978
1695 5.666666666660511 -0.5 -0.3333333333337956
1696 5.666666666660512 -0.5 -0.4166666666668977
1697 5.999999999994725 -0.5 -0.4166666666668978
1698 5.999999999994726 -0.5 -0.3333333333337957
1699 5.833333333327618 -0.5 -0.2500000000006934
1700 5.666666666660512 -0.5 -0.2500000000006934
1701 5.833333333327619 -0.5 -0.3333333333337956
1702 5.833333333327619 -0.5 -0.1666666666675873
1703 5.666666666660513 -0.5 -0.08333333333448123
1704 5.666666666660512 -0.5 -0.1666666666675873
1705 5.999999999994725 -0.5 -0.1666666666675873
1706 5.999999999994724 -0.5 -0.08333333333448123
1707 5.833333333327618 -0.5 -1.37511761237145e-12
1708 5.666666666660512 -0.5 -1.37511298644218e-12
1709 5.833333333327619 -0.5 -0.08333333333448123
1710 5.833333333327618 -0.5 0.08333333333218558
1711 5.666666666660512 -0.5 0.1666666666657463
1712 5.666666666660512 -0.5 0.08333333333218558
1713 5.999999999994724 -0.5 0.08333333333218558
1714 5.999999999994724 -0.5 0.1666666666657463
1715 5.833333333327618 -0.5 0.249999999999307
1716 5.666666666660513 -0.5 0.249999999999307
1717 5.833333333327618 -0.5 0.1666666666657463
1718 5.833333333327618 -0.5 0.3333333333328713
1719 5.666666666660513 -0.5 0.4166666666664356
1720 5.666666666660512 -0.5 0.3333333333328713
1721 5.999999999994725 -0.5 0.3333333333328713
1722 5.999999999994725 -0.5 0.4166666666664356
1723 5.833333333327619 -0.5 0.4166666666664356
1724 6.333333333328938 -0.5 -0.4166666666668978
1725 6.166666666661832 -0.5 -0.3333333333337957
1726 6.166666666661833 -0.5 -0.4166666666668978
1727 6.499999999996044 -0.5 -0.4166666666668978
1728 6.499999999996044 -0.5 -0.3333333333337956
1729 6.333333333328938 -0.5 -0.2500000000006933
1730 6.166666666661832 -0.5 -0.2500000000006934
1731 6.333333333328939 -0.5 -0.3333333333337956
1732 6.333333333328937 -0.5 -0.1666666666675872
1733 6.16666666666183 -0.5 -0.08333333333448117
1734 6.166666666661831 -0.5 -0.1666666666675873
1735 6.499999999996044 -0.5 -0.1666666666675872
1736 6.499999999996044 -0.5 -0.08333333333448117
1737 6.333333333328937 -0.5 -1.375126864229988e-12
1738 6.16666666666183 -0.5 -1.375124551265354e-12
1739 6.333333333328937 -0.5 -0.08333333333448115
1740 6.333333333328937 -0.5 0.08333333333218557
1741 6.166666666661832 -0.5 0.1666666666657463
1742 6.166666666661831 -0.5 0.08333333333218557
1743 6.499999999996044 -0.5 0.08333333333218557
1744 6.499999999996044 -0.5 0.1666666666657463
1745 6.333333333328937 -0.5 0.249999999999307
1746 6.166666666661832 -0.5 0.249999999999307
1747 6.333333333328937 -0.5 0.1666666666657463
1748 6.333333333328937 -0.5 0.3333333333328713
1749 6.166666666661832 -0.5 0.4166666666664356
1750 6.166666666661832 -0.5 0.3333333333328713
1751 6.499999999996044 -0.5 0.3333333333328713
1752 6.499999999996044 -0.5 0.4166666666664356
1753 6.333333333328939 -0.5 0.4166666666664356
1754 6.833333333330256 -0.5 -0.4166666666668978
1755 6.66666666666315 -0.5 -0.3333333333337956
1756 6.66666666666315 -0.5 -0.4166666666668978
1757 6.999999999997363 -0.5 -0.4166666666668978
1758 6.999999999997363 -0.5 -0.3333333333337956
1759 6.833333333330257 -0.5 -0.2500000000006933
1760 6.666666666663151 -0.5 -0.2500000000006933
1761 6.833333333330256 -0.5 -0.3333333333337954
1762 6.833333333330257 -0.5 -0.1666666666675873
1763 6.666666666663151 -0.5 -0.0833333333344812
1764 6.66666666666315 -0.5 -0.1666666666675872
1765 6.999999999997363 -0.5 -0.1666666666675873
1766 6.999999999997363 -0.5 -0.0833333333344812
1767 6.833333333330256 -0.5 -1.375133803123892e-12
1768 6.66666666666315 -0.5 -1.375131490159258e-12
1769 6.833333333330256 -0.5 -0.08333333333448122
1770 6.833333333330256 -0.5 0.08333333333218557
1771 6.66666666666315 -0.5 0.1666666666657463
1772 6.66666666666315 -0.5 0.08333333333218554
1773 6.999999999997362 -0.5 0.08333333333218557
1774 6.999999999997362 -0.5 0.1666666666657463
1775 6.833333333330256 -0.5 0.249999999999307
1776 6.66666666666315 -0.5 0.249999999999307
1777 6.833333333330255 -0.5 0.1666666666657463
1778 6.833333333330256 -0.5 0.3333333333328713
1779 6.66666666666315 -0.5 0.4166666666664356
1780 6.66666666666315 -0.5 0.3333333333328713
1781 6.999999999997362 -0.5 0.3333333333328713
1782 6.999999999997362 -0.5 0.4166666666664356
1783 6.833333333330255 -0.5 0.4166666666664356
1784 7.333333333331575 -0.5 -0.4166666666668978
1785 7.16666666666447 -0.5 -0.3333333333337956
1786 7.166666666664469 -0.5 -0.4166666666668977
1787 7.499999999998681 -0.5 -0.4166666666668978
1788 7.499999999998681 -0.5 -0.3333333333337956
1789 7.333333333331575 -0.5 -0.2500000000006933
1790 7.16666666666447 -0.5 -0.2500000000006933
1791 7.333333333331575 -0.5 -0.3333333333337954
1792 7.333333333331574 -0.5 -0.1666666666675873
1793 7.166666666664469 -0.5 -0.0833333333344812
1794 7.166666666664469 -0.5 -0.1666666666675873
1795 7.499999999998681 -0.5 -0.1666666666675873
1796 7.499999999998681 -0.5 -0.0833333333344812
1797 7.333333333331574 -0.5 -1.375122238300719e-12
1798 7.166666666664469 -0.5 -1.375129177194623e-12
1799 7.333333333331575 -0.5 -0.0833333333344812
1800 7.333333333331574 -0.5 0.08333333333218559
1801 7.166666666664469 -0.5 0.1666666666657463
1802 7.166666666664468 -0.5 0.08333333333218557
1803 7.499999999998681 -0.5 0.08333333333218559
1804 7.499999999998682 -0.5 0.1666666666657463
1805 7.333333333331575 -0.5 0.249999999999307
1806 7.166666666664469 -0.5 0.249999999999307
1807 7.333333333331575 -0.5 0.1666666666657463
1808 7.333333333331575 -0.5 0.3333333333328714
1809 7.166666666664469 -0.5 0.4166666666664357
1810 7.16666666666447 -0.5 0.3333333333328714
1811 7.499999999998682 -0.5 0.3333333333328714
1812 7.499999999998681 -0.5 0.4166666666664357
1813 7.333333333331575 -0.5 0.4166666666664357
1814 7.833333333332893 -0.5 -0.4166666666668978
1815 7.666666666665788 -0.5 -0.3333333333337956
1816 7.666666666665786 -0.5 -0.4166666666668977
1817 7.833333333332893 -0.5 -0.2500000000006933
1818 7.666666666665788 -0.5 -0.2500000000006933
1819 7.833333333332893 -0.5 -0.3333333333337741
1820 7.833333333332893 -0.5 -0.1666666666675873
1821 7.666666666665788 -0.5 -0.0833333333344812
1822 7.666666666665786 -0.5 -0.1666666666675873
1823 7.833333333332893 -0.5 -1.375119925336084e-12
1824 7.666666666665788 -0.5 -1.37511761237145e-12
1825 7.833333333332893 -0.5 -0.08333333333448123
1826 7.833333333332894 -0.5 0.08333333333218558
1827 7.666666666665788 -0.5 0.1666666666657463
1828 7.666666666665786 -0.5 0.08333333333218557
1829 7.833333333332894 -0.5 0.249999999999307
1830 7.666666666665788 -0.5 0.249999999999307
1831 7.833333333332893 -0.5 0.1666666666657463
1832 7.833333333332893 -0.5 0.3333333333328713
1833 7.666666666665788 -0.5 0.4166666666664356
1834 7.666666666665786 -0.5 0.3333333333328714
1835 7.833333333332893 -0.5 0.4166666666664355
1836 8 -0.2500000000006933 -0.2500000000006933
1837 8 -0.2500000000006933 -1.375122238300719e-12
1838 8 -0.2500000000006933 0.249999999999307
1839 8 -1.375122238300719e-12 -0.2500000000006933
1840 8 -1.375122238300719e-12 -1.375122238300719e-12
1841 8 -1.375122238300719e-12 0.249999999999307
1842 8 0.249999999999307 -0.2500000000006933
1843 8 0.249999999999307 -1.375122238300719e-12
1844 8 0.249999999999307 0.249999999999307
1845 8 -0.3333333333337956 -0.4166666666668978
1846 8 -0.4166666666668978 -0.3333333333337956
1847 8 -0.4166666666668764 -0.4166666666668763
1848 8 -0.2500000000006933 -0.4166666666668978
1849 8 -0.2500000000006933 -0.3333333333337956
1850 8 -0.3333333333337956 -0.2500000000006933
1851 8 -0.4166666666668978 -0.2500000000006933
1852 8 -0.3333333333337955 -0.3333333333337954
1853 8 -0.3333333333337956 -0.1666666666675873
1854 8 -0.4166666666668978 -0.0833333333344812
1855 8 -0.4166666666668977 -0.1666666666675873
1856 8 -0.2500000000006933 -0.1666666666675873
1857 8 -0.2500000000006933 -0.0833333333344812
1858 8 -0.3333333333337956 -1.375122238300719e-12
1859 8 -0.4166666666668978 -1.375122238300719e-12
1860 8 -0.3333333333337955 -0.08333333333448122
1861 8 -0.3333333333337956 0.08333333333218558
1862 8 -0.4166666666668978 0.1666666666657463
1863 8 -0.4166666666668977 0.08333333333218562
1864 8 -0.2500000000006933 0.08333333333218558
1865 8 -0.2500000000006933 0.1666666666657463
1866 8 -0.3333333333337956 0.249999999999307
1867 8 -0.4166666666668978 0.249999999999307
1868 8 -0.3333333333337955 0.1666666666657463
1869 8 -0.3333333333337956 0.3333333333328713
1870 8 -0.4166666666668978 0.4166666666664356
1871 8 -0.4166666666668977 0.3333333333328713
1872 8 -0.2500000000006933 0.3333333333328713
1873 8 -0.2500000000006933 0.4166666666664356
1874 8 -0.3333333333337741 0.4166666666664356
1875 8 -0.08333333333448119 -0.4166666666668978
1876 8 -0.1666666666675873 -0.3333333333337956
1877 8 -0.1666666666675873 -0.4166666666668977
1878 8 -1.375122238300719e-12 -0.4166666666668978
1879 8 -1.375122238300719e-12 -0.3333333333337956
1880 8 -0.08333333333448119 -0.2500000000006933
1881 8 -0.1666666666675873 -0.2500000000006933
1882 8 -0.0833333333344812 -0.3333333333337954
1883 8 -0.08333333333448119 -0.1666666666675873
1884 8 -0.1666666666675873 -0.0833333333344812
1885 8 -0.1666666666675873 -0.1666666666675873
1886 8 -1.375122238300719e-12 -0.1666666666675873
1887 8 -1.375122238300719e-12 -0.0833333333344812
1888 8 -0.08333333333448119 -1.375122238300719e-12
1889 8 -0.1666666666675873 -1.375122238300719e-12
1890 8 -0.0833333333344812 -0.08333333333448122
1891 8 -0.08333333333448119 0.08333333333218558
1892 8 -0.1666666666675873 0.1666666666657463
1893 8 -0.1666666666675873 0.08333333333218558
1894 8 -1.375122238300719e-12 0.08333333333218558
1895 8 -1.375122238300719e-12 0.1666666666657463
1896 8 -0.08333333333448119 0.249999999999307
1897 8 -0.1666666666675873 0.249999999999307
1898 8 -0.0833333333344812 0.1666666666657463
1899 8 -0.08333333333448119 0.3333333333328713
1900 8 -0.1666666666675873 0.4166666666664356
1901 8 -0.1666666666675873 0.3333333333328713
1902 8 -1.375122238300719e-12 0.3333333333328713
1903 8 -1.375122238300719e-12 0.4166666666664356
1904 8 -0.08333333333448122 0.4166666666664356
1905 8 0.1666666666657463 -0.4166666666668978
1906 8 0.08333333333218559 -0.3333333333337956
1907 8 0.08333333333218562 -0.4166666666668977
1908 8 0.249999999999307 -0.4166666666668978
1909 8 0.249999999999307 -0.3333333333337956
1910 8 0.1666666666657463 -0.2500000000006933
1911 8 0.08333333333218559 -0.2500000000006933
1912 8 0.1666666666657463 -0.3333333333337954
1913 8 0.1666666666657463 -0.1666666666675873
1914 8 0.08333333333218559 -0.0833333333344812
1915 8 0.08333333333218559 -0.1666666666675873
1916 8 0.249999999999307 -0.1666666666675873
1917 8 0.249999999999307 -0.0833333333344812
1918 8 0.1666666666657463 -1.375122238300719e-12
1919 8 0.08333333333218562 -1.375122238300719e-12
1920 8 0.1666666666657463 -0.08333333333448122
1921 8 0.1666666666657463 0.08333333333218558
1922 8 0.08333333333218562 0.1666666666657463
1923 8 0.08333333333218562 0.08333333333218558
1924 8 0.249999999999307 0.08333333333218558
1925 8 0.249999999999307 0.1666666666657463
1926 8 0.1666666666657463 0.249999999999307
1927 8 0.08333333333218559 0.249999999999307
1928 8 0.1666666666657463 0.1666666666657463
1929 8 0.1666666666657463 0.3333333333328713
1930 8 0.08333333333218559 0.4166666666664356
1931 8 0.08333333333218559 0.3333333333328713
1932 8 0.249999999999307 0.3333333333328713
1933 8 0.249999999999307 0.4166666666664356
1934 8 0.1666666666657463 0.4166666666664356
1935 8 0.4166666666664357 -0.4166666666668978
1936 8 0.3333333333328714 -0.3333333333337956
1937 8 0.3333333333328713 -0.4166666666668977
1938 8 0.4166666666664357 -0.2500000000006933
1939 8 0.3333333333328714 -0.2500000000006933
1940 8 0.4166666666664357 -0.3333333333337741
1941 8 0.4166666666664357 -0.1666666666675873
1942 8 0.3333333333328714 -0.0833333333344812
1943 8 0.3333333333328714 -0.1666666666675873
1944 8 0.4166666666664357 -1.375122238300719e-12
1945 8 0.3333333333328714 -1.375122238300719e-12
1946 8 0.4166666666664357 -0.08333333333448123
1947 8 0.4166666666664357 0.08333333333218558
1948 8 0.3333333333328714 0.1666666666657463
1949 8 0.3333333333328714 0.08333333333218558
1950 8 0.4166666666664357 0.249999999999307
1951 8 0.3333333333328714 0.249999999999307
1952 8 0.4166666666664357 0.1666666666657463
1953 8 0.4166666666664357 0.3333333333328713
1954 8 0.3333333333328714 0.4166666666664356
1955 8 0.3333333333328714 0.3333333333328713
1956 8 0.4166666666664356 0.4166666666664355
1957 7.499999999997918 0.5 -0.2500000000006933
1958 7.499999999997918 0.5 -1.375122238300719e-12
1959 7.499999999997918 0.5 0.249999999999307
1960 6.999999999996009 0.5 -0.2500000000006933
1961 6.999999999996009 0.5 -1.375122238300719e-12
1962 6.99999999999601 0.5 0.249999999999307
1963 6.499999999999305 0.5 -0.2500000000006933
1964 6.499999999999305 0.5 -1.375122238300719e-12
1965 6.499999999999305 0.5 0.249999999999307
1966 6.000000000002776 0.5 -0.2500000000006933
1967 6.000000000002776 0.5 -1.375122238300719e-12
1968 6.000000000002776 0.5 0.249999999999307
1969 5.500000000006244 0.5 -0.2500000000006933
1970 5.500000000006244 0.5 -1.375122238300719e-12
1971 5.500000000006244 0.5 0.249999999999307
1972 5.000000000009712 0.5 -0.2500000000006933
1973 5.000000000009712 0.5 -1.375122238300719e-12
1974 5.000000000009712 0.5 0.249999999999307
1975 4.500000000013181 0.5 -0.2500000000006933
1976 4.500000000013181 0.5 -1.375122238300719e-12
1977 4.500000000013181 0.5 0.249999999999307
1978 4.000000000016476 0.5 -0.2500000000006933
1979 4.000000000016476 0.5 -1.375122238300719e-12
1980 4.000000000016476 0.5 0.249999999999307
1981 3.500000000014568 0.5 -0.2500000000006933
1982 3.500000000014568 0.5 -1.375122238300719e-12
1983 3.500000000014568 0.5 0.249999999999307
1984 3.000000000012487 0.5 -0.2500000000006933
1985 3.000000000012487 0.5 -1.375136116088527e-12
1986 3.000000000012487 0.5 0.249999999999307
1987 2.500000000010405 0.5 -0.2500000000006934
1988 2.500000000010406 0.5 -1.375108360512911e-12
1989 2.500000000010406 0.5 0.249999999999307
1990 2.000000000008324 0.5 -0.2500000000006933
1991 2.000000000008324 0.5 -1.375122238300719e-12
1992 2.000000000008324 0.5 0.249999999999307
1993 1.500000000006243 0.5 -0.2500000000006933
1994 1.500000000006243 0.5 -1.375129177194623e-12
1995 1.500000000006243 0.5 0.249999999999307
1996 1.000000000004162 0.5 -0.2500000000006933
1997 1.000000000004162 0.5 -1.375136116088527e-12
1998 1.000000000004162 0.5 0.249999999999307
1999 0.500000000002081 0.5 -0.2500000000006933
2000 0.500000000002081 0.5 -1.375115299406815e-12
2001 0.500000000002081 0.5 0.249999999999307
2002 7.833333333332639 0.5 -0.3333333333337956
2003 7.666666666665279 0.5 -0.4166666666668978
2004 7.833333333332627 0.5 -0.4166666666668764
2005 7.833333333332639 0.5 -0.2500000000006933
2006 7.666666666665279 0.5 -0.2500000000006933
2007 7.499999999997918 0.5 -0.3333333333337956
2008 7.499999999997918 0.5 -0.4166666666668978
2009 7.666666666665278 0.5 -0.3333333333337954
2010 7.833333333332639 0.5 -0.08333333333448119
2011 7.666666666665279 0.5 -0.1666666666675873
2012 7.833333333332638 0.5 -0.1666666666675873
2013 7.833333333332639 0.5 -1.375122238300719e-12
2014 7.666666666665279 0.5 -1.375122238300719e-12
2015 7.499999999997918 0.5 -0.08333333333448119
2016 7.499999999997918 0.5 -0.1666666666675873
2017 7.666666666665278 0.5 -0.08333333333448117
2018 7.833333333332639 0.5 0.1666666666657463
2019 7.666666666665279 0.5 0.08333333333218559
2020 7.833333333332638 0.5 0.08333333333218562
2021 7.833333333332639 0.5 0.249999999999307
2022 7.666666666665279 0.5 0.249999999999307
2023 7.499999999997918 0.5 0.1666666666657463
2024 7.499999999997918 0.5 0.08333333333218559
2025 7.666666666665278 0.5 0.1666666666657463
2026 7.833333333332639 0.5 0.4166666666664357
2027 7.666666666665279 0.5 0.3333333333328714
2028 7.833333333332638 0.5 0.3333333333328713
2029 7.499999999997918 0.5 0.4166666666664357
2030 7.499999999997918 0.5 0.3333333333328714
2031 7.666666666665267 0.5 0.4166666666664357
2032 7.333333333330615 0.5 -0.3333333333337956
2033 7.166666666663312 0.5 -0.4166666666668978
2034 7.333333333330661 0.5 -0.4166666666668977
2035 7.333333333330615 0.5 -0.2500000000006933
2036 7.166666666663311 0.5 -0.2500000000006933
2037 6.999999999996009 0.5 -0.3333333333337956
2038 6.999999999996009 0.5 -0.4166666666668978
2039 7.166666666663311 0.5 -0.3333333333337954
2040 7.333333333330615 0.5 -0.08333333333448119
2041 7.166666666663311 0.5 -0.1666666666675873
2042 7.333333333330614 0.5 -0.1666666666675873
2043 7.333333333330615 0.5 -1.375122238300719e-12
2044 7.166666666663312 0.5 -1.375122238300719e-12
2045 6.999999999996009 0.5 -0.08333333333448119
2046 6.999999999996009 0.5 -0.1666666666675873
2047 7.166666666663311 0.5 -0.08333333333448117
2048 7.333333333330615 0.5 0.1666666666657463
2049 7.166666666663312 0.5 0.08333333333218559
2050 7.333333333330614 0.5 0.08333333333218559
2051 7.333333333330615 0.5 0.249999999999307
2052 7.166666666663313 0.5 0.249999999999307
2053 6.99999999999601 0.5 0.1666666666657463
2054 6.999999999996009 0.5 0.08333333333218557
2055 7.166666666663312 0.5 0.1666666666657463
2056 7.333333333330615 0.5 0.4166666666664357
2057 7.166666666663313 0.5 0.3333333333328714
2058 7.333333333330616 0.5 0.3333333333328714
2059 6.999999999996009 0.5 0.4166666666664357
2060 6.99999999999601 0.5 0.3333333333328714
2061 7.166666666663358 0.5 0.4166666666664357
2062 6.833333333330441 0.5 -0.3333333333337956
2063 6.666666666664873 0.5 -0.4166666666668978
2064 6.83333333333046 0.5 -0.4166666666668977
2065 6.833333333330441 0.5 -0.2500000000006933
2066 6.666666666664873 0.5 -0.2500000000006933
2067 6.499999999999305 0.5 -0.3333333333337956
2068 6.499999999999305 0.5 -0.4166666666668978
2069 6.666666666664872 0.5 -0.3333333333337954
2070 6.833333333330441 0.5 -0.08333333333448119
2071 6.666666666664874 0.5 -0.1666666666675873
2072 6.833333333330442 0.5 -0.1666666666675873
2073 6.833333333330441 0.5 -1.375122238300719e-12
2074 6.666666666664874 0.5 -1.375122238300719e-12
2075 6.499999999999305 0.5 -0.08333333333448119
2076 6.499999999999305 0.5 -0.1666666666675873
2077 6.666666666664874 0.5 -0.08333333333448117
2078 6.833333333330442 0.5 0.1666666666657463
2079 6.666666666664874 0.5 0.08333333333218557
2080 6.833333333330442 0.5 0.08333333333218555
2081 6.833333333330442 0.5 0.249999999999307
2082 6.666666666664874 0.5 0.249999999999307
2083 6.499999999999305 0.5 0.1666666666657463
2084 6.499999999999305 0.5 0.08333333333218559
2085 6.666666666664874 0.5 0.1666666666657463
2086 6.833333333330441 0.5 0.4166666666664357
2087 6.666666666664874 0.5 0.3333333333328714
2088 6.833333333330441 0.5 0.3333333333328714
2089 6.499999999999305 0.5 0.4166666666664357
2090 6.499999999999305 0.5 0.3333333333328714
2091 6.666666666664891 0.5 0.4166666666664357
2092 6.333333333333796 0.5 -0.3333333333337956
2093 6.166666666668286 0.5 -0.4166666666668978
2094 6.333333333333755 0.5 -0.4166666666668977
2095 6.333333333333796 0.5 -0.2500000000006933
2096 6.166666666668286 0.5 -0.2500000000006933
2097 6.000000000002776 0.5 -0.3333333333337956
2098 6.000000000002776 0.5 -0.4166666666668978
2099 6.166666666668286 0.5 -0.3333333333337954
2100 6.333333333333796 0.5 -0.08333333333448119
2101 6.166666666668286 0.5 -0.1666666666675873
2102 6.333333333333796 0.5 -0.1666666666675873
2103 6.333333333333796 0.5 -1.375122238300719e-12
2104 6.166666666668286 0.5 -1.375122238300719e-12
2105 6.000000000002776 0.5 -0.08333333333448119
2106 6.000000000002776 0.5 -0.1666666666675873
2107 6.166666666668286 0.5 -0.08333333333448117
2108 6.333333333333796 0.5 0.1666666666657463
2109 6.166666666668286 0.5 0.08333333333218559
2110 6.333333333333796 0.5 0.08333333333218559
2111 6.333333333333796 0.5 0.249999999999307
2112 6.166666666668286 0.5 0.249999999999307
2113 6.000000000002776 0.5 0.1666666666657463
2114 6.000000000002776 0.5 0.08333333333218559
2115 6.166666666668286 0.5 0.1666666666657463
2116 6.333333333333796 0.5 0.4166666666664357
2117 6.166666666668286 0.5 0.3333333333328714
2118 6.333333333333796 0.5 0.3333333333328714
2119 6.000000000002776 0.5 0.4166666666664357
2120 6.000000000002776 0.5 0.3333333333328714
2121 6.166666666668245 0.5 0.4166666666664357
2122 5.833333333337266 0.5 -0.3333333333337956
2123 5.666666666671754 0.5 -0.4166666666668978
2124 5.833333333337201 0.5 -0.4166666666668977
2125 5.833333333337266 0.5 -0.2500000000006933
2126 5.666666666671754 0.5 -0.2500000000006933
2127 5.500000000006244 0.5 -0.3333333333337956
2128 5.500000000006244 0.5 -0.4166666666668978
2129 5.666666666671754 0.5 -0.3333333333337954
2130 5.833333333337266 0.5 -0.08333333333448119
2131 5.666666666671754 0.5 -0.1666666666675873
2132 5.833333333337266 0.5 -0.1666666666675873
2133 5.833333333337266 0.5 -1.375122238300719e-12
2134 5.666666666671754 0.5 -1.375122238300719e-12
2135 5.500000000006244 0.5 -0.08333333333448119
2136 5.500000000006244 0.5 -0.1666666666675873
2137 5.666666666671754 0.5 -0.08333333333448117
2138 5.833333333337266 0.5 0.1666666666657463
2139 5.666666666671754 0.5 0.08333333333218559
2140 5.833333333337266 0.5 0.08333333333218559
2141 5.833333333337266 0.5 0.249999999999307
2142 5.666666666671754 0.5 0.249999999999307
2143 5.500000000006244 0.5 0.1666666666657463
2144 5.500000000006244 0.5 0.08333333333218559
2145 5.666666666671754 0.5 0.1666666666657463
2146 5.833333333337266 0.5 0.4166666666664357
2147 5.666666666671754 0.5 0.3333333333328714
2148 5.833333333337266 0.5 0.3333333333328714
2149 5.500000000006244 0.5 0.4166666666664357
2150 5.500000000006244 0.5 0.3333333333328714
2151 5.66666666667169 0.5 0.4166666666664357
2152 5.333333333340733 0.5 -0.3333333333337956
2153 5.166666666675223 0.5 -0.4166666666668978
2154 5.333333333340716 0.5 -0.4166666666668977
2155 5.333333333340733 0.5 -0.2500000000006933
2156 5.166666666675223 0.5 -0.2500000000006933
2157 5.000000000009712 0.5 -0.3333333333337956
2158 5.000000000009712 0.5 -0.4166666666668978
2159 5.166666666675222 0.5 -0.3333333333337954
2160 5.333333333340733 0.5 -0.08333333333448119
2161 5.166666666675223 0.5 -0.1666666666675873
2162 5.333333333340733 0.5 -0.1666666666675873
2163 5.333333333340733 0.5 -1.375122238300719e-12
2164 5.166666666675223 0.5 -1.375122238300719e-12
2165 5.000000000009712 0.5 -0.08333333333448119
2166 5.000000000009712 0.5 -0.1666666666675873
2167 5.166666666675222 0.5 -0.08333333333448117
2168 5.333333333340733 0.5 0.1666666666657463
2169 5.166666666675223 0.5 0.08333333333218559
2170 5.333333333340733 0.5 0.08333333333218559
2171 5.333333333340733 0.5 0.249999999999307
2172 5.166666666675223 0.5 0.249999999999307
2173 5.000000000009712 0.5 0.1666666666657463
2174 5.000000000009712 0.5 0.08333333333218559
2175 5.166666666675222 0.5 0.1666666666657463
2176 5.333333333340733 0.5 0.4166666666664357
2177 5.166666666675223 0.5 0.3333333333328714
2178 5.333333333340733 0.5 0.3333333333328714
2179 5.000000000009712 0.5 0.4166666666664357
2180 5.000000000009712 0.5 0.3333333333328714
2181 5.166666666675204 0.5 0.4166666666664357
2182 4.833333333344202 0.5 -0.3333333333337956
2183 4.666666666678691 0.5 -0.4166666666668978
2184 4.833333333344212 0.5 -0.4166666666668977
2185 4.833333333344202 0.5 -0.2500000000006933
2186 4.666666666678691 0.5 -0.2500000000006933
2187 4.500000000013181 0.5 -0.3333333333337956
2188 4.500000000013181 0.5 -0.4166666666668978
2189 4.666666666678691 0.5 -0.3333333333337954
2190 4.833333333344202 0.5 -0.08333333333448119
2191 4.666666666678691 0.5 -0.1666666666675873
2192 4.833333333344201 0.5 -0.1666666666675873
2193 4.833333333344202 0.5 -1.375122238300719e-12
2194 4.666666666678691 0.5 -1.375122238300719e-12
2195 4.500000000013181 0.5 -0.08333333333448119
2196 4.500000000013181 0.5 -0.1666666666675873
2197 4.666666666678691 0.5 -0.08333333333448117
2198 4.833333333344202 0.5 0.1666666666657463
2199 4.666666666678691 0.5 0.08333333333218559
2200 4.833333333344201 0.5 0.08333333333218559
2201 4.833333333344202 0.5 0.249999999999307
2202 4.666666666678691 0.5 0.249999999999307
2203 4.500000000013181 0.5 0.1666666666657463
2204 4.500000000013181 0.5 0.08333333333218559
2205 4.666666666678691 0.5 0.1666666666657463
2206 4.833333333344202 0.5 0.4166666666664357
2207 4.666666666678691 0.5 0.3333333333328714
2208 4.833333333344201 0.5 0.3333333333328714
2209 4.500000000013181 0.5 0.4166666666664357
2210 4.500000000013181 0.5 0.3333333333328714
2211 4.666666666678703 0.5 0.4166666666664357
2212 4.333333333347612 0.5 -0.3333333333337956
2213 4.166666666682044 0.5 -0.4166666666668978
2214 4.333333333347622 0.5 -0.4166666666668977
2215 4.333333333347612 0.5 -0.2500000000006933
2216 4.166666666682044 0.5 -0.2500000000006933
2217 4.000000000016476 0.5 -0.3333333333337956
2218 4.000000000016476 0.5 -0.4166666666668978
2219 4.166666666682043 0.5 -0.3333333333337954
2220 4.333333333347612 0.5 -0.08333333333448119
2221 4.166666666682044 0.5 -0.1666666666675873
2222 4.333333333347611 0.5 -0.1666666666675873
2223 4.333333333347612 0.5 -1.375122238300719e-12
2224 4.166666666682044 0.5 -1.375122238300719e-12
2225 4.000000000016476 0.5 -0.08333333333448119
2226 4.000000000016476 0.5 -0.1666666666675873
2227 4.166666666682043 0.5 -0.08333333333448117
2228 4.333333333347612 0.5 0.1666666666657463
2229 4.166666666682044 0.5 0.08333333333218559
2230 4.333333333347611 0.5 0.08333333333218559
2231 4.333333333347612 0.5 0.249999999999307
2232 4.166666666682044 0.5 0.249999999999307
2233 4.000000000016476 0.5 0.1666666666657463
2234 4.000000000016476 0.5 0.08333333333218559
2235 4.166666666682043 0.5 0.1666666666657463
2236 4.333333333347612 0.5 0.4166666666664357
2237 4.166666666682044 0.5 0.3333333333328714
2238 4.333333333347611 0.5 0.3333333333328714
2239 4.000000000016476 0.5 0.4166666666664357
2240 4.000000000016476 0.5 0.3333333333328714
2241 4.166666666682053 0.5 0.4166666666664357
2242 3.833333333349173 0.5 -0.3333333333337956
2243 3.66666666668187 0.5 -0.4166666666668978
2244 3.833333333349172 0.5 -0.4166666666668977
2245 3.833333333349173 0.5 -0.2500000000006933
2246 3.66666666668187 0.5 -0.2500000000006933
2247 3.500000000014568 0.5 -0.3333333333337956
2248 3.500000000014568 0.5 -0.4166666666668978
2249 3.66666666668187 0.5 -0.3333333333337954
2250 3.833333333349173 0.5 -0.08333333333448119
2251 3.66666666668187 0.5 -0.1666666666675873
2252 3.833333333349173 0.5 -0.1666666666675873
2253 3.833333333349173 0.5 -1.375122238300719e-12
2254 3.66666666668187 0.5 -1.375122238300719e-12
2255 3.500000000014568 0.5 -0.08333333333448119
2256 3.500000000014568 0.5 -0.1666666666675873
2257 3.66666666668187 0.5 -0.08333333333448117
2258 3.833333333349173 0.5 0.1666666666657463
2259 3.66666666668187 0.5 0.08333333333218559
2260 3.833333333349173 0.5 0.08333333333218559
2261 3.833333333349173 0.5 0.249999999999307
2262 3.66666666668187 0.5 0.249999999999307
2263 3.500000000014568 0.5 0.1666666666657463
2264 3.500000000014568 0.5 0.08333333333218559
2265 3.66666666668187 0.5 0.1666666666657463
2266 3.833333333349173 0.5 0.4166666666664357
2267 3.66666666668187 0.5 0.3333333333328714
2268 3.833333333349173 0.5 0.3333333333328714
2269 3.500000000014568 0.5 0.4166666666664357
2270 3.500000000014568 0.5 0.3333333333328714
2271 3.66666666668187 0.5 0.4166666666664357
2272 3.333333333347208 0.5 -0.3333333333337956
2273 3.166666666679847 0.5 -0.4166666666668978
2274 3.333333333347207 0.5 -0.4166666666668977
2275 3.333333333347208 0.5 -0.2500000000006933
2276 3.166666666679847 0.5 -0.2500000000006933
2277 3.000000000012487 0.5 -0.3333333333337956
2278 3.000000000012487 0.5 -0.4166666666668978
2279 3.166666666679848 0.5 -0.3333333333337954
2280 3.333333333347208 0.5 -0.08333333333448119
2281 3.166666666679847 0.5 -0.1666666666675873
2282 3.333333333347208 0.5 -0.1666666666675873
2283 3.333333333347208 0.5 -1.375126864229988e-12
2284 3.166666666679847 0.5 -1.375131490159258e-12
2285 3.000000000012487 0.5 -0.0833333333344812
2286 3.000000000012487 0.5 -0.1666666666675873
2287 3.166666666679848 0.5 -0.0833333333344812
2288 3.333333333347208 0.5 0.1666666666657463
2289 3.166666666679847 0.5 0.08333333333218559
2290 3.333333333347208 0.5 0.08333333333218559
2291 3.333333333347208 0.5 0.249999999999307
2292 3.166666666679847 0.5 0.249999999999307
2293 3.000000000012487 0.5 0.1666666666657463
2294 3.000000000012487 0.5 0.08333333333218559
2295 3.166666666679848 0.5 0.1666666666657463
2296 3.333333333347208 0.5 0.4166666666664357
2297 3.166666666679847 0.5 0.3333333333328714
2298 3.333333333347208 0.5 0.3333333333328714
2299 3.000000000012487 0.5 0.4166666666664357
2300 3.000000000012487 0.5 0.3333333333328714
2301 3.166666666679847 0.5 0.4166666666664357
2302 2.833333333345127 0.5 -0.3333333333337956
2303 2.666666666677766 0.5 -0.4166666666668978
2304 2.833333333345126 0.5 -0.4166666666668977
2305 2.833333333345126 0.5 -0.2500000000006933
2306 2.666666666677766 0.5 -0.2500000000006934
2307 2.500000000010405 0.5 -0.3333333333337956
2308 2.500000000010405 0.5 -0.4166666666668978
2309 2.666666666677766 0.5 -0.3333333333337955
2310 2.833333333345126 0.5 -0.08333333333448122
2311 2.666666666677766 0.5 -0.1666666666675873
2312 2.833333333345126 0.5 -0.1666666666675873
2313 2.833333333345127 0.5 -1.375126864229988e-12
2314 2.666666666677766 0.5 -1.37511761237145e-12
2315 2.500000000010405 0.5 -0.08333333333448119
2316 2.500000000010405 0.5 -0.1666666666675873
2317 2.666666666677766 0.5 -0.08333333333448117
2318 2.833333333345127 0.5 0.1666666666657463
2319 2.666666666677766 0.5 0.08333333333218559
2320 2.833333333345126 0.5 0.08333333333218561
2321 2.833333333345127 0.5 0.249999999999307
2322 2.666666666677766 0.5 0.249999999999307
2323 2.500000000010406 0.5 0.1666666666657463
2324 2.500000000010406 0.5 0.08333333333218559
2325 2.666666666677766 0.5 0.1666666666657463
2326 2.833333333345127 0.5 0.4166666666664357
2327 2.666666666677766 0.5 0.3333333333328714
2328 2.833333333345126 0.5 0.3333333333328714
2329 2.500000000010406 0.5 0.4166666666664357
2330 2.500000000010406 0.5 0.3333333333328714
2331 2.666666666677766 0.5 0.4166666666664357
2332 2.333333333343045 0.5 -0.3333333333337956
2333 2.166666666675684 0.5 -0.4166666666668978
2334 2.333333333343045 0.5 -0.4166666666668977
2335 2.333333333343045 0.5 -0.2500000000006934
2336 2.166666666675684 0.5 -0.2500000000006933
2337 2.000000000008324 0.5 -0.3333333333337956
2338 2.000000000008324 0.5 -0.4166666666668978
2339 2.166666666675684 0.5 -0.3333333333337956
2340 2.333333333343045 0.5 -0.08333333333448117
2341 2.166666666675685 0.5 -0.1666666666675872
2342 2.333333333343045 0.5 -0.1666666666675872
2343 2.333333333343045 0.5 -1.37511298644218e-12
2344 2.166666666675685 0.5 -1.37511761237145e-12
2345 2.000000000008324 0.5 -0.08333333333448119
2346 2.000000000008324 0.5 -0.1666666666675873
2347 2.166666666675685 0.5 -0.08333333333448117
2348 2.333333333343045 0.5 0.1666666666657463
2349 2.166666666675685 0.5 0.08333333333218559
2350 2.333333333343045 0.5 0.08333333333218559
2351 2.333333333343045 0.5 0.249999999999307
2352 2.166666666675685 0.5 0.249999999999307
2353 2.000000000008324 0.5 0.1666666666657463
2354 2.000000000008324 0.5 0.08333333333218557
2355 2.166666666675685 0.5 0.1666666666657463
2356 2.333333333343045 0.5 0.4166666666664357
2357 2.166666666675685 0.5 0.3333333333328714
2358 2.333333333343045 0.5 0.3333333333328714
2359 2.000000000008324 0.5 0.4166666666664357
2360 2.000000000008324 0.5 0.3333333333328714
2361 2.166666666675685 0.5 0.4166666666664357
2362 1.833333333340964 0.5 -0.3333333333337956
2363 1.666666666673603 0.5 -0.4166666666668978
2364 1.833333333340963 0.5 -0.4166666666668977
2365 1.833333333340964 0.5 -0.2500000000006933
2366 1.666666666673604 0.5 -0.2500000000006933
2367 1.500000000006243 0.5 -0.3333333333337956
2368 1.500000000006243 0.5 -0.4166666666668978
2369 1.666666666673603 0.5 -0.3333333333337954
2370 1.833333333340964 0.5 -0.08333333333448119
2371 1.666666666673604 0.5 -0.1666666666675873
2372 1.833333333340963 0.5 -0.1666666666675873
2373 1.833333333340964 0.5 -1.375124551265354e-12
2374 1.666666666673603 0.5 -1.375126864229988e-12
2375 1.500000000006243 0.5 -0.0833333333344812
2376 1.500000000006243 0.5 -0.1666666666675873
2377 1.666666666673603 0.5 -0.08333333333448117
2378 1.833333333340964 0.5 0.1666666666657463
2379 1.666666666673603 0.5 0.08333333333218557
2380 1.833333333340963 0.5 0.08333333333218557
2381 1.833333333340964 0.5 0.249999999999307
2382 1.666666666673603 0.5 0.249999999999307
2383 1.500000000006243 0.5 0.1666666666657463
2384 1.500000000006243 0.5 0.08333333333218559
2385 1.666666666673603 0.5 0.1666666666657463
2386 1.833333333340964 0.5 0.4166666666664357
2387 1.666666666673603 0.5 0.3333333333328714
2388 1.833333333340963 0.5 0.3333333333328714
2389 1.500000000006243 0.5 0.4166666666664357
2390 1.500000000006243 0.5 0.3333333333328714
2391 1.666666666673603 0.5 0.4166666666664357
2392 1.333333333338883 0.5 -0.3333333333337956
2393 1.166666666671523 0.5 -0.4166666666668978
2394 1.333333333338883 0.5 -0.4166666666668977
2395 1.333333333338883 0.5 -0.2500000000006933
2396 1.166666666671523 0.5 -0.2500000000006933
2397 1.000000000004162 0.5 -0.3333333333337956
2398 1.000000000004162 0.5 -0.4166666666668978
2399 1.166666666671523 0.5 -0.3333333333337954
2400 1.333333333338883 0.5 -0.0833333333344812
2401 1.166666666671522 0.5 -0.1666666666675873
2402 1.333333333338883 0.5 -0.1666666666675873
2403 1.333333333338883 0.5 -1.375131490159258e-12
2404 1.166666666671522 0.5 -1.375133803123892e-12
2405 1.000000000004162 0.5 -0.0833333333344812
2406 1.000000000004162 0.5 -0.1666666666675873
2407 1.166666666671522 0.5 -0.08333333333448123
2408 1.333333333338883 0.5 0.1666666666657463
2409 1.166666666671522 0.5 0.08333333333218559
2410 1.333333333338883 0.5 0.08333333333218559
2411 1.333333333338883 0.5 0.249999999999307
2412 1.166666666671522 0.5 0.249999999999307
2413 1.000000000004162 0.5 0.1666666666657463
2414 1.000000000004162 0.5 0.08333333333218559
2415 1.166666666671522 0.5 0.1666666666657463
2416 1.333333333338883 0.5 0.4166666666664357
2417 1.166666666671522 0.5 0.3333333333328714
2418 1.333333333338883 0.5 0.3333333333328714
2419 1.000000000004162 0.5 0.4166666666664357
2420 1.000000000004162 0.5 0.3333333333328714
2421 1.166666666671522 0.5 0.4166666666664357
2422 0.8333333333368017 0.5 -0.3333333333337956
2423 0.6666666666694414 0.5 -0.4166666666668978
2424 0.8333333333368013 0.5 -0.4166666666668977
2425 0.8333333333368017 0.5 -0.2500000000006933
2426 0.6666666666694414 0.5 -0.2500000000006933
2427 0.500000000002081 0.5 -0.3333333333337955
2428 0.500000000002081 0.5 -0.4166666666668978
2429 0.6666666666694414 0.5 -0.3333333333337954
2430 0.8333333333368017 0.5 -0.08333333333448119
2431 0.6666666666694414 0.5 -0.1666666666675872
2432 0.8333333333368016 0.5 -0.1666666666675873
2433 0.8333333333368017 0.5 -1.375129177194623e-12
2434 0.6666666666694414 0.5 -1.375122238300719e-12
2435 0.500000000002081 0.5 -0.08333333333448117
2436 0.500000000002081 0.5 -0.1666666666675872
2437 0.6666666666694414 0.5 -0.08333333333448117
2438 0.8333333333368017 0.5 0.1666666666657463
2439 0.6666666666694414 0.5 0.08333333333218559
2440 0.8333333333368016 0.5 0.08333333333218559
2441 0.8333333333368017 0.5 0.249999999999307
2442 0.6666666666694414 0.5 0.249999999999307
2443 0.500000000002081 0.5 0.1666666666657463
2444 0.500000000002081 0.5 0.08333333333218559
2445 0.6666666666694414 0.5 0.1666666666657463
2446 0.8333333333368017 0.5 0.4166666666664357
2447 0.6666666666694414 0.5 0.3333333333328714
2448 0.8333333333368016 0.5 0.3333333333328714
2449 0.500000000002081 0.5 0.4166666666664357
2450 0.500000000002081 0.5 0.3333333333328714
2451 0.666666666669441 0.5 0.4166666666664357
2452 0.3333333333347207 0.5 -0.3333333333337955
2453 0.1666666666673604 0.5 -0.4166666666668978
2454 0.3333333333347207 0.5 -0.4166666666668977
2455 0.3333333333347207 0.5 -0.2500000000006933
2456 0.1666666666673604 0.5 -0.2500000000006933
2457 0.1666666666673604 0.5 -0.3333333333337741
2458 0.3333333333347207 0.5 -0.08333333333448117
2459 0.1666666666673604 0.5 -0.1666666666675873
2460 0.3333333333347207 0.5 -0.1666666666675872
2461 0.3333333333347207 0.5 -1.37511761237145e-12
2462 0.1666666666673604 0.5 -1.375119925336084e-12
2463 0.1666666666673604 0.5 -0.0833333333344812
2464 0.3333333333347207 0.5 0.1666666666657463
2465 0.1666666666673604 0.5 0.08333333333218559
2466 0.3333333333347207 0.5 0.08333333333218559
2467 0.3333333333347207 0.5 0.249999999999307
2468 0.1666666666673604 0.5 0.249999999999307
2469 0.1666666666673604 0.5 0.1666666666657463
2470 0.3333333333347207 0.5 0.4166666666664357
2471 0.1666666666673604 0.5 0.3333333333328714
2472 0.3333333333347207 0.5 0.3333333333328714
2473 0.1666666666673604 0.5 0.4166666666664356
2474 0 0.2500000000006933 -0.2500000000006933
2475 0 0.2500000000006933 -1.375122238300719e-12
2476 0 0.2500000000006933 0.249999999999307
2477 0 1.375122238300719e-12 -0.2500000000006933
2478 0 1.375122238300719e-12 -1.375122238300719e-12
2479 0 1.375122238300719e-12 0.249999999999307
2480 0 -0.249999999999307 -0.2500000000006933
2481 0 -0.249999999999307 -1.375122238300719e-12
2482 0 -0.249999999999307 0.249999999999307
2483 0 0.3333333333337956 -0.4166666666668978
2484 0 0.4166666666668978 -0.3333333333337956
2485 0 0.4166666666668764 -0.4166666666668763
2486 0 0.2500000000006933 -0.4166666666668978
2487 0 0.2500000000006933 -0.3333333333337956
2488 0 0.3333333333337956 -0.2500000000006933
2489 0 0.4166666666668978 -0.2500000000006933
2490 0 0.3333333333337955 -0.3333333333337954
2491 0 0.3333333333337956 -0.1666666666675873
2492 0 0.4166666666668978 -0.0833333333344812
2493 0 0.4166666666668977 -0.1666666666675873
2494 0 0.2500000000006933 -0.1666666666675873
2495 0 0.2500000000006933 -0.0833333333344812
2496 0 0.3333333333337956 -1.375122238300719e-12
2497 0 0.4166666666668978 -1.375122238300719e-12
2498 0 0.3333333333337955 -0.08333333333448122
2499 0 0.3333333333337956 0.08333333333218558
2500 0 0.4166666666668978 0.1666666666657463
2501 0 0.4166666666668977 0.08333333333218562
2502 0 0.2500000000006933 0.08333333333218558
2503 0 0.2500000000006933 0.1666666666657463
2504 0 0.3333333333337956 0.249999999999307
2505 0 0.4166666666668978 0.249999999999307
2506 0 0.3333333333337955 0.1666666666657463
2507 0 0.3333333333337956 0.3333333333328713
2508 0 0.4166666666668978 0.4166666666664356
2509 0 0.4166666666668977 0.3333333333328713
2510 0 0.2500000000006933 0.3333333333328713
2511 0 0.2500000000006933 0.4166666666664356
2512 0 0.3333333333337741 0.4166666666664356
2513 0 0.08333333333448119 -0.4166666666668978
2514 0 0.1666666666675873 -0.3333333333337956
2515 0 0.1666666666675873 -0.4166666666668977
2516 0 1.375122238300719e-12 -0.4166666666668978
2517 0 1.375122238300719e-12 -0.3333333333337956
2518 0 0.08333333333448119 -0.2500000000006933
2519 0 0.1666666666675873 -0.2500000000006933
2520 0 0.0833333333344812 -0.3333333333337954
2521 0 0.08333333333448119 -0.1666666666675873
2522 0 0.1666666666675873 -0.0833333333344812
2523 0 0.1666666666675873 -0.1666666666675873
2524 0 1.375122238300719e-12 -0.1666666666675873
2525 0 1.375122238300719e-12 -0.0833333333344812
2526 0 0.08333333333448119 -1.375122238300719e-12
2527 0 0.1666666666675873 -1.375122238300719e-12
2528 0 0.0833333333344812 -0.08333333333448122
2529 0 0.08333333333448119 0.08333333333218558
2530 0 0.1666666666675873 0.1666666666657463
2531 0 0.1666666666675873 0.08333333333218558
2532 0 1.375122238300719e-12 0.08333333333218558
2533 0 1.375122238300719e-12 0.1666666666657463
2534 0 0.08333333333448119 0.249999999999307
2535 0 0.1666666666675873 0.249999999999307
2536 0 0.0833333333344812 0.1666666666657463
2537 0 0.08333333333448119 0.3333333333328713
2538 0 0.1666666666675873 0.4166666666664356
2539 0 0.1666666666675873 0.3333333333328713
2540 0 1.375122238300719e-12 0.3333333333328713
2541 0 1.375122238300719e-12 0.4166666666664356
2542 0 0.08333333333448122 0.4166666666664356
2543 0 -0.1666666666657463 -0.4166666666668978
2544 0 -0.08333333333218559 -0.3333333333337956
2545 0 -0.08333333333218562 -0.4166666666668977
2546 0 -0.249999999999307 -0.4166666666668978
2547 0 -0.249999999999307 -0.3333333333337956
2548 0 -0.1666666666657463 -0.2500000000006933
2549 0 -0.08333333333218559 -0.2500000000006933
2550 0 -0.1666666666657463 -0.3333333333337954
2551 0 -0.1666666666657463 -0.1666666666675873
2552 0 -0.08333333333218559 -0.0833333333344812
2553 0 -0.08333333333218559 -0.1666666666675873
2554 0 -0.249999999999307 -0.1666666666675873
2555 0 -0.249999999999307 -0.0833333333344812
2556 0 -0.1666666666657463 -1.375122238300719e-12
2557 0 -0.08333333333218562 -1.375122238300719e-12
2558 0 -0.1666666666657463 -0.08333333333448122
2559 0 -0.1666666666657463 0.08333333333218558
2560 0 -0.08333333333218562 0.1666666666657463
2561 0 -0.08333333333218562 0.08333333333218558
2562 0 -0.249999999999307 0.08333333333218558
2563 0 -0.249999999999307 0.1666666666657463
2564 0 -0.1666666666657463 0.249999999999307
2565 0 -0.08333333333218559 0.249999999999307
2566 0 -0.1666666666657463 0.1666666666657463
2567 0 -0.1666666666657463 0.3333333333328713
2568 0 -0.08333333333218559 0.4166666666664356
2569 0 -0.08333333333218559 0.3333333333328713
2570 0 -0.249999999999307 0.3333333333328713
2571 0 -0.249999999999307 0.4166666666664356
2572 0 -0.1666666666657463 0.4166666666664356
2573 0 -0.4166666666664357 -0.4166666666668978
2574 0 -0.3333333333328714 -0.3333333333337956
2575 0 -0.3333333333328713 -0.4166666666668977
2576 0 -0.4166666666664357 -0.2500000000006933
2577 0 -0.3333333333328714 -0.2500000000006933
2578 0 -0.4166666666664357 -0.3333333333337741
2579 0 -0.4166666666664357 -0.1666666666675873
2580 0 -0.3333333333328714 -0.0833333333344812
2581 0 -0.3333333333328714 -0.1666666666675873
2582 0 -0.4166666666664357 -1.375122238300719e-12
2583 0 -0.3333333333328714 -1.375122238300719e-12
2584 0 -0.4166666666664357 -0.08333333333448123
2585 0 -0.4166666666664357 0.08333333333218558
2586 0 -0.3333333333328714 0.1666666666657463
2587 0 -0.3333333333328714 0.08333333333218558
2588 0 -0.4166666666664357 0.249999999999307
2589 0 -0.3333333333328714 0.249999999999307
2590 0 -0.4166666666664357 0.1666666666657463
2591 0 -0.4166666666664357 0.3333333333328713
2592 0 -0.3333333333328714 0.4166666666664356
2593 0 -0.3333333333328714 0.3333333333328713
2594 0 -0.4166666666664356 0.4166666666664355
2595 0.262659565622299 0.3723883618931703 0.1140750295085309
2596 6.586333344967075 -0.00973960583896826 -0.1614476067972004
2597 6.814005019971318 -0.3481381929657112 -0.3487807725803954
2598 6.743242897880739 0.08106202890938813 -0.3929810384822078
2599 7.029332086375802 -0.1861011668032249 -0.1951542011889987
2600 0.2227294598001997 0.05921096186096403 -0.3593475617006156
2601 0.2736717284288196 -0.254345525372872 -0.1465445169717451
2602 3.250000000000496 0.008160552422551435 0.3298367422054715
2603 3.504463706346387 0.1939618733454046 0.1829500075858065
2604 2.288379795327966 -0.2939412536511112 -0.03308604096450341
2605 6.151991340395028 0.3140415238241103 -0.07146096653196608
2606 5.936458290413491 0.2411003451462491 0.04146328063176693
2607 1.275238956409575 0.1683999998020614 -0.3656405830714141
2608 1.250000000001086 2.592212523690929e-14 -0.2165063509471485
2609 0.8823796976989788 0.2190962418430706 -3.88189480560186e-13
2610 0.4961447601157093 0.07800794202836381 -0.01683259223091094
2611 0.5952057106291201 0.2566786409003733 -0.2195011779741439
2612 0.7836821872437041 0.1316427926100413 -0.4264386836002119
2613 7.575249217949158 -0.1038963488983725 -0.06070105854212926
2614 7.249999999997874 -0.3088449025075095 -0.308844902507571
2615 7.715943105778123 -0.1985161711917388 -0.2471795132792572
2616 2.257441012079973 0.00442274515203217 0.3771297785863469
2617 1.993342192865221 -0.1486382408170997 0.138299835083205
2618 6.073451371521281 0.2534825561645321 0.2533607294240205
2619 6.250000000000493 0.3088449025066045 -0.3088449025075843
2620 6.382379697696593 0.2190962418416154 -3.881828335039814e-13
2621 6.249999999998607 9.653389199115736e-14 -0.2165063509469917
2622 5.250000000000431 -1.94957671853568e-14 -0.4027977074841297
2623 4.999999999995609 0.2500000000117953 -0.1249999999925674
2624 4.999999999984753 -1.718840089489808e-12 6.733752444487707e-12
2625 2.121591734373996 -0.08627160127570457 -0.1215917343746992
2626 2.249999999996534 -0.308844902506357 -0.3088449025079491
2627 4.68141390448907 0.1734700911060613 0.08062893377492188
2628 4.250000000037297 0.2499999999491355 0.249999999956516
2629 6.31400501997507 0.3487807725793362 0.3481381929652453
2630 1.29910935239692 0.2728756652686273 -0.05012320356094943
2631 1.562493410244415 0.2904383783260677 -0.1281105612764753
2632 1.266393431161639 0.3966455961628269 -0.32773169488988
2633 7.682654357061608 0.1777162642057492 -0.1845018984510186
2634 2.249999999994652 -0.2499999999916663 0.2499999999921535
2635 0.2264996915744071 -0.416213510971029 0.1184677896918009
2636 3.126749574160631 0.2621861575000375 -0.01910532140711118
2637 2.750000000005794 0.2499999999928927 0.2500000000002476
2638 2.76014632003529 0.3914840108540752 -0.01411176644946766
2639 2.654964697393569 0.1888028680817044 -0.0192537951936933
2640 2.656569674065416 -0.03713540353371563 -0.2779714601683215
2641 4.768919506135704 0.3844108732899656 0.3736425627440395
2642 0.9999999999957201 -0.2499999999918077 0.249999999988402
2643 1.249999999998227 -0.2499999999946916 0.2499999999982126
2644 1.176349815789338 0.2046283781258798 0.1982495685432353
2645 5.282321428168181 -0.1289374162326163 -0.02548503500775132
2646 5.499999999996763 -0.2009431283937447 -0.2533103371008328
2647 5.499999999999826 -2.57821541893577e-13 -6.875576497034075e-13
2648 5.757089122429588 -0.04311194834245508 -0.1058396859413472
2649 5.69062600634655 0.1982078549219354 -0.07263725093808308
2650 2.926548628471404 -0.2534825561655409 0.2533607294270199
2651 2.641285082428487 -0.06843932086667004 0.2695450307115267
2652 5.261401463176373 0.4130306198513449 0.01186449694555362
2653 5.250000000005999 0.3088449025064411 -0.3088449025078988
2654 1.716479204761951 0.4199447954449626 0.1376446779530551
2655 1.882379697701223 0.2190962418429019 -3.881908099716732e-13
2656 1.750000000005434 0.3088449025068166 -0.3088449025080822
2657 7.249999999997554 -0.2165063509468681 -2.737042656172426e-13
2658 7.432173812646816 -0.08001752740159594 0.1451066533886273
2659 7.266620991150184 0.1259869535053154 0.06944482513005429
2660 7.016076560337293 -0.123402291569587 0.2647166475956284
2661 7.738843881206807 -0.375732667244363 -0.4338984256380689
2662 6.276589649986688 -0.3979501041679481 -0.3531515966563959
2663 1.762183159200405 -0.1636306988517359 -0.02960983486266237
2664 1.861836820533115 0.02935125522806204 -0.1619955433188225
2665 4.028666339173994 0.1228041635752658 -0.2726300102520126
2666 4.029896612609551 -0.1491712294564006 -0.1101878867885993
2667 4.216317812756835 -0.1316427926095889 -0.4264386836004432
2668 4.250000000003069 5.5871973714261e-14 -0.2165063509474903
2669 3.249999999998856 0.0158536336163753 -0.3884785408052733
2670 2.395737875414815 0.2266076994197325 0.1147152184809714
2671 2.32915093859412 -0.02607331777872429 0.1279220987471568
2672 2.125157067063787 0.2061510457684478 -0.103812332545628
2673 0.8286814274689986 0.005157214857097088 0.3018365711574528
2674 0.887114172812155 -0.09971010046277728 0.05465722980059583
2675 2.249999999995299 -0.4356015878599393 0.4356015878598282
2676 1.753368355741493 -0.4029945373439937 0.009500628028520107
2677 0.341790094471437 0.2265659689546436 -0.1873238894574508
2678 5.749999999995854 -0.3088449025067195 -0.308844902508094
2679 3.249999999974183 -0.2499999999579157 -0.2499999999676459
2680 1.750000000006459 0.4356015878601492 0.4356015878598287
2681 3.814005019986553 0.348780772579545 0.3481381929652774
2682 5.731110370410285 -0.05925592466989802 0.2009686416648699
2683 5.921517447569951 -0.2530155360252654 -0.07116312083222998
2684 5.937506589757752 -0.1281105612757635 -0.2904383783266253
2685 5.999999999998751 -3.437805595751797e-13 -6.875611191503594e-13
2686 3.882379697705685 0.2190962418426478 -3.88189480560186e-13
2687 4.25000000000307 5.58986096920438e-14 0.2165063509458246
2688 7.455380169533779 0.2455968007487676 0.2093983137842047
2689 7.714526667736046 0.1841987545623506 0.1532159944872145
2690 7.781919137798543 0.108957628101173 0.4025223473546288
2691 5.23847917653689 0.1346184273009076 -0.03378512461434843
2692 5.389393806854617 0.02949279267277225 0.269797713155111
2693 5.437506589764238 0.2904383783262997 -0.1281105612765058
2694 6.230086376237021 -0.1277923033881163 0.4305026541928305
2695 6.390832427548453 -0.2107987086491838 0.240068007366407
2696 0.7233112452564661 0.3438236748331975 0.1041922983664617
2697 0.7708806250417926 0.3746195346030667 -0.3298900681562829
2698 0.617620302302457 -0.2190962418416174 -3.881828335044742e-13
2699 0.8140050199738852 -0.3481381929652235 -0.3487807725801739
2700 6.999999999996644 0.2499999999980746 0.2499999999956271
2701 6.762345883112467 0.2325653628517073 0.07828135306810395
2702 6.749999999997478 1.013649445368572e-13 0.2165063509451979
2703 2.937506589760317 0.1281105612746742 -0.2904383783245873
2704 0.2374758476888187 0.4389120974437607 0.4319080667254271
2705 4.250000000011739 0.308844902506026 -0.3088449025084678
2706 3.250000000006977 0.2499999999915332 0.2500000000002656
2707 3.250000000012248 0.4356015878600781 0.4356015878598935
2708 2.510062025527481 0.2306993746663355 -0.2440970614121358
2709 2.380990648029092 -0.007358442730267405 -0.2256686796652393
2710 4.536006028383273 0.01197698926302359 -0.05057743178253995
2711 4.257812499999537 -0.2500000000066873 -0.006765823465465053
2712 4.471333660831838 -0.1228041635752929 -0.2726300102519775
2713 4.617620302300164 -0.2190962418425523 -3.88189480560186e-13
2714 5.685994980021086 -0.3487807725797702 0.3481381929652319
2715 3.494021803647139 -0.2197159623991247 0.2430694009124765
2716 3.500000000002739 8.593126210598712e-14 -6.875680580442634e-13
2717 3.750000000002538 -1.299238494567589e-13 0.2165063509459403
2718 5.73859853682568 -0.4130306198515927 0.01186449694541702
2719 5.937506589760573 0.1281105612749848 -0.290438378326945
2720 7.773347470939388 0.4111827208610389 -0.3578691461324583
2721 7.682654357061804 -0.1845018984510257 0.1777162642057426
2722 3.75000000001179 0.3088449025059647 -0.3088449025086902
2723 0.2730190945393014 0.1917573534136364 0.3187275295956482
2724 3.271547618799835 0.01217529058874901 -0.1156276718152941
2725 2.937506589754789 -0.1281105612751684 -0.2904383783240048
2726 2.999999999986017 -1.031331150896424e-12 6.839195876250757e-12
2727 2.261401463177551 0.4130306198515805 0.01186449694536874
2728 4.26750625248071 0.1068455204071881 -0.4820988075509497
2729 1.279012758130972 0.3775156363554418 0.3508791467058118
2730 1.63082513543782 0.2759372788153948 0.2408607974382725
2731 7.762115052420882 0.4319535011287718 0.438807244284358
2732 7.766365694361554 -0.378520899376902 -0.1075470105780461
2733 2.685994980020811 -0.3487807725793763 0.3481381929652855
2734 2.250000000006992 0.3088449025066343 -0.3088449025082019
2735 5.249999999995243 -0.3088449025064978 -0.3088449025082546
2736 0.2143699718061257 -0.3767629829614466 -0.402548036526194
2737 3.250000000010111 0.3088449025062655 -0.3088449025084457
2738 4.972417242239171 -0.2014438731799444 0.2248100914752562
2739 4.999999999990724 -0.2499999999931644 -0.2499999999998632
2740 7.785255150015519 -0.3691650201630247 0.423952669102757
2741 2.749999999995607 -0.308844902506317 -0.3088449025080628
2742 6.326161807073598 -0.3401242061305291 -0.1022159984110707
2743 3.813359983451183 0.001501125442827385 -0.2136396070961705
2744 3.500000000024868 0.2499999999693316 -0.2499999999967731
2745 7.288279784426726 0.1607226101072808 0.3766950690716118
2746 2.750000000008549 0.308844902506452 -0.3088449025083215
2747 6.275984137045345 0.0424871322393359 0.1700976010098635
2748 0.3417900944737643 -0.1873238894610096 0.2265659689532686
2749 3.99999999999807 -0.2121736544503993 0.1767645017719975
2750 0.5038652828612706 0.2349503445989682 0.220579547812537
2751 1.749771535167733 0.1241399021045053 0.4145590879488792
2752 3.249999999992757 -0.4356015878600029 0.4356015878598533
2753 6.708457459784466 -0.3399416386558729 0.2769644678975937
2754 3.735525106043286 -0.3144362821138942 -0.2121412245686528
2755 3.486384156165788 -0.2561681620191145 -0.1136190626183174
2756 3.700890647602038 -0.2728756652685371 0.05012320355885039
2757 6.58157464735544 0.2493973354955531 -0.2107772467137696
2758 2.617620302300817 -0.2190962418420582 -3.882172361358016e-13
2759 4.461164595537658 -0.2306115115197777 0.236248690484985
2760 4.238693662505884 -0.3771074753420788 -0.3147959106305694
2761 4.74999999998797 5.469180500412872e-12 -0.2500000000047997
2762 4.749999999994635 -0.3088449025062766 -0.3088449025084155
2763 1.00000000000915 0.2499999999893978 -0.2499999999886271
2764 4.537948121940091 0.2308960322598404 -0.2433729199953246
2765 4.382379697705231 0.2190962418421141 -3.88189480560186e-13
2766 1.250000000001536 0.0571086429554119 0.4220082497423259
2767 6.528666339166205 0.1228041635746851 0.2726300102509419
2768 6.87840826562369 0.08627160127519412 -0.1215917343747577
2769 7.283682187240506 -0.4264386836001685 0.1316427926086776
2770 4.81069412779773 0.10990734572311 0.3484865059554467
2771 2.314005019981836 0.3487807725797882 0.3481381929652219
2772 0.2486232408615929 0.3928417070086708 -0.3111957435086493
2773 3.73349342498907 0.1688802670619194 0.4338757150404359
2774 3.748833414693107 -0.1381383033843967 0.3875378049095657
2775 1.985884765992851 0.1457165490207817 0.261898874612973
2776 1.750000000001376 -1.484592568183737e-14 0.2165063509455702
2777 0.6859949800245067 -0.3487807725793894 0.3481381929651445
2778 0.7500000000006947 9.477723629070877e-14 -0.2165063509470965
2779 0.74812127274933 -0.05211024592702093 -0.4529554382324327
2780 6.766817313735118 0.3928083288396461 -0.3435713973834693
2781 3.236274252488343 -0.2354329253823305 0.06351305350261907
2782 7.249999999996727 0.4356015878599057 0.43560158785974
2783 7.313770507180825 -0.05045203729725017 -0.2667126653360591
2784 0.2342600728072833 0.08491807207750111 0.09048213269216011
2785 5.2337289239598 0.1405427229147205 0.461572711625874
2786 4.791275181514189 0.2660528289962912 -0.2821832172063478
2787 6.617620302300221 -0.2190962418428434 -3.881888357967182e-13
2788 5.634154405290285 0.2591253133125945 0.27336577000263
2789 6.783682187239813 0.1316427926088453 0.4264386835995789
2790 5.073451371521139 0.2534825561641512 0.2533607294263748
2791 1.685298711103862 -0.1083227387508454 -0.3357378210291423
2792 1.437506589758871 -0.2904383783258474 -0.1281105612763179
2793 1.260052034368222 -0.1563156211480852 -0.3987834001882054
2794 5.750682055293625 0.2930469393378579 -0.2820525245693846
2795 4.246148833632533 -0.3548980545776698 0.3677728812256089
2796 4.216317812756881 -0.1316427926095078 0.4264386835999055
2797 6.267506252474402 0.1068455204068385 -0.4820988075508835
2798 4.764602455159338 0.4844574342901734 0.1530074990012927
2799 1.500000000001495 4.297187605750707e-13 -6.875611191503594e-13
2800 5.999999999991655 -0.2499999999940027 0.2499999999984739
2801 6.914835147440714 -0.2311198476226173 0.0549259255391356
2802 7.225904560585398 -0.3757220658791941 0.4103824959930993
2803 4.743503813535615 -0.3849309339607201 0.3872184548763636
2804 6.238081644839646 -0.1606114628100747 -0.3819416110067418
2805 5.24999999999417 -0.3884785408106481 -0.01585363360581728
2806 3.235397544843728 -0.4844574342901747 0.153007499001304
2807 3.000000000001341 0.1249999999924306 0.2500000000074079
2808 3.230753490497475 -0.4963909436935178 -0.1085283679577238
2809 6.749999999997423 0.4356015878599084 0.4356015878596996
2810 7.249999999997229 0.2499999999994414 -0.2500000000006876
2811 7.249999999997585 -0.1588846248189729 0.3540607927296864
2812 1.749999999995861 -0.2499999999938745 0.2499999999939339
2813 6.547308437588051 -0.2517083608913085 -0.2401665377531371
2814 5.249999999997994 -0.2499999999942229 0.2500000000005753
2815 3.685994980018823 -0.348780772579358 0.3481381929653629
2816 6.024989133055823 0.005283854748669381 0.2499999999994729
2817 6.233728923956351 0.1405427229145209 0.4615727116258428
2818 4.72918894736744 -0.4057370452130413 0.1249999999996039
2819 4.713929141437183 0.4241598706839684 -0.09192408132731802
2820 0.7373385521756541 0.3911825510355207 0.4022723733510589
2821 2.750000000010315 0.4356015878601026 0.4356015878598709
2822 6.716317812754953 -0.1316427926097526 0.4264386835995582
2823 5.762663314523079 -0.01697792739997235 -0.405747006952915
2824 1.249999999998408 -0.3088449025064573 -0.3088449025077012
2825 0.5439950370196385 -0.0234617723319422 0.2436564020769349
2826 0.2378849475777204 -0.4319535011287818 0.4388072442843218
2827 1.249999999997854 -0.4356015878598806 0.4356015878597974
2828 1.500000000002808 -0.12499999999661 0.2499999999970374
2829 1.769875702113328 -0.3693954408076213 0.4195300499917209
2830 1.738262282412337 -0.1122644212654965 0.4234594379911011
2831 5.249999999993746 -0.4356015878600895 0.435601587859858
2832 5.793734524445974 -0.1441395097797501 0.412283068465099
2833 6.249999999995953 -0.4356015878601328 0.4356015878598043
2834 7.204874565091847 0.3758702445907746 0.1752100003047591
2835 4.764602455146775 -0.153007499002365 0.4844574342901595
2836 1.729479983174542 -0.4305339263116099 -0.3774544603319452
2837 5.750000000004 0.4356015878599274 0.4356015878597909
2838 5.771310231633622 0.1115156193656258 0.4911137236946273
2839 7.232493747522772 -0.4820988075508792 -0.1068455204081808
2840 4.267506252480727 0.1068455204071969 0.4820988075508173
2841 5.228689768365895 -0.111515619366311 0.4911137236946294
2842 1.11762030230226 -0.2190962418416827 -3.881564073400809e-13
2843 5.314005019980732 0.3487807725793147 0.3481381929653248
2844 0.7353975448531855 0.1530074990029438 0.484457434290136
2845 5.764602455152485 0.4844574342901661 0.1530074990012162
2846 4.246609718901821 0.3478558586193337 0.4315610062685673
2847 0.3417730437488931 0.4149255745954469 0.1593833530054563
2848 0.420886521875487 0.4574627872977234 0.2046916765023816
2849 0.08755318854076634 0.4574627872977234 0.03802500983526022
2850 0.1751063770815327 0.4149255745954469 0.07605001967189556
2851 0.08755318854076634 0.4574627872977234 0.2046916765023817
2852 0.1751063770815327 0.4149255745954469 0.1593833530054563
2853 0.2542198552081267 0.4574627872977234 0.1213583431688209
2854 0.2542198552081267 0.4574627872977234 0.2046916765023816
2855 0.08755318854076632 0.4574627872977234 0.121358343168821
2856 6.662223903301823 -0.1225391348812159 -0.2238919953915987
2857 6.73811446163657 -0.2353386639234636 -0.2863363839859971
2858 6.790417645941125 -0.2050714523406781 -0.3635141945476662
2859 6.766830271910932 -0.06200471171564501 -0.378247616514937
2860 6.690939713576185 0.05079481732660267 -0.3158032279205387
2861 6.638636529271629 0.02052760574381721 -0.2386254173588696
2862 6.88166583923956 -0.1273139798151394 -0.183918669725066
2863 6.733999592103316 -0.06852679282705382 -0.1726831382611332
2864 6.933969023544114 -0.09704676823235392 -0.2610964802867351
2865 6.838605960712426 -0.007992369661482895 -0.3270387593844715
2866 6.957556397574307 -0.240113508857387 -0.2463630583194643
2867 6.885780708772812 -0.2941258509115491 -0.2975719154499299
2868 6.714527087606378 -0.09227192329843047 -0.3010698059532679
2869 6.809890150438063 -0.1813263218693015 -0.2351275268555315
2870 6.786302776407872 -0.03825958124426838 -0.2498609488228024
2871 6.862193334742619 -0.151059110286516 -0.3123053374172006
2872 0.2397102160097397 -0.04530786721698132 -0.2884132134576588
2873 0.2566909722192797 -0.1498266962949267 -0.2174788652147019
2874 0.1824478189525464 -0.1695636835814563 -0.1810296779813945
2875 0.09122390947627322 -0.0847818417900406 -0.2155148389910439
2876 0.07424315326673323 0.01973698728790476 -0.2864491872340008
2877 0.1484863065334665 0.03947397457443439 -0.3228983744673082
2878 0.07424315326673323 -0.1469296793792167 -0.2864491872340008
2879 0.1484863065334665 -0.04385935875912633 -0.3228983744673082
2880 0.09122390947627321 -0.251448508457162 -0.2155148389910439
2881 0.1824478189525464 -0.252897016915017 -0.1810296779813945
2882 0.1654670627430064 -0.06504485450351097 -0.2519640262243513
2883 0.1654670627430064 -0.1483781878370717 -0.2519640262243513
2884 0.07424315326673323 -0.06359634604565596 -0.2864491872340008
2885 0.09122390947627322 -0.1681151751236014 -0.2155148389910439
2886 3.333333333334576 0.005440368281758254 0.386557828136981
2887 3.416666666668657 0.002720184140965072 0.4432789140684905
2888 3.501487902117288 0.06465395778191613 0.3943166691952689
2889 3.502975804231837 0.1293079155636604 0.2886333383905377
2890 3.419642470897757 0.1320280997044536 0.2319122524590282
2891 3.334821235449126 0.07009432606350251 0.2808744973322498
2892 3.416666666672601 0.169386850807575 0.4432789140684905
2893 3.333333333336548 0.08877370161506323 0.386557828136981
2894 3.501487902121231 0.2313206244485261 0.3943166691952689
2895 3.502975804233809 0.2126412488969653 0.2886333383905377
2896 3.418154568783207 0.06737414192270931 0.3375955832637594
2897 3.416666666670629 0.08605351747427006 0.4432789140684905
2898 3.418154568785178 0.1507074752560143 0.3375955832637593
2899 3.501487902119259 0.1479872911152211 0.3943166691952688
2900 2.35891986354992 -0.3626275024340742 -0.02205736064346065
2901 2.429459931771874 -0.4313137512170371 -0.01102868032241789
2902 2.096126598439513 -0.4313137512170371 0.1556379863447035
2903 2.19225319688374 -0.3626275024340742 0.06127597269010007
2904 2.096126598439514 -0.4313137512170371 -0.01102868032241788
2905 2.19225319688374 -0.3626275024340742 -0.02205736064346065
2906 2.262793265105694 -0.431313751217037 0.07230465301114282
2907 2.262793265105694 -0.431313751217037 -0.01102868032241788
2908 2.096126598439513 -0.431313751217037 0.07230465301114282
2909 6.101327560264278 0.3760276825494069 -0.1309739776882085
2910 6.050663780133528 0.4380138412747034 -0.1904869888444509
2911 5.978819430139682 0.4137001150487497 -0.1528455731232066
2912 5.957638860276586 0.3274002300974994 -0.05569114624571983
2913 6.008302640407337 0.2654140713722029 0.003821864910522596
2914 6.080146990401182 0.2897277975981566 -0.03381955081072174
2915 6.050663780133528 0.4380138412747034 -0.02382032217823878
2916 6.101327560264277 0.3760276825494069 -0.04764064435510243
2917 5.978819430139682 0.4137001150487497 0.01382109354300556
2918 5.957638860276586 0.3274002300974994 0.02764218708738625
2919 6.029483210270432 0.3517139563234531 -0.09333256196696416
2920 6.050663780133527 0.4380138412747034 -0.1071536555113448
2921 6.029483210270431 0.3517139563234531 -0.00999922863385809
2922 5.978819430139682 0.4137001150487496 -0.06951223979010053
2923 1.09174631880497 0.2227999999343672 -0.4552135276904714
2924 1.183492637607273 0.1955999998682143 -0.4104270553809427
2925 1.266825970940079 0.1122666665347162 -0.3159291723633256
2926 1.258412985470583 0.05613333326737108 -0.266217761655237
2927 1.16666666666828 0.08333333333352395 -0.3110042339647657
2928 1.083333333335474 0.166666666667022 -0.4055021169823828
2929 1.083333333334478 6.962018275626626e-13 -0.4055021169823829
2930 1.166666666667782 3.610619763997859e-13 -0.3110042339647657
2931 1.091746318803974 0.05613333326804135 -0.4552135276904714
2932 1.183492637606774 0.1122666665350514 -0.4104270553809427
2933 1.175079652137776 0.1394666666008691 -0.3607156446728542
2934 1.091746318804472 0.1394666666012042 -0.4552135276904714
2935 1.083333333334976 0.08333333333385909 -0.4055021169823828
2936 1.175079652137278 0.05613333326770622 -0.3607156446728542
2937 0.7536347185045558 0.1720668085715017 -0.005610864077229105
2938 0.6248897393101325 0.1250373752999328 -0.01122172815407002
2939 0.529165076953513 0.137564841652367 -0.08438878747865525
2940 0.5621853937913165 0.1971217412763701 -0.1519449827263996
2941 0.6909303729857397 0.2441511745479391 -0.1463341186495587
2942 0.7866550353423591 0.2316237081955048 -0.07316705932497343
2943 0.8165813573954623 0.1607939423543844 -0.284292455733604
2944 0.8494805275472206 0.1899450920987275 -0.1421462278669961
2945 0.7208566950388428 0.1733214087068187 -0.3574595150581892
2946 0.6580312028339814 0.215000024803596 -0.2884803465161666
2947 0.6878363782010393 0.1137645090828155 -0.2899033198104449
2948 0.5919905691583742 0.09588622555558965 -0.1533679560206779
2949 0.6579100561479361 0.1845942749239359 -0.07877792340181433
2950 0.7207355483527975 0.1429156588271586 -0.147757091943837
2951 0.7537558651906009 0.2024725584511617 -0.2153132871915813
2952 0.6250108859961778 0.1554431251795928 -0.2209241512684222
2953 7.466832811965396 -0.1722125334347515 -0.1434156731972765
2954 7.358416405981635 -0.2405287179711305 -0.2261302878524238
2955 7.405314368591291 -0.2720686587355859 -0.2882897727647997
2956 7.560628737184707 -0.2352924149636624 -0.2677346430220284
2957 7.669045143168468 -0.1669762304272834 -0.1850200283668812
2958 7.622147180558812 -0.1354362896628279 -0.1228605434545052
2959 7.52508307264884 -0.3679654496327909 -0.1869003528478387
2960 7.550166145298999 -0.2359308992655817 -0.123800705694984
2961 7.571981035258496 -0.3995053903972463 -0.2490598377602146
2962 7.64396207051831 -0.2990107807944925 -0.2481196755197359
2963 7.41666666666508 -0.4362816341691699 -0.2696149675029859
2964 7.333333333331476 -0.3725632683383397 -0.2892299350052784
2965 7.513730774575052 -0.2037524741992069 -0.2055751581096525
2966 7.441749739315237 -0.3042470838019607 -0.2065153203501312
2967 7.597064107908654 -0.2674708400300372 -0.1859601906073599
2968 7.488647701924893 -0.3357870245664162 -0.2686748052625071
2969 2.085813670692356 -0.165192418282425 0.4590432595287823
2970 2.171627341386164 -0.08038483656519639 0.4180865190575646
2971 2.169408072341723 -0.04659758350434511 0.297519797418633
2972 2.081375132603472 -0.09761791216072238 0.217909816250919
2973 1.995561461909663 -0.1824254938779509 0.2588665567221367
2974 1.997780730954105 -0.2162127469388022 0.3794332783610683
2975 1.997780730956277 -0.04954608027190818 0.3794332783610684
2976 1.995561461910749 -0.09909216054450391 0.2588665567221367
2977 2.085813670694528 0.001474248384469097 0.4590432595287823
2978 2.17162734138725 0.002948496768250634 0.4180865190575646
2979 2.083594401647914 -0.1314051652215737 0.3384765378898507
2980 2.085813670693442 -0.08185908494897795 0.4590432595287823
2981 1.997780730955191 -0.1328794136053552 0.3794332783610683
2982 2.083594401649 -0.04807183188812662 0.3384765378898507
2983 6.027787011152018 0.2493551524917711 0.1827282464932694
2984 5.982122650782754 0.2452277488190101 0.1120957635625181
2985 5.957638860276586 0.3274002300974994 0.110975520420947
2986 5.978819430139682 0.4137001150487497 0.180487760210127
2987 6.024483790508945 0.4178275187215107 0.2511202431408782
2988 6.048967581015113 0.3356550374430214 0.2522404862824494
2989 6.024483790508945 0.4178275187215107 0.08445357647375676
2990 6.048967581015113 0.3356550374430214 0.1689071529488886
2991 6.00330322064585 0.3315276337702604 0.1816080033516982
2992 6.003303220645849 0.3315276337702604 0.09827467001813743
2993 6.024483790508945 0.4178275187215107 0.1677869098073175
2994 5.978819430139682 0.4137001150487496 0.09715442687656627
2995 6.18466089359685 0.3123093167182751 -0.1505889451905055
2996 6.217330446798671 0.3105771096124398 -0.2297169238490449
2997 6.294126565899193 0.2789286822849414 -0.2058966016718523
2998 6.338253131797893 0.2490124620632784 -0.1029483008361202
2999 6.305583578596072 0.2507446691691137 -0.02382032217758082
3000 6.22878745949555 0.282393096496612 -0.04764064435477345
3001 6.217330446797415 0.1046805079414345 -0.1681578894753165
3002 6.184660893596221 0.2093610158827724 -0.1198094280036413
3003 6.294126565897937 0.07303208061393614 -0.1443375672981239
3004 6.338253131797265 0.1460641612277757 -0.07216878364925602
3005 6.249999999999236 0.1029483008355992 -0.2472858681338559
3006 6.249999999999864 0.2058966016711018 -0.2780653853207201
3007 6.261457012697371 0.2806608893907767 -0.1267686230133128
3008 6.217330446798043 0.2076288087769371 -0.1989374066621806
3009 6.261457012696741 0.1777125885552741 -0.09598910582644865
3010 6.294126565898564 0.1759803814494387 -0.1751170844849881
3011 5.16666666666549 0.08333333333725208 -0.310198471653609
3012 5.083333333330549 0.1666666666745237 -0.2175992358230882
3013 4.999999999997373 0.1666666666744156 -0.249999999995045
3014 4.999999999999136 0.08333333333703591 -0.3749999999975225
3015 5.083333333334076 -2.356856287785721e-13 -0.4675992358280432
3016 5.166666666667254 -1.275906979819644e-13 -0.4351984716560864
3017 5.083333333323312 -1.152391982054991e-12 -0.1342659024902207
3018 5.166666666661872 -5.859438746201741e-13 -0.2685318049871752
3019 4.999999999990135 -1.260486912851599e-12 -0.1666666666621775
3020 4.999999999995517 -8.021337362133893e-13 -0.3333333333310887
3021 4.999999999988372 0.0833333333361192 -0.04166666665969998
3022 4.99999999999199 0.1666666666739572 -0.08333333332613371
3023 5.083333333332313 0.08333333333714399 -0.3425992358255657
3024 5.083333333326931 0.08333333333668561 -0.1759325691566545
3025 5.083333333328694 -6.940388054167817e-13 -0.300932569159132
3026 4.999999999993753 0.08333333333657753 -0.2083333333286113
3027 2.232783775009976 -0.2247180361926424 -0.06258793876790202
3028 2.177187754691986 -0.1554948187341735 -0.09208983657130061
3029 2.164394489581509 -0.1604627016859221 -0.1840094570857825
3030 2.207197244789021 -0.2346538020961395 -0.2464271797968658
3031 2.262793265107011 -0.3038770195546084 -0.2169252819934672
3032 2.275586530217489 -0.2989091366028598 -0.1250056614789853
3033 2.096126598439514 -0.4313137512170371 -0.17769534698863
3034 2.19225319688374 -0.3626275024340742 -0.1053906939765667
3035 2.083333333329036 -0.4362816341687857 -0.2696149675031119
3036 2.166666666662785 -0.3725632683375714 -0.2892299350055305
3037 2.040530578121524 -0.3620905337585683 -0.2071972447920286
3038 2.08106115624776 -0.2241810675171364 -0.1643944895833639
3039 2.219990509899498 -0.2296859191443909 -0.1545075592823839
3040 2.13665717656575 -0.2934042849756053 -0.1348925917799653
3041 2.179459931773263 -0.3675953853858227 -0.1973103144910486
3042 2.123863911455273 -0.2983721679273539 -0.2268122122944472
3043 6.267994226929788 0.3760276825494069 -0.04764064435510244
3044 6.383997113464547 0.4380138412747034 -0.02382032217823878
3045 6.217330446799037 0.4380138412747034 -0.1071536555113448
3046 6.217330446799036 0.4380138412747034 -0.02382032217823878
3047 4.62094260299524 0.1989800607373454 0.2204192891832812
3048 4.560471301501409 0.2244900303686295 0.3602096445916406
3049 4.416666666684152 0.2499999999829875 0.416666666652172
3050 4.333333333360724 0.2499999999660615 0.333333333304344
3051 4.393804634854555 0.2244900303347774 0.1935429778959846
3052 4.537609269671813 0.1989800607204194 0.1370859558354532
3053 4.560471301497674 0.05782336370190583 0.3602096445916407
3054 4.620942602993372 0.1156467274039836 0.2204192891832813
3055 4.416666666680416 0.08333333331626387 0.416666666652172
3056 4.333333333358857 0.1666666666326997 0.333333333304344
3057 4.477137968177981 0.2244900303517035 0.2768763112438126
3058 4.560471301499541 0.1411566970352676 0.3602096445916406
3059 4.477137968176114 0.1411566970183416 0.2768763112438126
3060 4.416666666682284 0.1666666666496256 0.4166666666521719
3061 6.104668339993542 0.4495935908597787 0.1160460643208317
3062 6.209336679984306 0.3991871817195575 0.2320921286430385
3063 6.260000460115057 0.3372010229942609 0.2082718064661749
3064 6.205995900255042 0.3256212734091856 0.06840541996710439
3065 6.383997113464547 0.4380138412747034 0.1428463444888827
3066 6.267994226929787 0.3760276825494069 0.03569268897845829
3067 6.438001673324561 0.4495935908597787 0.2827127309879531
3068 6.376003346649815 0.3991871817195575 0.3154254619765992
3069 6.155332120124291 0.3876074321344822 0.09222574214396802
3070 6.217330446799036 0.4380138412747034 0.05951301115532195
3071 6.321998786789801 0.3876074321344822 0.1755590754775287
3072 6.271335006659051 0.4495935908597787 0.1993793976543924
3073 1.386904038346085 0.2787299029544408 -0.07611898946612473
3074 1.47469872429525 0.2845841406402542 -0.1021147753713
3075 1.463793417216823 0.3258407842716541 -0.1946509391476102
3076 1.365093424189231 0.3612431902172405 -0.2611913170187451
3077 1.277298738240066 0.355388952531427 -0.2351955311135698
3078 1.288204045318493 0.3141323089000272 -0.1426593673372596
3079 1.433036450803136 0.4242918884228758 -0.1833744011874454
3080 1.366072901600028 0.3485837768457515 -0.1167488023741974
3081 1.422131143724709 0.4655485320542757 -0.2759105649637555
3082 1.344262287443174 0.4310970641085513 -0.3018211299268178
3083 1.520831136752301 0.4301461261086892 -0.2093701870926207
3084 1.541662273498358 0.3602922522173785 -0.168740374184548
3085 1.375998731267658 0.3199865465858406 -0.1686551532424349
3086 1.453867587549193 0.354438014531565 -0.1427445882793727
3087 1.355167594521601 0.3898404204771514 -0.2092849661505076
3088 1.442962280470766 0.3956946581629648 -0.2352807520556829
3089 7.704846856205952 -0.07310535939257615 -0.2262869750031777
3090 7.693750606633779 0.05230545240658653 -0.2053944367270982
3091 7.788436238041072 0.1184775094700411 -0.2896679323006791
3092 7.894218119020536 0.05923875473433299 -0.3948339661503396
3093 7.905314368592708 -0.06617205706482968 -0.4157265044264191
3094 7.810628737185415 -0.1323441141282842 -0.3314530088528381
3095 7.571981035258241 -0.06617205706471506 -0.4157265044264191
3096 7.643962070518182 -0.1323441141282269 -0.3314530088528381
3097 7.560884785686069 0.0592387547344476 -0.3948339661503396
3098 7.621769571373838 0.1184775094700984 -0.2896679323006791
3099 7.799532487613243 -0.006933302329121583 -0.3105604705767586
3100 7.632865820946009 -0.006933302329064271 -0.3105604705767586
3101 7.738647701925474 -0.06617205706477236 -0.4157265044264191
3102 7.727551452353302 0.0592387547343903 -0.3948339661503396
3103 0.1751063770815327 0.3315922412623447 -0.007283313661210489
3104 0.08755318854076635 0.2907961206315189 -0.1286416568309519
3105 0.08755318854076634 0.290796120631519 0.03802500983526022
3106 0.1751063770815327 0.3315922412623446 0.07605001967189556
3107 0.08755318854076635 0.290796120631519 -0.04530832349784585
3108 0.08755318854076635 0.3741294539646212 -0.04530832349784585
3109 0.08755318854076632 0.3741294539646212 0.03802500983526023
3110 2.190033927840385 -0.245506916039774 0.02404258438473273
3111 2.091688060352802 -0.1970725784284368 0.08117120973396888
3112 1.995561461908576 -0.2657588272113998 0.1755332233885724
3113 1.997780730951932 -0.3828794136056999 0.2127666116939397
3114 2.166666666661531 -0.3333333333277775 0.249999999994538
3115 2.083333333328409 -0.4166666666638887 0.2499999999969225
3116 2.164447397618175 -0.2162127469334774 0.2127666116891707
3117 2.078894795241698 -0.1824254938752886 0.1755332233861879
3118 2.262793265105757 -0.2646470845448146 0.1556379863399346
3119 2.275586530216862 -0.2792941690979629 0.06127597268771558
3120 2.093907329396158 -0.314193164822737 0.1184045980393362
3121 2.179459931772635 -0.3479804178809258 0.1556379863423191
3122 2.081114064285053 -0.2995460802695887 0.2127666116915551
3123 2.17724066272928 -0.2308598314866257 0.1184045980369517
3124 6.460793232565068 0.4063654139472052 0.1666666666660753
3125 6.421586465130831 0.3127308278944103 0.08333333333284355
3126 6.460793232565068 0.4063654139472052 -1.046142436701806e-12
3127 6.421586465130831 0.3127308278944103 -7.171626351028939e-13
3128 6.344790346030309 0.3443792552219086 0.05951301115565093
3129 6.460793232565067 0.4063654139472052 0.08333333333251458
3130 6.383997113464547 0.4380138412747033 0.05951301115532194
3131 6.344790346030308 0.3443792552219086 -0.0238203221779098
3132 0.3176664610492658 -0.4441423406473527 0.07897852646074227
3133 0.4088332305241245 -0.4720711703236763 0.03948926322968357
3134 0.3176664610492658 -0.4441423406473527 0.162311859794303
3135 0.4088332305241246 -0.4720711703236763 0.206155929896805
3136 0.1509997943829381 -0.4441423406473527 0.162311859794303
3137 0.07549989719146903 -0.4720711703236763 0.206155929896805
3138 0.2421665638577968 -0.4720711703236762 0.1228225965632442
3139 0.4088332305241245 -0.4720711703236763 0.1228225965632443
3140 0.2421665638577968 -0.4720711703236763 0.2061559298968049
3141 3.001166382775685 0.2581241049976559 0.07059645239534174
3142 2.875583191390739 0.2540620524952743 0.1602982261977947
3143 2.753382106682293 0.2971613369466203 0.1619627445170092
3144 2.756764213358791 0.3443226739003478 0.07392548903377077
3145 2.882347404743737 0.3483847264027294 -0.01577628476868216
3146 3.004548489452183 0.3052854419513834 -0.01744080308789667
3147 2.81222632298259 0.2132639645544821 -0.01920430393149926
3148 2.96948794857161 0.2377250610272598 -0.01915481266930522
3149 2.690025238274143 0.2563632490058281 -0.01753978561228475
3150 2.725085779154716 0.3239236299299517 -0.0158257760308762
3151 2.686643131597644 0.2092019120521005 0.07049746987095366
3152 2.718321565801719 0.2296009560224966 0.1602487349356006
3153 2.878965298067238 0.3012233894490018 0.07226097071455624
3154 2.843904757186664 0.2336630085248782 0.07054696113314771
3155 2.847286863863163 0.2808243454786058 -0.01749029435009071
3156 2.721703672478218 0.2767622929762241 0.07221147945236224
3157 2.771046449376077 -0.1080902690224194 -0.3519809734455477
3158 2.885523224686738 -0.1790451345111232 -0.4259904867227738
3159 2.552189891353787 -0.1790451345110655 -0.4259904867227738
3160 2.604379782709602 -0.1080902690223906 -0.3519809734455477
3161 2.552189891356551 -0.0123784678442281 -0.4259904867227738
3162 2.604379782710983 -0.02475693568897186 -0.3519809734455477
3163 2.718856558020263 -0.1790451345110943 -0.4259904867227737
3164 2.718856558021644 -0.09571180117767562 -0.4259904867227737
3165 2.552189891355169 -0.0957118011776468 -0.4259904867227737
3166 4.67927967076153 0.4229405821933104 0.332428375162462
3167 4.589639835387355 0.4614702910966552 0.2912141875808845
3168 4.845946337427041 0.4229405821933104 0.4157617084960263
3169 4.922973168718376 0.4614702910966552 0.4578808542480132
3170 4.845946337427041 0.4229405821933104 0.332428375162462
3171 4.922973168718376 0.4614702910966552 0.2912141875808845
3172 4.756306502052865 0.4614702910966552 0.2912141875808846
3173 4.756306502052865 0.4614702910966552 0.3745475209144489
3174 4.922973168718376 0.4614702910966552 0.3745475209144489
3175 0.4219870828867461 -0.03277654710538146 -0.06006990047785566
3176 0.3478294056577829 -0.1435610362391267 -0.1033072087248004
3177 0.3138678932387029 0.06547662191676396 -0.2451759052107141
3178 0.4050063266772062 0.07174228197256388 -0.1310042487208125
3179 0.4987149200389246 0.02600264734359009 -0.3389441974103037
3180 0.497429840077317 0.05200529468597694 -0.1778883948206073
3181 0.4075764866004215 0.01973698728779016 -0.4531158539002053
3182 0.3151529732003105 0.03947397457437709 -0.4062317078004104
3183 0.4245572428099614 -0.08478184179015519 -0.3821815056572484
3184 0.3491144856193905 -0.1695636835815136 -0.2643630113144967
3185 0.3308486494482429 -0.0390422071611814 -0.1742415569677572
3186 0.4232721628483538 -0.05877919444776832 -0.221125703067552
3187 0.4062914066388137 0.04573963463017701 -0.2920600513105089
3188 0.3321337294098505 -0.06504485450356824 -0.3352973595574535
3189 1.083333333329889 -0.249999999992769 0.2499999999916722
3190 1.166666666664058 -0.2499999999937302 0.2499999999949424
3191 1.225449938595264 -0.09845720728783447 0.2327498561798869
3192 1.200899877192301 0.05308558541902263 0.2154997123615611
3193 1.117566543858132 0.05308558541998395 0.2154997123582909
3194 1.058783271926926 -0.09845720728591185 0.2327498561733465
3195 0.9999999999993558 -0.08333333332991499 0.4166666666628007
3196 0.999999999997538 -0.1666666666608613 0.3333333333256013
3197 1.058783271930562 0.0682094593759808 0.3994165228477451
3198 1.11756654385995 0.1364189187509303 0.2988330456954902
3199 1.083333333333525 -0.08333333333087628 0.4166666666660709
3200 1.166666666665876 -0.1666666666627839 0.3333333333321418
3201 1.142116605261095 -0.09845720728687316 0.2327498561766166
3202 1.083333333331707 -0.1666666666618226 0.3333333333288716
3203 1.058783271928744 -0.01512387395496553 0.3160831895105458
3204 1.142116605262913 -0.01512387395592682 0.316083189513816
3205 5.354880952111042 -0.1529393202863258 -0.1014268023721118
3206 5.427440476053903 -0.1769412243400352 -0.1773685697364723
3207 5.416666666664653 -0.1339620855958363 -0.3031394605619318
3208 5.333333333332542 -0.06698104279792791 -0.3529685840230307
3209 5.260773809389681 -0.04297913874421842 -0.2770268166586702
3210 5.271547618778931 -0.08595827748841735 -0.1512559258332108
3211 5.427440476055945 -0.04297913874437731 -0.008495011669708809
3212 5.354880952112063 -0.0859582774884968 -0.01699002333873006
3213 5.416666666666694 -1.783796169908369e-13 -0.1342659024951683
3214 5.333333333333562 -9.893769208809686e-14 -0.268531804989649
3215 5.499999999998805 -0.06698104279808677 -0.08443677903406929
3216 5.499999999997784 -0.1339620855959157 -0.168873558067451
3217 5.344107142721793 -0.1099601815421268 -0.2271976931975712
3218 5.427440476054923 -0.1099601815422063 -0.09293179070309052
3219 5.344107142722812 -0.04297913874429787 -0.1427609141641895
3220 5.416666666665673 -0.06698104279800733 -0.21870268152855
3221 5.734934750401909 0.03732798607900839 -0.0947722076069258
3222 5.712780378374229 0.1177679205004719 -0.08370472927250444
3223 5.627084004229955 0.06515752715004203 -0.132861612992333
3224 5.563542002113358 -0.06789280062185132 -0.1930859750465829
3225 5.585696374141039 -0.1483327350433148 -0.2041534533810043
3226 5.671392748285314 -0.09572234169288496 -0.1549965696611757
3227 5.585696374143081 -0.01437064944765691 -0.03527989531424075
3228 5.671392748286334 -0.02874129889505599 -0.07055979062779395
3229 5.563542002115401 0.06606928497380657 -0.0242124169798194
3230 5.627084004230976 0.132138569947871 -0.04842483395895124
3231 5.649238376257633 -0.01528240727142148 -0.1439290913267543
3232 5.649238376258654 0.05169863552640747 -0.0594923122933726
3233 5.58569637414206 -0.08135169224548586 -0.1197166743476225
3234 5.56354200211438 -0.0009117578240223634 -0.1086491960132011
3235 2.951032418981745 -0.1689883707769127 0.3355738196180133
3236 2.975516209492087 -0.08449418538828446 0.4177869098090066
3237 2.880428360811115 -0.02281310695532749 0.4231816769038422
3238 2.760856721619801 -0.04562621391099876 0.3463633538076845
3239 2.73637293110946 -0.130120399299627 0.2641502636166911
3240 2.831460779790432 -0.191801477732584 0.2587554965218555
3241 2.975516209488734 -0.2511608520550649 0.4177869098090067
3242 2.951032418980069 -0.2523217041103029 0.3355738196180133
3243 2.880428360807761 -0.189479773622108 0.4231816769038422
3244 2.760856721618124 -0.128959547244389 0.3463633538076845
3245 2.855944570300773 -0.1073072923439557 0.3409685867128489
3246 2.97551620949041 -0.1678275187216747 0.4177869098090067
3247 2.855944570299097 -0.190640625677346 0.3409685867128489
3248 2.880428360809437 -0.1061464402887177 0.4231816769038422
3249 5.420467154396287 0.471010206617115 0.003954832314267792
3250 5.340934308786331 0.44202041323423 0.007909664629910705
3251 5.174267642120819 0.44202041323423 0.007909664629910707
3252 5.087133821065265 0.471010206617115 0.003954832314267792
3253 5.166666666673903 0.3725632683376274 -0.2058966016723909
3254 5.083333333341807 0.4362816341688137 -0.102948300836883
3255 5.253800487729457 0.3435734749547424 -0.201941769356748
3256 5.257600975452915 0.3783020474030436 -0.09503863620559719
3257 5.333333333339414 0.3725632683376274 -0.2058966016723909
3258 5.416666666672828 0.4362816341688137 -0.102948300836883
3259 5.253800487730776 0.471010206617115 0.003954832314267792
3260 5.250000000007319 0.4362816341688138 -0.102948300836883
3261 5.17046715439736 0.4072918407859286 -0.09899346852124011
3262 5.337133821062872 0.4072918407859287 -0.09899346852124011
3263 1.771779369075042 0.3529952775776091 0.09176311863524066
3264 1.827079533388132 0.2860457597102555 0.04588155931742623
3265 1.838253131802627 0.2490124620642069 -0.1029483008362862
3266 1.79412656590403 0.2789286822855117 -0.2058966016721842
3267 1.73882640159094 0.3458782001528653 -0.1600150423543698
3268 1.727652803176445 0.382911497798914 -0.01118518220065738
3269 1.905493068259533 0.4733149318149876 0.04588155931676827
3270 1.810986136510742 0.4466298636299751 0.09176311863491167
3271 1.916666666674027 0.4362816341689389 -0.1029483008369442
3272 1.833333333339731 0.3725632683378778 -0.2058966016725132
3273 1.960793232572624 0.406365413947634 -1.04614509552437e-12
3274 1.921586465136923 0.312730827895268 -7.171679527480218e-13
3275 1.782952967489536 0.3159619799315604 -0.05706674151847178
3276 1.866286300823833 0.3796803457626216 0.04588155931709725
3277 1.822159734925236 0.4095965659839264 -0.05706674151880076
3278 1.877459899238327 0.3426470481165729 -0.1029483008366152
3279 7.310724604213975 -0.1710100764317774 0.04836888446269329
3280 7.371449208430396 -0.1255138019166867 0.0967377689256603
3281 7.376989538814606 -0.01134936709929217 0.119886043969103
3282 7.321805264982395 0.05731879320301161 0.09466543454957863
3283 7.261080660765975 0.01182251868792092 0.04629655008661163
3284 7.255540330381764 -0.1023419161294736 0.02314827504316896
3285 7.094051040224047 -0.1544369780286807 0.1764777650636611
3286 7.1720255201108 -0.1854716644877744 0.08823888253169368
3287 7.099591370608257 -0.04027254321128623 0.1996260401071037
3288 7.18310618087922 0.04285720514701458 0.134535432618579
3289 7.154775644440468 -0.10894070351359 0.2248466495266281
3290 7.293474728543642 -0.09447911545759297 0.1849766514576277
3291 7.316264934598185 -0.05684564161438289 0.07151715950613596
3292 7.232750124327222 -0.1399753899726837 0.1366077669946607
3293 7.177565850495011 -0.07130722967037992 0.1113871575751363
3294 7.238290454711431 -0.02581095515528921 0.1597560420381033
3295 1.624995606831422 0.2965738863863173 -0.188355341687011
3296 1.687497803418428 0.302709394446567 -0.2486001220975466
3297 1.666666666670788 0.2058966016714976 -0.3725632683387215
3298 1.583333333336141 0.1029483008361785 -0.4362816341693607
3299 1.520831136749135 0.09681279277592886 -0.3760368537588251
3300 1.541662273496775 0.1936255855509983 -0.2520737075176502
3301 1.520831136750718 0.2634794594423115 -0.3760368537588251
3302 1.541662273497567 0.2769589188841896 -0.2520737075176502
3303 1.583333333337724 0.2696149675025612 -0.4362816341693608
3304 1.666666666671579 0.2892299350046889 -0.3725632683387215
3305 1.604164470083781 0.1997610936112479 -0.3123184879281858
3306 1.604164470084573 0.2830944269444393 -0.3123184879281858
3307 1.520831136749926 0.1801461261091202 -0.3760368537588251
3308 1.583333333336932 0.1862816341693698 -0.4362816341693607
3309 7.905314368592708 -0.2328387237310418 -0.4157265044264191
3310 7.810628737185415 -0.2156774474613903 -0.3314530088528381
3311 7.643962070518246 -0.2156774474613615 -0.3314530088528381
3312 7.571981035258366 -0.2328387237309841 -0.4157265044264191
3313 7.659229254137369 -0.333821778163111 -0.4559322837587126
3314 7.579614627067928 -0.2919108890818589 -0.4779661418793563
3315 7.731210289397247 -0.3166605018934883 -0.3716587881851316
3316 7.723576697587685 -0.2575883365426135 -0.3094191507321944
3317 7.825895920804539 -0.3338217781631398 -0.4559322837587126
3318 7.912947960402269 -0.2919108890819165 -0.4779661418793563
3319 7.738647701925537 -0.2328387237310129 -0.4157265044264191
3320 7.746281293735099 -0.2919108890818877 -0.4779661418793563
3321 7.651595662327805 -0.2747496128122362 -0.3936926463057753
3322 7.818262328994976 -0.2747496128122651 -0.3936926463057753
3323 0.5945607290821058 0.2105475975370849 -0.4754795612000706
3324 0.6891214581629049 0.1710951950735631 -0.4509591224001412
3325 0.6891214581626468 0.08776186174042865 -0.4509591224001412
3326 0.5945607290815895 0.04388093087081594 -0.4754795612000706
3327 0.9278940624153504 0.04388093087070134 -0.4754795612000706
3328 0.8557881248295272 0.08776186174037133 -0.4509591224001412
3329 0.5945607290818476 0.1272142642039504 -0.4754795612000706
3330 0.761227395748728 0.1272142642038931 -0.4754795612000705
3331 0.76122739574847 0.04388093087075864 -0.4754795612000705
3332 6.184393099990038 -0.3486334027787477 -0.4021010644375973
3333 6.092196549993387 -0.2993167013895472 -0.4510505322187986
3334 6.092196549992046 -0.4659833680559827 -0.4510505322187986
3335 6.184393099989366 -0.4319667361119654 -0.4021010644375973
3336 6.092196549992047 -0.4659833680559827 -0.2843838655525943
3337 6.184393099989367 -0.4319667361119654 -0.3187677311044951
3338 5.999999999995397 -0.4166666666667823 -0.3333333333337957
3339 5.999999999996067 -0.3333333333335645 -0.4166666666668978
3340 6.092196549992718 -0.382650034722765 -0.4510505322187986
3341 6.092196549992718 -0.3826500347227649 -0.3677171988856965
3342 6.092196549992045 -0.4659833680559827 -0.3677171988856965
3343 5.999999999995397 -0.4166666666667823 -0.4166666666668978
3344 1.795401046311308 -0.09930338082513658 -0.07373840434804907
3345 1.828618933422212 -0.03497606279853727 -0.1178669738334358
3346 1.948421791813409 -0.009189696939860163 -0.1485276070041147
3347 2.035006763093703 -0.04773064910778237 -0.135059670689407
3348 2.001788875982799 -0.1120579671343817 -0.09093110120402027
3349 1.881986017591602 -0.1378443329930588 -0.06027046803334132
3350 1.9207277197325 -0.2212102329503476 -0.3432032782875541
3351 1.841455439466452 -0.1924204659010417 -0.1864065565751083
3352 2.040530578123697 -0.1954238670916705 -0.3738639114582331
3353 2.081061156248846 -0.1408477341836876 -0.2477278229164662
3354 1.953945606843403 -0.1568829149237483 -0.3873318477729408
3355 1.907891213688259 -0.06376582984784315 -0.2746636955458817
3356 1.915203904702505 -0.07351701496645947 -0.104399037518728
3357 1.874673326577356 -0.1280931478744425 -0.230535126060495
3358 1.961258297857649 -0.1666341000423646 -0.2170671897457872
3359 1.994476184968553 -0.1023067820157654 -0.2611957592311739
3360 4.02907643031918 0.03214569923137702 -0.2184826357642082
3361 4.029486521464365 -0.05851276511251177 -0.1643352612764037
3362 4.092037012658645 -0.14332841717413 -0.215604819059214
3363 4.154177412707741 -0.1374856048918595 -0.3210217513298286
3364 4.153767321562555 -0.04682714054797071 -0.3751691258176331
3365 4.091216830368275 0.03798851151364754 -0.3238995680348228
3366 4.176222113060044 0.04093472119179251 -0.2352142373823311
3367 4.102444226117019 0.08186944238352915 -0.2539221238171718
3368 4.238772604254324 -0.04388093086982573 -0.2864837951651413
3369 4.22754520850558 -0.08776186173970733 -0.3564612393827923
3370 4.176632204205229 -0.04972374315209627 -0.1810668628945267
3371 4.10326440840739 -0.09944748630424842 -0.145627374841563
3372 4.09162692151346 -0.05266995283024124 -0.2697521935470184
3373 4.102854317262205 -0.008789021960359619 -0.1997747493293674
3374 4.164994717311299 -0.002946209678089097 -0.3051916815999821
3375 4.165404808456485 -0.09360467402197786 -0.2510443071121776
3376 3.333333333331512 -0.07276424425572096 -0.425652360536849
3377 3.416666666664168 -0.1613821221278172 -0.4628261802684245
3378 3.083333333334571 0.005284544539020955 -0.4628261802684245
3379 3.166666666666713 0.01056908907769813 -0.4256523605368489
3380 3.416666666668111 0.005284544538906361 -0.4628261802684245
3381 3.333333333333484 0.01056908907764083 -0.4256523605368489
3382 3.249999999999369 -0.07804878879439814 -0.4628261802684245
3383 3.416666666666139 -0.07804878879445544 -0.4628261802684245
3384 3.250000000001341 0.005284544538963658 -0.4628261802684245
3385 2.513337058978983 -0.04415196552710264 0.3054066133364668
3386 2.385389035529478 -0.01986461018753524 0.3412681959614068
3387 2.30353996652492 0.07848439657459895 0.2896582585512217
3388 2.349638920969868 0.1525460479971657 0.2021867385160966
3389 2.477586944419373 0.1282586926575983 0.1663251558911565
3390 2.559436013423929 0.02990968589546416 0.2179350933013416
3391 2.433195653205576 -0.04019531880803955 0.1751297427352801
3392 2.537240367817031 -0.05431731983735479 0.2223373867234034
3393 2.351346584201019 0.05815368795409464 0.123519805325095
3394 2.373542229807917 0.1423806936869136 0.1191175119030332
3395 2.305247629756071 -0.01590796346847214 0.2109913253602201
3396 2.281344320918022 -0.005742609158219985 0.2940605519732835
3397 2.431487989974425 0.05419704123503155 0.2537966759262816
3398 2.409292344367527 -0.03002996449778739 0.2581989693483435
3399 2.455391298812474 0.04403168692477941 0.1707274493132183
3400 2.327443275362969 0.06831904226434679 0.2065890319381583
3401 7.083333333330867 -0.4362816341691699 -0.1029483008367738
3402 7.166666666664369 -0.3725632683383397 -0.2058966016721724
3403 7.176444028790517 -0.2679303239394147 -0.2709480020680469
3404 7.102888057583159 -0.2270157453713198 -0.2330511016285228
3405 7.019554724249655 -0.29073411120215 -0.1301028007931242
3406 7.009777362123508 -0.395367055601075 -0.06505140039724967
3407 7.166666666664157 -0.3110042339645788 -6.408482157743373e-13
3408 7.083333333330759 -0.4055021169822893 -1.007992165931432e-12
3409 7.176444028790304 -0.2063712895656537 -0.06505140039651537
3410 7.102888057583052 -0.1962362281844393 -0.130102800792757
3411 7.249999999997661 -0.2472858681337486 -0.1029483008360395
3412 7.249999999997767 -0.2780653853206291 -0.2058966016718052
3413 7.09311069545701 -0.3316486897702449 -0.1679997012326483
3414 7.166666666664263 -0.3417837511514593 -0.1029483008364066
3415 7.093110695456904 -0.3008691725833643 -0.06505140039688252
3416 7.176444028790409 -0.2371508067525342 -0.1679997012322811
3417 2.083438044711966 0.3041006971789652 -0.1525415550306498
3418 2.041719022360145 0.4020503485894826 -0.2012707775156715
3419 1.960793232572624 0.406365413947634 -0.1666666666672583
3420 1.921586465136923 0.312730827895268 -0.08333333333382324
3421 1.963305487488745 0.2147811764847505 -0.03460411084880147
3422 2.044231277276266 0.2104661111265991 -0.06920822169721474
3423 2.041719022360145 0.4020503485894826 -0.03460411084945942
3424 2.083438044711966 0.3041006971789652 -0.06920822169754372
3425 2.002512254924445 0.3084157625371166 -0.1179374441822365
3426 2.041719022360145 0.4020503485894825 -0.1179374441825655
3427 2.002512254924445 0.3084157625371166 -0.03460411084913044
3428 1.960793232572624 0.406365413947634 -0.08333333333415223
3429 1.060460353015892 0.1381379903696189 0.2327785694146412
3430 0.9445708902424451 0.07164760261335798 0.267307570286047
3431 0.8481590092500508 -0.02979855691619437 0.2194434573718338
3432 0.8676365910311028 -0.06475432868948582 0.1370503435862148
3433 0.9835260538045494 0.001736059066775042 0.102521342714809
3434 1.079937934796944 0.1031822185963274 0.1503854556290222
3435 0.9623713909345317 -0.1999033668154642 0.1848857432591333
3436 0.9247427818733434 -0.1498067336391208 0.1197714865298646
3437 0.9428938091534796 -0.1649475950421728 0.2672788570447523
3438 0.8857876183112391 -0.07989519009253784 0.2845577141011025
3439 0.9640484720234972 0.03669183084006652 0.184914456500428
3440 1.001677081084686 -0.01340480233627694 0.2500287132296967
3441 1.021154662865738 -0.04836057410956842 0.1676355994440777
3442 0.9052652000922913 -0.1148509618658293 0.2021646003154836
3443 2.416666666660985 -0.4785338626199798 0.3118671959528141
3444 2.333333333328142 -0.4570677252399595 0.3737343919063211
3445 2.333333333328142 -0.4570677252399595 0.4570677252398855
3446 2.416666666660985 -0.4785338626199798 0.4785338626199427
3447 2.333333333327711 -0.3333333333277775 0.3333333333281023
3448 2.416666666660769 -0.4166666666638887 0.4166666666640512
3449 2.249999999994868 -0.3118671959477573 0.3118671959480451
3450 2.249999999995083 -0.3737343919038483 0.3737343919039366
3451 2.333333333327711 -0.3333333333277775 0.249999999994538
3452 2.416666666660769 -0.4166666666638887 0.2499999999969225
3453 2.416666666660985 -0.4785338626199797 0.3952005292863784
3454 2.416666666660769 -0.4166666666638887 0.3333333333304868
3455 2.333333333327927 -0.3952005292838685 0.395200529283994
3456 2.333333333327927 -0.3952005292838685 0.3118671959504296
3457 1.913350913823978 -0.233423672992731 0.09536676606497674
3458 1.833359634782735 -0.3182091051683624 0.05243369704674843
3459 1.75630662356113 -0.3232065911799078 -0.003536192935207386
3460 1.759244891380767 -0.2434186450158218 -0.01657301389893488
3461 1.83923617042201 -0.1586332128401905 0.02636005511929343
3462 1.916289181643615 -0.1536357268286451 0.08232994510124923
3463 1.997780730951932 -0.3828794136056999 0.04609994502681827
3464 1.995561461908576 -0.2657588272113998 0.09219989005501165
3465 1.920727719730327 -0.3878768996172453 -0.009869944955137539
3466 1.841455439465366 -0.2757537992344906 -0.01973988990889996
3467 1.91778945191069 -0.4676648457813313 0.003166876008589954
3468 1.835578903826091 -0.4353296915626625 0.006333752018555031
3469 1.836297902602373 -0.2384211590042764 0.03939687608302092
3470 1.915570182867334 -0.3505442593870311 0.04926682103678334
3471 1.918508450686971 -0.2707563132229452 0.03623000007305585
3472 1.838517171645728 -0.3555417453985766 -0.006703068945172462
3473 0.113930031490479 0.2421886563186768 -0.2291079631529458
3474 0.227860062980958 0.2343773126366602 -0.2082159263051983
3475 0.3154132515217244 0.2751734332674858 -0.08685758313545691
3476 0.2890364085720117 0.323780897580328 0.013608723186537
3477 0.113930031490479 0.2421886563186768 -0.06244129648673367
3478 0.227860062980958 0.2343773126366602 -0.1248825929720922
3479 0.2014832200312454 0.2829847769495024 -0.1077496199832044
3480 0.113930031490479 0.2421886563186768 -0.1457746298198397
3481 0.2014832200312454 0.2829847769495024 -0.02441628665009834
3482 2.429459931771874 -0.4313137512170371 0.1556379863447035
3483 2.35891986354992 -0.3626275024340742 0.06127597269010007
3484 2.262793265105694 -0.431313751217037 0.1556379863447035
3485 2.429459931771874 -0.431313751217037 0.07230465301114282
3486 5.833333333328811 -0.372563268337813 -0.3725632683387293
3487 5.916666666661769 -0.4362816341689065 -0.4362816341693647
3488 5.583333333327555 -0.4362816341689065 -0.2696149675031602
3489 5.666666666661704 -0.372563268337813 -0.2892299350056271
3490 5.583333333327555 -0.4362816341689065 -0.4362816341693647
3491 5.666666666661705 -0.372563268337813 -0.3725632683387293
3492 5.74999999999466 -0.4362816341689065 -0.3529483008362624
3493 5.749999999994661 -0.4362816341689065 -0.4362816341693647
3494 5.583333333327555 -0.4362816341689065 -0.3529483008362625
3495 3.166666666646912 -0.3333333333052771 -0.2499999999786617
3496 3.08333333331964 -0.4166666666526386 -0.2499999999896775
3497 2.999999999994046 -0.416666666666609 -0.3333333333337956
3498 2.999999999995722 -0.333333333333218 -0.4166666666668978
3499 3.083333333322993 -0.2499999999858565 -0.416666666655882
3500 3.166666666648588 -0.2499999999718862 -0.3333333333117639
3501 3.08333333331964 -0.4166666666526386 -0.416666666655882
3502 3.166666666646911 -0.3333333333052771 -0.3333333333117639
3503 3.083333333321316 -0.3333333333192475 -0.3333333333227797
3504 3.08333333331964 -0.4166666666526386 -0.3333333333227797
3505 3.083333333321316 -0.3333333333192476 -0.416666666655882
3506 2.999999999994045 -0.416666666666609 -0.4166666666668977
3507 1.833333333340414 0.4570677252400995 0.4570677252398858
3508 1.916666666674369 0.4785338626200497 0.4785338626199429
3509 1.666666666673054 0.4570677252400995 0.4570677252398858
3510 1.583333333339648 0.4785338626200497 0.4785338626199429
3511 1.833333333339328 0.3737343919068817 0.4570677252398858
3512 1.916666666672196 0.3118671959536142 0.4785338626199429
3513 1.916666666673283 0.395200529286832 0.4785338626199429
3514 1.750000000007009 0.4785338626200497 0.4785338626199428
3515 1.750000000005922 0.395200529286832 0.4785338626199429
3516 3.500000000010625 0.3333333333333912 0.4166666666664357
3517 3.500000000012596 0.4166666666666956 0.3333333333328714
3518 3.70933667999392 0.3158538483863923 0.398758795310185
3519 3.604668340001286 0.2829269241932395 0.4493793976550925
3520 3.709336679995892 0.3991871817196967 0.398758795310185
3521 3.60466834000523 0.4495935908598483 0.4493793976550925
3522 3.709336679995892 0.3991871817196967 0.3154254619766206
3523 3.60466834000523 0.4495935908598483 0.2827127309879638
3524 3.500000000012596 0.4166666666666955 0.4166666666664357
3525 3.604668340003258 0.3662602575265439 0.3660460643215281
3526 3.604668340003258 0.3662602575265439 0.4493793976550924
3527 3.60466834000523 0.4495935908598483 0.3660460643215282
3528 5.748429538423154 -0.04849327378493606 -0.003570243405941476
3529 5.739769954416719 -0.05387459922741704 0.0986991991294642
3530 5.71761558238904 0.02656533519404643 0.1097666774638856
3531 5.704120794367795 0.1123865950579909 0.01856471326290126
3532 5.577036790136646 -0.01975197489013789 0.06698954722116493
3533 5.654073580273465 -0.03950394978001795 0.1339790944430174
3534 5.726275166395474 0.0319466606365274 0.007497234928479889
3535 5.662733164279899 -0.03412262433753697 0.03170965190761172
3536 5.640578792252221 0.04631731008392649 0.04277713024203311
3537 5.811898564143043 -0.1130798109033919 -0.09428083090497477
3538 5.866708005856497 -0.1830476734643286 -0.08272197586860236
3539 5.926847161632551 -0.2113805444420981 -0.1442548733303618
3540 5.932176875695152 -0.1697455528589308 -0.2173466258284935
3541 5.877367433981697 -0.09977769029799402 -0.228905480864866
3542 5.817228278205643 -0.07144481932022455 -0.1673725834031066
3543 5.919029707475697 -0.01437064944771421 -0.03527989531424076
3544 5.838059414952642 -0.02874129889508464 -0.07055979062779395
3545 5.979168863251751 -0.04270352042548368 -0.09681279277600015
3546 5.958337726504752 -0.08540704085062358 -0.1936255855513127
3547 5.973839149189152 -0.08433851200865099 -0.02372104027786836
3548 5.94767829837955 -0.1686770240169582 -0.04744208055504916
3549 5.872037719919097 -0.1414126818811613 -0.1558137283667341
3550 5.892868856666096 -0.09870916145602142 -0.05900093559142155
3551 5.898198570728697 -0.0570741698728541 -0.1320926880895534
3552 5.953008012442151 -0.1270420324337909 -0.1205338330531809
3553 3.980724307641596 -0.02641540569005112 -0.07345859119252895
3554 3.93155200267364 0.09634041807629835 -0.03672929559645857
3555 4.00491979847148 0.1460641612284505 0.07216878364834939
3556 4.127459899237275 0.07303208061425322 0.144337567297087
3557 4.17663220420523 -0.04972374315209625 0.1076082717010166
3558 4.10326440840739 -0.09944748630424841 -0.001289807543791349
3559 4.25000000000307 5.588085237352194e-14 -0.07216878364971871
3560 4.25000000000307 5.588973103278287e-14 0.07216878364805292
3561 4.127459899237275 0.07303208061425319 -0.1443375672984563
3562 4.00491979847148 0.1460641612284505 -0.07216878364942224
3563 4.054092103439435 0.02330833746210106 0.03543948805227901
3564 4.054092103439435 0.02330833746210104 -0.1088980792454926
3565 4.17663220420523 -0.04972374315209625 -0.03672929559675501
3566 4.127459899237275 0.07303208061425319 -6.846676003924301e-13
3567 7.541762335601202 0.2251307853532953 0.1906708740185413
3568 7.628144501668624 0.204664769957823 0.1719434342528779
3569 7.736990824423546 0.1591183790752914 0.2363181121096859
3570 7.759454981111045 0.1340380035882323 0.3194202297321573
3571 7.673072815043623 0.1545040189837046 0.3381476694978208
3572 7.5642264922887 0.2000504098662361 0.2737729916410128
3573 7.485126723176792 0.08186560024878707 0.4031327712614016
3574 7.470253446355286 0.1637312004987773 0.3062655425228031
3575 7.593973045931715 0.03631920936625554 0.4675074491182096
3576 7.687946091865129 0.07263841873371429 0.4350148982364192
3577 7.571508889244216 0.06139958485331474 0.3844053314957382
3578 7.643017778490131 0.1227991697078327 0.2688106629914763
3579 7.650608658356122 0.1795843944707637 0.2550455518753493
3580 7.556635612422708 0.143265185103305 0.2875381027571398
3581 7.579099769110206 0.1181848096162458 0.3706402203796113
3582 7.665481935177629 0.09771879422077349 0.3519127806139478
3583 5.288784053309466 0.09957654909152916 0.06740915464213805
3584 5.339088930082042 0.0645346708821507 0.1686034338986245
3585 5.405431401157824 0.1164746545572814 0.1371616216779054
3586 5.421468995461032 0.2034565164417905 0.004525530200699804
3587 5.371164118688456 0.238498394651169 -0.09666874905578671
3588 5.304821647612672 0.1865584109760383 -0.06522693683506757
3589 5.253760700963213 0.3202265556678658 -0.003352043574413729
3590 5.24611993875005 0.2274224914843867 -0.01856858409438108
3591 5.320103172038995 0.3721665393429966 -0.03479385579513286
3592 5.378804880901617 0.3313024588346482 -0.08145220853581935
3593 5.304065577735788 0.2851846774584874 0.09784223568207276
3594 5.346729692295202 0.1573387350656298 0.1838199744185919
3595 5.355126524385248 0.1515165327666599 0.03596734242141892
3596 5.296424815522626 0.1923806132750083 0.0826256951621054
3597 5.312462409825834 0.2793624751595175 -0.05001039631510022
3598 5.362767286598411 0.244320596950139 0.05118388294138629
3599 6.320057584157239 -0.08519486892569739 0.4536684361285537
3600 6.410028792077457 -0.04259743446327841 0.4768342180642768
3601 6.410028792076915 -0.209264101129661 0.4768342180642768
3602 6.320057584156968 -0.1685282022588887 0.4536684361285536
3603 6.337250410444643 -0.1831299068954947 0.3035462229752148
3604 6.283668393340831 -0.1554611051418055 0.3670244385840226
3605 6.427221618364589 -0.223865805766267 0.326712004910938
3606 6.463610809180725 -0.2369329028833502 0.413356002455469
3607 6.427221618364861 -0.1405324724330757 0.326712004910938
3608 6.463610809181268 -0.07026623621696756 0.413356002455469
3609 6.410028792077186 -0.1259307677964697 0.4768342180642769
3610 6.37363960126105 -0.1128636706793865 0.3901902205197458
3611 6.37363960126078 -0.1961970040125778 0.3901902205197458
3612 6.463610809180995 -0.1535995695501589 0.4133560024554689
3613 5.166666666673903 0.3725632683376274 -0.3725632683385992
3614 5.083333333341807 0.4362816341688137 -0.4362816341692995
3615 5.416666666672829 0.4362816341688137 -0.2696149675030952
3616 5.333333333339414 0.3725632683376274 -0.2892299350054969
3617 5.416666666672829 0.4362816341688137 -0.4362816341692996
3618 5.333333333339414 0.3725632683376274 -0.3725632683385992
3619 5.250000000007317 0.4362816341688137 -0.3529483008361973
3620 5.2500000000073 0.4362816341688137 -0.4362816341692995
3621 5.416666666672829 0.4362816341688137 -0.3529483008361973
3622 0.7763340627373037 0.3022478638364886 0.06946153224417843
3623 0.8293568802181412 0.2606720528397796 0.03473076612189512
3624 0.6379075555049021 0.285726985544648 -0.1116033525272754
3625 0.6806094003806841 0.3147753301889228 -0.00370552708040682
3626 0.7550241651133505 0.3643542480131103 -0.1851959459820347
3627 0.7391677051849083 0.3540889614231539 -0.0405018238077865
3628 0.7123223202375685 0.3353059033688356 -0.2930937714289032
3629 0.6537640154333443 0.2959922721346044 -0.2562974747015235
3630 0.8080469825941881 0.3227784370164014 -0.219926712104318
3631 0.8452133401465833 0.270937339429736 -0.1099633560523531
3632 0.7336322178615217 0.2731995191922139 -0.03843629320269013
3633 0.7921905226657457 0.312513150426445 -0.07523258993006979
3634 0.6964658603091263 0.3250406167788792 -0.148399649254655
3635 0.7494886777899638 0.2834648057821703 -0.1831304153769383
3636 0.7450802015343663 -0.3127308278944116 -0.08333333333382323
3637 0.8725401007662756 -0.4063654139472058 -0.1666666666672583
3638 0.5392067674334746 -0.4063654139472058 -0.1666666666672583
3639 0.5784135348679658 -0.3127308278944116 -0.08333333333382324
3640 0.7485434474167425 -0.3051242092573548 -0.2325205150535787
3641 0.6830818748595997 -0.2621102255494862 -0.1162602575269834
3642 0.7093366799822514 -0.398758795310149 -0.3158538483870137
3643 0.6046683399906173 -0.4493793976550745 -0.2829269241938535
3644 0.8760033466486519 -0.398758795310149 -0.3158538483870137
3645 0.9380016733234184 -0.4493793976550745 -0.2829269241938535
3646 0.705873434099875 -0.4063654139472058 -0.1666666666672583
3647 0.8105417740915091 -0.3557448116022803 -0.1995935908604185
3648 0.6438751074251086 -0.3557448116022803 -0.1995935908604185
3649 0.7713350066570178 -0.4493793976550744 -0.2829269241938535
3650 6.999999999996547 0.2499999999985432 0.3333333333304181
3651 6.999999999996447 0.2499999999990117 0.416666666665209
3652 6.920781961035055 0.244188454283556 0.359427117689368
3653 6.841563922073761 0.2383769085676316 0.218854235378736
3654 6.841563922073861 0.238376908567163 0.135520902043945
3655 6.920781961035253 0.2441884542826188 0.1927604510197861
3656 6.833333333330533 0.08333333333275909 0.2276709006286743
3657 6.916666666663589 0.1666666666654168 0.2388354503121507
3658 6.754115294369141 0.07752178761730331 0.1704313516528333
3659 6.758230588740805 0.1550435752345053 0.1243563523604686
3660 6.833333333330435 0.08333333333322766 0.3110042339634653
3661 6.91666666666339 0.166666666666354 0.4055021169817326
3662 6.920781961035153 0.2441884542830874 0.276093784354577
3663 6.916666666663491 0.1666666666658854 0.3221687836469416
3664 6.837448627702196 0.160855120949961 0.1815959013363097
3665 6.837448627702097 0.1608551209504296 0.2649292346711006
3666 2.979168863261764 0.3760368537582248 -0.09681279277577919
3667 2.95833772651104 0.2520737075164494 -0.1936255855501832
3668 3.000587584560422 0.1728024266831286 -0.199994026018762
3669 3.063668579360526 0.2174942920915831 -0.1095496737129366
3670 3.08449971611125 0.3414574383333583 -0.0127368809385325
3671 3.042249858061868 0.4207287191666791 -0.006368440469953818
3672 2.840097546694356 0.4276560072360502 -0.009407844300103484
3673 2.920048773353421 0.4638280036180251 -0.00470392215073931
3674 2.819266409943632 0.3036928609942749 -0.1062206370745075
3675 2.878386499851974 0.2159017111344745 -0.1983295076995474
3676 3.021418721311145 0.2967655729249039 -0.1031812332443579
3677 2.899217636602698 0.3398648573762498 -0.1015167149251433
3678 2.962298631402802 0.3845567227847043 -0.01107236261931799
3679 2.941467494652079 0.260593576542929 -0.107885155393722
3680 1.583333333339649 0.4785338626200498 0.3118671959528143
3681 1.666666666673054 0.4570677252400995 0.3737343919063215
3682 1.583333333339648 0.4785338626200497 0.3952005292863786
3683 1.750000000007009 0.4785338626200497 0.3952005292863786
3684 2.771046449377753 -0.02475693568902916 -0.3519809734455477
3685 2.885523224690091 -0.01237846784434269 -0.4259904867227738
3686 2.885523224688414 -0.09571180117773292 -0.4259904867227737
3687 2.718856558023321 -0.0123784678442854 -0.4259904867227737
3688 0.3249838984599062 0.4592747316291739 0.4546053778169514
3689 0.4124919492309936 0.4796373658145869 0.4773026889084757
3690 0.0791586158962729 0.4796373658145869 0.4773026889084757
3691 0.1583172317925458 0.4592747316291738 0.4546053778169514
3692 0.4124919492304774 0.3129706991483246 0.4773026889084757
3693 0.324983898459648 0.3759413982960427 0.4546053778169514
3694 0.2458252825636332 0.479637365814587 0.4773026889084757
3695 0.4124919492307355 0.3963040324814558 0.4773026889084757
3696 0.2458252825633752 0.3963040324814558 0.4773026889084757
3697 4.333333333343686 0.2892299350039885 -0.3725632683389786
3698 4.416666666675632 0.269614967501951 -0.4362816341694893
3699 4.333333333341818 0.2058966016706267 -0.3725632683389786
3700 4.416666666671896 0.1029483008352274 -0.4362816341694893
3701 4.16666666667774 0.2892299350040174 -0.3725632683389786
3702 4.08333333334374 0.2696149675020088 -0.4362816341694893
3703 4.250000000009686 0.2696149675019799 -0.4362816341694893
3704 4.416666666673764 0.1862816341685892 -0.4362816341694892
3705 4.250000000007818 0.1862816341686181 -0.4362816341694892
3706 1.333333333331067 -0.3333333333297944 0.1666666666650167
3707 1.416666666663907 -0.4166666666648972 0.08333333333182079
3708 1.083333333331532 -0.4166666666648972 0.2499999999989422
3709 1.16666666666488 -0.3333333333297944 0.2499999999985774
3710 1.083333333331532 -0.4166666666648972 0.08333333333182077
3711 1.16666666666488 -0.3333333333297944 0.1666666666650167
3712 1.24999999999772 -0.4166666666648972 0.1666666666653815
3713 1.24999999999772 -0.4166666666648972 0.08333333333182076
3714 1.083333333331532 -0.4166666666648972 0.1666666666653815
3715 3.416666666678704 0.4166666666638444 0.4166666666667552
3716 3.333333333342841 0.3333333333276888 0.3333333333335105
3717 3.333333333340869 0.2499999999943844 0.3333333333335105
3718 3.416666666674761 0.2499999999972356 0.4166666666667552
3719 3.333333333344383 0.3737343919067477 0.457067725239929
3720 3.416666666676518 0.3118671959534173 0.4785338626199645
3721 3.250000000010491 0.3737343919038965 0.3737343919066842
3722 3.250000000008734 0.3118671959477148 0.3118671959534749
3723 3.333333333346355 0.4570677252400521 0.457067725239929
3724 3.416666666680461 0.4785338626200261 0.4785338626199645
3725 3.416666666676732 0.33333333333054 0.4166666666667551
3726 3.416666666678489 0.3952005292867217 0.4785338626199645
3727 3.333333333342625 0.3118671959505661 0.3952005292867197
3728 3.333333333344596 0.3952005292838705 0.3952005292867197
3729 2.253458719885018 0.2143338220677437 -0.150573908834464
3730 2.38176037270625 0.2225165983670396 -0.1973354851232999
3731 2.471953975489926 0.2293354829174679 -0.1244929681144334
3732 2.433845925452371 0.2279715911686002 -0.004888874816731045
3733 2.305544272631139 0.2197888148693043 0.04187270147210491
3734 2.215350669847463 0.212969930318876 -0.03096981553676156
3735 2.295712787707324 0.06381138676930431 -0.1850498972920356
3736 2.210434927385555 0.134981216268876 -0.1444311149188318
3737 2.385906390491 0.07063027131973257 -0.1122073802831691
3738 2.390822132952907 0.1486189853697325 0.00125391909890113
3739 2.424014440528556 0.07199416306860022 -0.2318114735808715
3740 2.467038233028019 0.1513467688674678 -0.2379542674965036
3741 2.343652322668694 0.2211527066181719 -0.07773139182559749
3742 2.338736580206787 0.1431639925681719 -0.1911926912076677
3743 2.300628530169231 0.1418001008193043 -0.07158859790996533
3744 2.428930182990463 0.1499828771186002 -0.1183501741988013
3745 6.158232249181109 -0.3496385814537206 -0.2591554380483407
3746 6.039874848375529 -0.3013270587394929 -0.1651592794402853
3747 6.050534276500731 -0.2180570755731583 -0.3113427844365489
3748 6.163561963243708 -0.3080035898705532 -0.3322471905464724
3749 5.979168863249068 -0.3760368537585879 -0.2634794594426708
3750 5.958337726503411 -0.2520737075171757 -0.2769589188846481
3751 5.973839149186468 -0.4176718453417552 -0.190387706944539
3752 5.947678298378209 -0.3353436906835103 -0.1307754138883845
3753 6.04520456243813 -0.2596920671563256 -0.2382510319384171
3754 6.066035699183788 -0.3836552133977379 -0.2247715724964398
3755 6.071365413246388 -0.3420202218145705 -0.2978633249945716
3756 5.953008012440811 -0.293708699100343 -0.2038671663865163
3757 4.443274852255361 -0.07534867382688004 -0.03597356234351499
3758 4.350543676127449 -0.1626743369167837 -0.02136969290449002
3759 4.32898622027697 -0.2076013878628892 -0.0953872190609692
3760 4.400159940554405 -0.1652027757190911 -0.1840086146564734
3761 4.492891116682316 -0.07787711262918745 -0.1986124840954983
3762 4.514448572532794 -0.03295006168308193 -0.1245949579390191
3763 4.590415544327867 -0.142071831474027 -0.01685914392777211
3764 4.56321078635557 -0.06504742110550171 -0.03371828785515603
3765 4.56885808847739 -0.1869988824201325 -0.09087667008425129
3766 4.520095874654613 -0.1549015229977127 -0.1817533401681144
3767 4.497684368199955 -0.2293974945639307 -0.002255274488747144
3768 4.377748434099746 -0.239698747285309 -0.004510548977106098
3769 4.421717396404882 -0.1202757247729856 -0.1099910884999942
3770 4.470479610227658 -0.1523730841954054 -0.01911441841613106
3771 4.541653330505091 -0.1099744720516072 -0.1077358140116352
3772 4.44892215437718 -0.1973001351415109 -0.09313194457261025
3773 6.841563922073649 0.3217102419011382 0.1355209020451716
3774 6.92078196103483 0.4108551209505691 0.1927604510222393
3775 6.587448627703694 0.4108551209505691 0.0260937843551179
3776 6.67489725540808 0.3217102419011382 0.05218756871161092
3777 6.587448627703694 0.4108551209505691 0.1927604510222393
3778 6.67489725540808 0.3217102419011382 0.1355209020451716
3779 6.754115294369262 0.410855120950569 0.1094271176886786
3780 6.754115294369261 0.410855120950569 0.1927604510222393
3781 6.587448627703693 0.410855120950569 0.1094271176886786
3782 5.790663320012969 -0.3158538483866291 0.3987587953101546
3783 5.895331660004853 -0.2829269241934879 0.4493793976550773
3784 5.561998326671438 -0.2829269241934302 0.4493793976550773
3785 5.623996653346262 -0.3158538483866002 0.3987587953101546
3786 5.895331660003512 -0.4495935908599235 0.4493793976550773
3787 5.790663320012299 -0.3991871817198468 0.3987587953101546
3788 5.728664993338145 -0.2829269241934591 0.4493793976550773
3789 5.895331660004183 -0.3662602575267057 0.4493793976550773
3790 5.728664993337475 -0.3662602575266768 0.4493793976550773
3791 2.594190054953031 -0.04562621391094147 0.3463633538076845
3792 2.547095027477574 -0.0228131069552129 0.4231816769038422
3793 2.547095027474811 -0.1894797736220503 0.4231816769038422
3794 2.594190054951649 -0.1289595472443602 0.3463633538076845
3795 2.547095027476193 -0.1061464402886316 0.4231816769038422
3796 2.713761694142667 -0.1061464402886605 0.4231816769038422
3797 2.713761694141286 -0.1894797736220791 0.4231816769038422
3798 3.496014535765672 -0.1464773082660545 0.1620462672747552
3799 3.498007267884206 -0.07323865413298428 0.0810231336370338
3800 3.501487902117288 0.06465395778185883 0.06098333586147712
3801 3.502975804231838 0.1293079155636317 0.1219666717236418
3802 3.500983072113304 0.05606926143056155 0.2029898053613632
3803 3.497502437880222 -0.08182335048428155 0.2230296031369198
3804 3.664673934550739 -0.07323865413312816 0.2253607009347857
3805 3.579347869098939 -0.1464773082661264 0.2342150509236311
3806 3.668154568783821 0.06465395778171493 0.205320903159229
3807 3.586309137565104 0.1293079155635598 0.1941354553725178
3808 3.666666666669272 -5.797214560251027e-14 0.1443375672970644
3809 3.583333333336006 1.397955825173843e-14 0.07216878364818839
3810 3.499495169998756 -0.008584696351211368 0.1420064694991985
3811 3.581340601217472 -0.07323865413305622 0.1531919172859098
3812 3.582828503332022 -0.00858469635128329 0.2141752531480744
3813 3.584821235450555 0.0646539577817869 0.1331521195103531
3814 2.08343804471088 0.2207673638457474 -0.235874888363752
3815 2.041719022357972 0.2353836819230471 -0.367937444181876
3816 1.953945606847749 0.1764504184095852 -0.3873318477729408
3817 1.907891213690432 0.1029008368188236 -0.2746636955458817
3818 1.949610236043339 0.08828451874152395 -0.1426011397277577
3819 2.037383651553563 0.1472177822549858 -0.1232067361366928
3820 1.875052355691552 0.2746136169273604 -0.2405007125205975
3821 2.000104711377669 0.240382331347904 -0.1721565225331128
3822 1.787278940181328 0.2156803534138984 -0.2598951161116623
3823 1.824557880357222 0.1225158043209802 -0.2109453297152424
3824 1.833333333338644 0.28922993500466 -0.3725632683387215
3825 1.916666666671855 0.2696149675025034 -0.4362816341693607
3826 1.995664629200656 0.1618341003322855 -0.2552692919548168
3827 1.958385689024762 0.2549986494252037 -0.3042190783512367
3828 1.912331295867445 0.1814490678344421 -0.1915509261241776
3829 1.870612273514538 0.1960653859117418 -0.3236134819423016
3830 3.166666666678994 0.4570677252400521 0.457067725239929
3831 3.08333333334574 0.4785338626200261 0.4785338626199645
3832 3.250000000011129 0.3952005292867217 0.4785338626199644
3833 3.2500000000131 0.4785338626200261 0.4785338626199645
3834 5.754726081618344 -0.1316895997305432 -0.1735080914635961
3835 5.752363040807099 -0.2202672511186314 -0.241176496985845
3836 5.807172482520553 -0.2902351136795681 -0.2296176419494727
3837 5.864344965045252 -0.2716253248524167 -0.1503903813908513
3838 5.744762065360317 -0.2897243960152135 -0.02737023068350437
3839 5.750925593894952 -0.1664181721788343 -0.06660495831242576
3840 5.799571507073771 -0.3596922585761503 -0.01581137564713198
3841 5.86054447732186 -0.3063538973007078 -0.04348724823968098
3842 5.742399024549072 -0.3783020474033017 -0.09503863620575331
3843 5.746199512272463 -0.3435734749550106 -0.2019417693569236
3844 5.809535523331798 -0.20165746229148 -0.1619492364272237
3845 5.748562553083707 -0.2549958235669225 -0.1342733638346747
3846 5.805735035608407 -0.2363860347397711 -0.05504610327605336
3847 5.803371994797161 -0.3249636861278592 -0.1227145087983023
3848 5.936807723529185 0.2034370838558277 -0.0691706056878037
3849 5.937157156644879 0.1657738225654062 -0.1798044920073743
3850 6.009001506638725 0.19008754879136 -0.2174459077286187
3851 6.080496423516876 0.2520645363077351 -0.1444534371302924
3852 6.050663780130844 0.1046805079411409 -0.0238203221777804
3853 6.101327560262936 0.2093610158826256 -0.04764064435487324
3854 5.979168863252692 0.04270352042476575 -0.09681279277610669
3855 5.958337726506633 0.08540704084987528 -0.1936255855515258
3856 5.978819430136998 0.08036678171518717 0.01382109354346393
3857 5.957638860275244 0.1607335634307181 0.02764218708761543
3858 6.008652073523031 0.2277508100817814 -0.1068120214090481
3859 6.029483210269091 0.1850472896566719 -0.009999228633628902
3860 6.029832643384784 0.1473840283662504 -0.1206331149531995
3861 5.957988293390938 0.1230703021402967 -0.08299169923195519
3862 7.848898313959593 0.440788480574026 -0.4052460974216389
3863 7.924449156979795 0.4703942402870129 -0.4526230487108194
3864 7.848898313959593 0.3574551472404616 -0.4052460974216389
3865 7.924449156979795 0.3037275736198843 -0.4526230487108194
3866 7.682231647292232 0.440788480574026 -0.4052460974216389
3867 7.591115823645074 0.4703942402870129 -0.4526230487108194
3868 7.757782490312425 0.4703942402870129 -0.4526230487108194
3869 7.924449156979795 0.3870609069534486 -0.4526230487108194
3870 7.757782490312435 0.3870609069534486 -0.4526230487108194
3871 7.621769571374097 -0.2896679323006838 0.2018108428035974
3872 7.560884785686389 -0.3948339661503419 0.2259054214014522
3873 7.894218119020602 -0.3948339661503419 0.05923875473433077
3874 7.788436238041203 -0.2896679323006838 0.1184775094700367
3875 7.894218119020602 -0.3948339661503419 0.2259054214014522
3876 7.788436238041203 -0.2896679323006838 0.2018108428035974
3877 7.727551452353495 -0.3948339661503418 0.1425720880678915
3878 7.727551452353494 -0.3948339661503418 0.2259054214014522
3879 7.894218119020603 -0.3948339661503419 0.1425720880678915
3880 3.93577755945326 0.1848177432188321 -0.2847016410042384
3881 3.842888779732524 0.2468313228623985 -0.2967732717564643
3882 3.794126565909755 0.2789286822848591 -0.2058966016725895
3883 3.83825313180772 0.2490124620637535 -0.1029483008364889
3884 3.931141911528455 0.1869988824201872 -0.09087667008426299
3885 3.979904125351225 0.1549015229977265 -0.1817533401681378
3886 4.009555446402315 0.3742680545250887 -0.2575433367511331
3887 4.019110892788155 0.2485361090501772 -0.2650866735015728
3888 3.960793232579546 0.4063654139475493 -0.1666666666672583
3889 3.921586465142616 0.3127308278950985 -0.08333333333382324
3890 3.91666666668158 0.436281634168655 -0.2696149675033589
3891 3.833333333346685 0.3725632683373098 -0.2892299350060246
3892 3.887015345630489 0.2169151026412928 -0.1938249709203636
3893 3.92622211306742 0.3105496886937436 -0.2771583042537986
3894 3.970348678965385 0.2806334684726379 -0.174210003417698
3895 3.87745989924465 0.3426470481162043 -0.1862816341699239
3896 7.495336519005573 0.1290990841997209 0.1193651896754268
3897 7.535292868477365 0.01260136765067424 0.02933206556664875
3898 7.527557416181711 -0.0959367417327803 0.007901512101456253
3899 7.479865614414264 -0.08797713456718811 0.07650408274504178
3900 7.439909264942472 0.02852058198185857 0.1665372068538198
3901 7.447644717238125 0.1370586913653131 0.1879677603190122
3902 7.32954071727805 0.1658569025864662 0.1160959880147711
3903 7.392460443405914 0.2057268516676169 0.1627471508994879
3904 7.369497066749842 0.04935918603741946 0.02606286390599311
3905 7.4723731423495 -0.02726858143047651 -0.01731909731806807
3906 7.487601066709917 0.02056097481626641 0.09793463621023427
3907 7.432416792877707 0.0892291351185702 0.07271402679070993
3908 7.384724991110261 0.09718874228416235 0.1413165974342954
3909 7.424681340582052 -0.01930897426488433 0.05128347332551744
3910 0.5317352368772446 0.2522262136338622 -0.406500392658048
3911 0.5634704737531823 0.2544524272671178 -0.3130007853160959
3912 0.6805870833616308 0.3330796897355801 -0.3865933787708553
3913 0.5902935416814687 0.2915398448680934 -0.4432966893854277
3914 0.7751478124424298 0.2936272872720583 -0.3620729399709259
3915 0.7794149998430668 0.2126350399410498 -0.3942558117855689
3916 0.6262959659580436 0.2127738111703404 -0.3819799538581186
3917 0.7165895076382056 0.2543136560378271 -0.3252766432435462
3918 0.6220287785574066 0.293766058501349 -0.3497970820434755
3919 0.6848542707622678 0.2520874424045715 -0.4187762505854982
3920 0.1820127296928676 0.2945049022757576 0.2958183530635345
3921 0.0910063648464338 0.3972524511378788 0.2729091765314208
3922 0.3486793963602279 0.2945049022757576 0.3791516863970988
3923 0.4243396981811545 0.3972524511378788 0.4395758431985494
3924 0.3486793963602279 0.2945049022757576 0.2958183530635345
3925 0.4243396981811545 0.3972524511378788 0.2729091765314208
3926 0.2576730315137942 0.3972524511378787 0.2729091765314208
3927 0.2576730315137942 0.3972524511378788 0.3562425098649851
3928 0.4243396981811544 0.3972524511378787 0.3562425098649851
3929 0.07549989719146902 -0.4720711703236763 0.03948926322968357
3930 0.150999794382938 -0.4441423406473526 0.07897852646074226
3931 0.1824478189525464 -0.3362303502485814 -0.09769634464828846
3932 0.09122390947627322 -0.4181151751242906 -0.04884817232483179
3933 0.3491144856188741 -0.3362303502485814 -0.09769634464828846
3934 0.4245572428089287 -0.4181151751242906 -0.04884817232483179
3935 0.2579477161440155 -0.3083015205722577 -0.05820708141722977
3936 0.2422237038592113 -0.3622575157716433 0.03013035413728558
3937 0.2421665638577968 -0.4720711703236763 0.03948926322968357
3938 0.1667238066677422 -0.390186345447967 -0.009358909093773099
3939 0.257890576142601 -0.4181151751242906 -0.04884817232483179
3940 0.33339047333407 -0.3901863454479669 -0.009358909093773099
3941 3.160200609119996 0.05082038081739072 -0.1738979073183919
3942 3.048853599440156 0.08946547104603243 -0.2321681428214896
3943 2.937506589758474 0.04270352042472664 -0.2904383783243931
3944 2.937506589756631 -0.04270352042522087 -0.2904383783241989
3945 3.048853599436471 -0.0813486106538626 -0.2321681428211012
3946 3.160200609118153 -0.0345866600325568 -0.1738979073181977
3947 3.090515872923957 0.004058430195562115 -0.03854255726720524
3948 3.181031745861896 0.008116860392155562 -0.07708511454124968
3949 2.979168863242275 -0.04270352042574369 -0.09681279277010879
3950 2.958337726498532 -0.08540704085045604 -0.1936255855470568
3951 2.979168863244118 0.04270352042420383 -0.09681279277030297
3952 2.958337726502217 0.08540704084943898 -0.1936255855474451
3953 3.048853599438313 0.004058430196084924 -0.2321681428212954
3954 3.069684736182056 0.04676195062079726 -0.1353553500443474
3955 3.069684736180214 -0.03864509022915025 -0.1353553500441532
3956 2.958337726500374 -5.085272480886971e-13 -0.1936255855472509
3957 2.170571865768375 0.2751109037961587 -0.06525338938196246
3958 2.215986664472963 0.3440707618238695 -0.02669444621829686
3959 2.306180267256639 0.3508896463742978 0.04614807079056961
3960 2.350959071335727 0.2887486728970152 0.08043164463577049
3961 2.427175171410838 0.2914764563947505 -0.1587765419596343
3962 2.344288317294195 0.3522535381231655 -0.07345602250713279
3963 2.260765468552051 0.2819297883465869 0.007589127626904023
3964 2.298873518589607 0.2832936800954546 -0.1120149656707984
3965 2.389067121373283 0.2901125646458828 -0.03917244866193192
3966 2.123968622833857 0.1086768300870637 -0.1097387998219851
3967 2.122780178603926 0.01120261440567955 -0.1156652670983422
3968 2.190778135780704 -0.06620550677671115 -0.03842045666741389
3969 2.259964537187412 -0.04613941227771772 0.04475082103987144
3970 2.261152981417343 0.05133480340366638 0.05067728831622852
3971 2.193155024240565 0.1287429245860571 -0.02656752211469975
3972 2.037280484264743 -0.03037514528858387 0.05759577920692736
3973 2.081218775664265 0.08788795023993193 -0.02310827666935033
3974 2.105278441441521 -0.1077832664709746 0.1348405896378556
3975 2.21721469001782 -0.06692829212484942 0.1313813441925062
3976 2.036092040034813 -0.127849360969968 0.0516693119305703
3977 2.078841887204404 -0.1070604811228363 -0.03496121122206445
3978 2.191966580010634 0.03126870890467297 -0.03249398939105682
3979 2.080030331434334 -0.009586265441452156 -0.02903474394570738
3980 2.149216732841043 0.01047982905754125 0.05413653376157793
3981 2.148028288611112 -0.08699438662384285 0.04821006648522087
3982 0.9428938091571153 0.001719071619719924 0.433945523719151
3983 0.8857876183130569 0.003438143238408506 0.3678910474383019
3984 1.001677081086503 0.06992853099466939 0.3333620465668961
3985 0.9428938091552974 -0.08161426171122643 0.3506121903819517
3986 7.894218119020602 -0.2281672994841375 0.05923875473433077
3987 7.788436238041203 -0.2063345989675816 0.1184775094700367
3988 7.894218119020602 -0.3115006328172397 0.05923875473433078
3989 7.894218119020602 -0.3115006328172397 0.1425720880678915
3990 4.178337501654809 0.07123034693812542 -0.4880658717006332
3991 4.089168750828907 0.03561517346906271 -0.4940329358503166
3992 4.009555446393335 0.04093472119175526 -0.4242100034173376
3993 4.019110892783665 0.08186944238351053 -0.3484200068346751
3994 4.108279643609567 0.1174846158525732 -0.3424529426849917
3995 4.187892948045138 0.1121650681298807 -0.4122758751179707
3996 4.089168750833398 0.2022818401357295 -0.4940329358503166
3997 4.178337501657054 0.1545636802714588 -0.4880658717006331
3998 4.009555446397826 0.2076013878584221 -0.4242100034173376
3999 4.01911089278591 0.1652027757168439 -0.3484200068346751
4000 4.098724197219236 0.07654989466081798 -0.4182429392676541
4001 4.089168750831151 0.1189485068023961 -0.4940329358503167
4002 4.098724197221483 0.1598832279941514 -0.4182429392676542
4003 4.00955544639558 0.1242680545250887 -0.4242100034173376
4004 1.426337586046237 0.2925052121187696 0.4502930489019373
4005 1.352675172088604 0.3350104242371057 0.4005860978038746
4006 1.352675172089395 0.4183437575702946 0.4005860978038746
4007 1.426337586047819 0.4591718787851473 0.4502930489019372
4008 1.587216756959836 0.2672915192104077 0.327240531625515
4009 1.543608378481853 0.2586457596054206 0.4136202658127575
4010 1.587216756960628 0.3506248525435965 0.327240531625515
4011 1.543608378483435 0.4253124262717982 0.4136202658127575
4012 1.513554343002204 0.3097967313287438 0.2775335805274523
4013 1.396283550566588 0.3436561838420928 0.314206363616632
4014 1.426337586047028 0.3758385454519584 0.4502930489019372
4015 1.46994596452422 0.3011509717237567 0.3639133147146947
4016 1.543608378482644 0.3419790929386093 0.4136202658127576
4017 1.469945964525011 0.3844843050569455 0.3639133147146947
4018 1.333333333331067 -0.3333333333297944 0.2499999999985774
4019 1.416666666663907 -0.4166666666648972 0.2499999999989422
4020 1.16666666666488 -0.3333333333297944 0.3333333333321418
4021 1.083333333331532 -0.4166666666648972 0.4166666666660709
4022 1.24999999999772 -0.4166666666648972 0.2499999999989422
4023 1.24999999999772 -0.4166666666648972 0.3333333333325066
4024 1.083333333331532 -0.4166666666648972 0.3333333333325066
4025 7.674743368279895 0.4546356674191813 0.3758714961893411
4026 7.587371684138907 0.4773178337095906 0.312935748094324
4027 7.571508889243962 0.3947329181874503 0.2177386648286095
4028 7.643017778490004 0.2894658363749004 0.185477329657912
4029 7.730389462630992 0.266783670084491 0.248413077752929
4030 7.746252257525937 0.3493685856066314 0.3436101610186435
4031 7.77531777600599 0.2166229191103726 0.4146173129978719
4032 7.768716414213436 0.3242882101195722 0.4267122786411149
4033 7.687946091865003 0.239305085400782 0.3516815649028549
4034 7.59397304593146 0.369652542700391 0.3008407824510809
4035 7.658880573384949 0.3720507518970408 0.2806744129236265
4036 7.681344730072449 0.3469703764099816 0.3637765305460979
4037 7.752853619318492 0.2417032945974318 0.3315151953754004
4038 7.665481935177502 0.2643854608878413 0.2685794472803834
4039 7.757191756643305 -0.3775914886660557 -0.2163308155980537
4040 7.748017818925057 -0.3766620779552093 -0.3251146206180613
4041 7.732750635305933 -0.2585177472534599 -0.2006353457121868
4042 7.749558164833743 -0.318519323315181 -0.1540911781451165
4043 7.922121898120518 -0.2928402997927629 -0.2025156701931443
4044 7.844243796241035 -0.3356805995848325 -0.1550313403855952
4045 7.905314368592708 -0.2328387237310418 -0.2490598377602146
4046 7.810628737185415 -0.2156774474613903 -0.2481196755197359
4047 7.91294796040227 -0.2919108890819165 -0.3112994752131518
4048 7.825895920804538 -0.3338217781631398 -0.3725989504256104
4049 7.740384227115495 -0.3175899126043346 -0.262874983165124
4050 7.835069858522788 -0.3347511888739861 -0.2638151454056027
4051 7.827436266713224 -0.2756790235231114 -0.2015755079526655
4052 7.818262328994976 -0.2747496128122651 -0.3103593129726731
4053 7.571981035258301 -0.1495053903978496 -0.4157265044264191
4054 7.738647701925473 -0.1495053903978785 -0.4157265044264191
4055 5.583333333327555 -0.4362816341689065 -0.1029483008369481
4056 5.666666666661705 -0.372563268337813 -0.205896601672521
4057 5.833333333328811 -0.372563268337813 -0.2058966016725211
4058 5.916666666661767 -0.4362816341689065 -0.1029483008369481
4059 5.916666666661769 -0.4362816341689065 -0.2696149675031603
4060 5.833333333328811 -0.372563268337813 -0.2892299350056271
4061 5.749999999994662 -0.4362816341689065 -0.1029483008369481
4062 5.916666666661769 -0.4362816341689065 -0.1862816341700542
4063 5.749999999994662 -0.4362816341689065 -0.1862816341700542
4064 2.623996653346532 -0.3158538483861643 0.3987587953101903
4065 2.561998326672253 -0.2829269241929523 0.4493793976550952
4066 2.89533166000185 -0.4495935908597921 0.4493793976550952
4067 2.79066332001133 -0.3991871817195842 0.3987587953101903
4068 2.895331660005203 -0.2829269241930101 0.4493793976550952
4069 2.790663320013007 -0.3158538483861932 0.3987587953101903
4070 2.728664993337051 -0.3662602575263722 0.449379397655095
4071 2.728664993338727 -0.2829269241929812 0.449379397655095
4072 2.895331660003525 -0.3662602575264012 0.449379397655095
4073 0.9999999999970397 -0.2499999999943652 0.3333333333256013
4074 0.9999999999983593 -0.2499999999969227 0.4166666666628007
4075 0.8857876183125588 -0.07989519009509537 0.3678910474383019
4076 0.9428938091561188 -0.1649475950472878 0.4339455237191509
4077 0.9999999999988576 -0.1666666666634189 0.4166666666628007
4078 0.942893809156617 -0.08161426171378397 0.4339455237191509
4079 0.9428938091547991 -0.1649475950447303 0.3506121903819516
4080 2.16666666667193 0.2058966016713187 -0.3725632683388013
4081 2.083333333336868 0.1029483008360031 -0.4362816341694006
4082 2.08333333333904 0.2696149675024426 -0.4362816341694007
4083 2.166666666673016 0.2892299350045384 -0.3725632683388013
4084 2.416666666670409 0.1029483008358885 -0.4362816341694007
4085 2.3333333333387 0.2058966016712614 -0.3725632683388013
4086 2.083333333337954 0.1862816341692228 -0.4362816341694007
4087 2.250000000003638 0.1029483008359458 -0.4362816341694007
4088 2.250000000004724 0.1862816341691655 -0.4362816341694007
4089 2.333333333328965 -0.3725632683375714 -0.2892299350055305
4090 2.416666666661397 -0.4362816341687856 -0.2696149675031119
4091 2.416666666661397 -0.4362816341687857 -0.4362816341693164
4092 2.333333333328965 -0.3725632683375714 -0.3725632683386327
4093 2.41666666666416 -0.2696149675019459 -0.4362816341693164
4094 2.333333333330347 -0.2892299350041515 -0.3725632683386327
4095 2.499999999996592 -0.3333333333331603 -0.4166666666668978
4096 2.49999999999521 -0.4166666666665801 -0.3333333333337956
4097 2.416666666661397 -0.4362816341687856 -0.3529483008362142
4098 2.416666666662779 -0.3529483008353658 -0.3529483008362142
4099 2.416666666662779 -0.3529483008353658 -0.4362816341693164
4100 2.49999999999521 -0.4166666666665801 -0.4166666666668977
4101 5.333333333327964 -0.3725632683376652 -0.3725632683388365
4102 5.416666666660685 -0.4362816341688326 -0.4362816341694182
4103 5.083333333326473 -0.4362816341688326 -0.4362816341694182
4104 5.166666666660857 -0.3725632683376652 -0.3725632683388365
4105 5.08333333332941 -0.2696149675022816 -0.4362816341694182
4106 5.166666666662326 -0.2892299350043898 -0.3725632683388365
4107 5.249999999993578 -0.4362816341688326 -0.4362816341694182
4108 5.249999999995048 -0.3529483008355571 -0.4362816341694182
4109 5.083333333327941 -0.3529483008355572 -0.4362816341694182
4110 0.3095799812040031 -0.334508655307429 -0.435032024350796
4111 0.4047899906018804 -0.2922543276534113 -0.467516012175398
4112 0.4245572428094451 -0.2514485084572198 -0.3821815056572484
4113 0.3491144856191324 -0.2528970169150459 -0.2643630113144967
4114 0.253904476221255 -0.2951513445690636 -0.2318790234898948
4115 0.2341372240136904 -0.3359571637652551 -0.3172135300080444
4116 0.4047899906013641 -0.4589209943204822 -0.3008493455091936
4117 0.3095799812037449 -0.4178419886409644 -0.3516986910176938
4118 0.4245572428089288 -0.4181151751242907 -0.2155148389910439
4119 0.3491144856188742 -0.3362303502485814 -0.1810296779813945
4120 0.4999999999992415 -0.4166666666664646 -0.3333333333337956
4121 0.4999999999994996 -0.3333333333329291 -0.4166666666668978
4122 0.3293472334115677 -0.2937028361112375 -0.3496975178326464
4123 0.4047899906016222 -0.3755876609869467 -0.3841826788422957
4124 0.3293472334113096 -0.3770361694447728 -0.2663641844995441
4125 0.4245572428091869 -0.3347818417907553 -0.2988481723241462
4126 3.33333333334493 0.3725632683375103 -0.2058966016727555
4127 3.416666666679749 0.4362816341687552 -0.1029483008370653
4128 3.083333333345029 0.4362816341687552 -0.2696149675032775
4129 3.16666666667757 0.3725632683375103 -0.2892299350058615
4130 3.083333333345029 0.4362816341687552 -0.1029483008370653
4131 3.16666666667757 0.3725632683375103 -0.2058966016727555
4132 3.250000000012389 0.4362816341687552 -0.1862816341701714
4133 3.250000000012389 0.4362816341687552 -0.1029483008370653
4134 3.083333333345029 0.4362816341687552 -0.1862816341701714
4135 5.579532845606403 -0.271638958879694 -0.1649187257520829
4136 5.659065691216042 -0.3423347893656434 -0.07652711440333293
4137 5.579532845608444 -0.1376768732840361 0.003954832314680633
4138 5.659065691217062 -0.2753537465678144 0.007909664630048824
4139 5.665229219750678 -0.2190285655292642 -0.1157618420322543
4140 5.665229219751699 -0.1520475227314352 -0.03132506299887255
4141 5.579532845607424 -0.2046579160818651 -0.08048194671870108
4142 1.272290447993596 0.2444818652556499 -0.3530042870109027
4143 1.269341939577618 0.3205637307092384 -0.3403679909503913
4144 1.291152553734471 0.2380504434464387 -0.155295663397771
4145 1.283195755072023 0.20322522162425 -0.2604681232345925
4146 1.466741925632802 0.2497589188180656 -0.2072872352081216
4147 1.370990441021188 0.2090794593100635 -0.2864639091397678
4148 1.280247246656045 0.2793070870778386 -0.2478318271740811
4149 1.36804193260521 0.285161324763652 -0.2738276130792565
4150 1.378947239683637 0.2439046811322521 -0.1812914493029462
4151 1.833333333337558 0.2058966016714403 -0.3725632683387215
4152 1.916666666669681 0.1029483008360639 -0.4362816341693607
4153 1.750000000002911 0.1029483008361212 -0.4362816341693607
4154 1.750000000003703 0.1862816341693125 -0.4362816341693608
4155 4.981611494823023 -0.217629248784351 0.06654006098354975
4156 4.990805747406873 -0.2338146243887577 -0.09172996950815673
4157 4.872540100760538 -0.2396987472762937 -0.1666666666667049
4158 4.745080201530351 -0.229397494559423 -0.08333333333354655
4159 4.7358859489465 -0.2132121189550163 0.07493669715815994
4160 4.854151595592835 -0.2073279960674803 0.1498733943167081
4161 4.990805747402892 -0.067147957727794 0.07493669716290791
4162 4.981611494821031 -0.1342959154538692 0.1498733943190821
4163 4.872540100756557 -0.07303208061532998 4.359771802805076e-12
4164 4.74508020152836 -0.1460641612289411 1.985791161122445e-12
4165 4.999999999986743 -0.08333333333220068 -0.08333333332879857
4166 4.999999999988733 -0.1666666666626825 -0.1666666666643309
4167 4.863345848176686 -0.223513371671887 -0.008396636174998397
4168 4.990805747404883 -0.1504812910582758 -0.0083966361726244
4169 4.863345848174696 -0.1401800383414052 0.07493669716053392
4170 4.872540100758545 -0.1563654139458118 -0.08333333333117256
4171 7.928418383338506 -0.4563883400543416 0.3079842230337904
4172 7.856836766677013 -0.4127766801086831 0.3659684460682736
4173 7.751054885697615 -0.307610646259025 0.3418738674704189
4174 7.716854621379709 -0.2460562723550254 0.2597950658380807
4175 7.595085050004295 -0.4563883400543416 0.3079842230337904
4176 7.690170100009906 -0.4127766801086831 0.3659684460682736
4177 7.822636502359109 -0.3512223062046834 0.2838896444359355
4178 7.655969835692002 -0.3512223062046834 0.2838896444359355
4179 7.7617517166714 -0.4563883400543415 0.3079842230337903
4180 2.875004393168395 -0.1883553416855513 -0.2965738863853575
4181 2.812502196582001 -0.2486001220959341 -0.3027093944467101
4182 2.833333333329538 -0.2892299350041536 -0.3725632683387086
4183 2.916666666663468 -0.2696149675019903 -0.4362816341693543
4184 2.979168863249862 -0.2093701870916074 -0.4301461261080016
4185 2.958337726502325 -0.1687403741833879 -0.3602922522160032
4186 2.979168863246509 -0.3760368537583895 -0.2634794594417972
4187 2.958337726500649 -0.2520737075167789 -0.276958918882901
4188 2.916666666660115 -0.4362816341687724 -0.2696149675031498
4189 2.833333333327861 -0.3725632683375447 -0.2892299350056063
4190 2.895835529915932 -0.2289851545937708 -0.366427760277356
4191 2.895835529914255 -0.3123184879271618 -0.2830944269442537
4192 2.979168863248185 -0.2927035204249985 -0.3468127927748993
4193 2.916666666661791 -0.3529483008353813 -0.3529483008362521
4194 6.463610809180182 -0.403599569549728 0.08002266912121891
4195 6.427221618364317 -0.3071991390994559 0.160045338243813
4196 6.369275554056835 -0.2539072078096323 0.1259733387739145
4197 6.347718680565216 -0.2970157069700807 0.01187867018142191
4198 6.38410787138108 -0.3934161374203528 -0.06814399894117215
4199 6.442053935688563 -0.4467080687101764 -0.03407199947127364
4200 6.108720602354349 -0.4467080687101764 0.1325946671958478
4201 6.217441204713973 -0.3934161374203528 0.01518933439238858
4202 6.130277475845968 -0.403599569549728 0.2466893357883403
4203 6.260554951697211 -0.3071991390994559 0.2433786715773737
4204 6.405664744872698 -0.3503076382599043 0.04595066965132041
4205 6.296944142513075 -0.4035995695497279 0.1633560024547796
4206 6.275387269021456 -0.4467080687101764 0.04926133386228707
4207 6.238998078205591 -0.3503076382599043 0.1292840029848811
4208 5.812502196583154 -0.2486001220964008 -0.3027093944476045
4209 5.875004393170453 -0.1883553416860821 -0.2965738863871149
4210 5.814865237394399 -0.1600224707083127 -0.2350409889253555
4211 5.869674679107852 -0.2299903332692494 -0.2234821338889831
4212 5.583333333327555 -0.4362816341689065 -0.1862816341700542
4213 5.749999999994661 -0.4362816341689065 -0.2696149675031602
4214 3.83636655486935 0.0740328309094342 -0.1424264047309098
4215 3.859373126287518 0.146564536376041 -0.07121320236564897
4216 3.754919798478746 0.2293974945515424 -0.08333333333251648
4217 3.627459899251807 0.239698747260437 -0.1666666666646448
4218 3.60445332783364 0.1671670417938302 -0.2378798690299056
4219 3.708906655642411 0.0843340836183288 -0.225759738063038
4220 3.604453327818887 0.0005003751476664157 -0.07121320236584855
4221 3.708906655635035 0.0010007502952469 -0.1424264047310095
4222 3.500000000010115 0.08333333332316781 -0.08333333333271607
4223 3.500000000017492 0.1666666666462497 -0.1666666666647446
4224 3.627459899237055 0.07303208061427323 -5.877751988829043e-13
4225 3.75491979847137 0.1460641612284605 -4.879823397215451e-13
4226 3.731913227060579 0.1568657890849356 -0.1545465356977772
4227 3.731913227053203 0.0735324557618537 -0.07121320236574875
4228 3.604453327826263 0.08383370847074829 -0.154546535697877
4229 3.627459899244431 0.1563654139373551 -0.08333333333261628
4230 7.591115823645075 0.470394240287013 -0.285956382044615
4231 7.682231647292231 0.4407884805740259 -0.3219127640885366
4232 7.682231647292295 0.3574551472404905 -0.4052460974216389
4233 7.591115823645202 0.3037275736199421 -0.4526230487108194
4234 7.499999999998046 0.3333333333329291 -0.4166666666668978
4235 7.499999999997982 0.4166666666664646 -0.3333333333337956
4236 7.59111582364514 0.3870609069534775 -0.3692897153777172
4237 7.591115823645074 0.4703942402870129 -0.3692897153777172
4238 7.499999999997982 0.4166666666664645 -0.4166666666668977
4239 7.591115823645138 0.3870609069534775 -0.4526230487108194
4240 6.999999999996124 0.4166666666664934 0.3333333333328713
4241 6.999999999996236 0.3333333333329869 0.4166666666664356
4242 6.999999999996434 0.3333333333320497 0.2499999999968537
4243 6.999999999996222 0.4166666666660249 0.2499999999980804
4244 7.192186522949821 0.2738150734048539 0.3344633793808435
4245 7.096093261472916 0.3869075367024269 0.2922316896900752
4246 7.192186522950032 0.1904817400708788 0.3344633793796169
4247 7.096093261473339 0.2202408700344767 0.292231689687622
4248 7.192186522949934 0.1904817400713473 0.4177967127144079
4249 7.09609326147314 0.2202408700354138 0.4588983563572039
4250 6.999999999996335 0.3333333333325184 0.3333333333316446
4251 7.09609326147303 0.3035742033689203 0.3755650230236396
4252 7.096093261473127 0.3035742033684519 0.2922316896888486
4253 7.096093261473239 0.2202408700349452 0.375565023022413
4254 2.419147004025306 -0.1651924182824829 0.4590432595287823
4255 2.33829400805264 -0.08038483656522535 0.4180865190575646
4256 2.252480337358831 -0.1651924182824539 0.4590432595287823
4257 2.252480337359917 -0.08185908494900689 0.4590432595287823
4258 1.99999999999746 -0.3333333333331023 -0.4166666666668978
4259 1.999999999996374 -0.4166666666665512 -0.3333333333337956
4260 2.083333333331209 -0.269614967501888 -0.4362816341693164
4261 2.166666666663871 -0.2892299350041225 -0.3725632683386327
4262 2.123863911456359 -0.215038834593905 -0.3101455456275495
4263 2.04053057812261 -0.2787572004251194 -0.2905305781251308
4264 2.083333333330122 -0.3529483008353368 -0.3529483008362142
4265 1.258189506861059 0.2501265695543781 0.03266772047377882
4266 1.217269661325199 0.2273774738401289 0.1154586445085071
4267 1.327841589005499 0.2283980116890514 0.2124533115082478
4268 1.479333362221659 0.2521676452522231 0.2266570544732601
4269 1.52025320775752 0.2749167409664723 0.1438661304385319
4270 1.40968128007722 0.2738962031175498 0.04687146343879123
4271 1.285711622886288 0.3426356459931704 0.2172116966168914
4272 1.292410487641604 0.3077556556308988 0.08354424652797099
4273 1.244791777350427 0.3198865502789212 0.3000026206516196
4274 1.210570796569883 0.2622574642024005 0.2491260945974275
4275 1.368761434541359 0.2511471074033006 0.1296623874735195
4276 1.251490642105743 0.2850065599166497 0.1663351705626992
4277 1.402982415321904 0.3087761934798213 0.1805389135277116
4278 1.362062569786043 0.2860270977655722 0.2633298375624399
4279 0.6488741635050044 0.3958824498887983 0.06946153224384946
4280 0.5744370817535427 0.4479412249443991 0.03473076612123717
4281 0.5317352368777607 0.4188928803001244 -0.07316705932563136
4282 0.5634704737534404 0.3377857606002489 -0.1463341186498876
4283 0.571866921829295 0.1666131862966417 0.02350903796821328
4284 0.6475890835428805 0.2552184305649196 0.0638506681673375
4285 0.4974298400778333 0.2186719613522425 -0.011221728154399
4286 0.4987149200399571 0.3593359806761213 -0.005610864077887056
4287 0.6061723186292223 0.3668341052445236 -0.0384362932030191
4288 0.5731520017914188 0.3072772056205204 0.02911990204472523
4289 0.6048872386670985 0.2261700859206449 -0.04404715727953103
4290 0.5304501569156368 0.2782288609762457 -0.07877792340214329
4291 2.713761694144345 -0.0228131069552702 0.4231816769038422
4292 2.833333333343195 0.3725632683376347 -0.372563268338881
4293 2.916666666677841 0.4362816341688173 -0.4362816341694405
4294 2.916666666674488 0.2696149675022663 -0.4362816341694405
4295 2.833333333341518 0.2892299350043592 -0.372563268338881
4296 2.58333333334312 0.4362816341688174 -0.4362816341694405
4297 2.666666666675835 0.3725632683376347 -0.372563268338881
4298 2.916666666676164 0.3529483008355418 -0.4362816341694406
4299 2.750000000010481 0.4362816341688174 -0.4362816341694406
4300 2.750000000008805 0.3529483008355419 -0.4362816341694406
4301 5.736102481353882 -0.2951057214576945 0.07489921185190131
4302 5.733606425882083 -0.1771808230637963 0.1379339267583856
4303 5.742266009888517 -0.1717994976213153 0.03566448422297991
4304 5.656569635745264 -0.1574288481739162 0.07094437953653311
4305 6.346914510812844 0.1602265386408556 0.05669920033636238
4306 6.311449323929095 0.1013568354400957 0.1133984006731129
4307 6.234653204828573 0.133005262767594 0.08957807849592034
4308 6.1933222726118 0.2235233932958522 0.009058555981977127
4309 6.258661379014187 0.01416237741317632 -0.0876383669613733
4310 6.267322758029766 0.02832475482625611 0.0412296170242451
4311 6.270118391712321 0.1918749659683538 0.03287887815916975
4312 6.225991825812994 0.1188428853545142 -0.03928990548969809
4313 6.302787944913515 0.08719445802701593 -0.01546958331250547
4314 0.2278600629825096 -0.124882592973548 0.3177106459688458
4315 0.1139300314912548 -0.06244129648608646 0.4088553229844228
4316 0.1139300314912548 -0.2291079631532079 0.2421886563172942
4317 0.2278600629825095 -0.2082159263071088 0.2343773126352814
4318 0.1139300314912548 -0.2291079631532079 0.4088553229844229
4319 0.2278600629825095 -0.2082159263071088 0.3177106459688458
4320 0.1139300314912548 -0.1457746298196472 0.3255219896508585
4321 0.1139300314912548 -0.1457746298196472 0.4088553229844229
4322 0.1139300314912548 -0.2291079631532079 0.3255219896508585
4323 4.019931075072391 -0.1701720377877335 -0.01453709060173374
4324 4.00996553753523 -0.1911728461190664 0.08111370558513185
4325 4.085937499998559 -0.2247824363024953 0.1155877266928433
4326 4.171874999999048 -0.2373912181545913 0.05441095161368912
4327 4.181840537536209 -0.2163904098232584 -0.04123984457317648
4328 4.105868575072879 -0.1827808196398295 -0.07571386568088789
4329 4.252604166668559 -0.08333333333552517 0.142082292808728
4330 4.255208333334048 -0.1666666666711062 0.0676582346716315
4331 4.166666666668069 -0.07072455148342915 0.2032590678878822
4332 4.083333333333069 -0.1414491029669142 0.1900117848299398
4333 4.095903037535718 -0.2037816279711623 0.01993693050597769
4334 4.093298870870229 -0.1204482946355813 0.09436098864307423
4335 4.179236370870719 -0.1330570764876773 0.03318421356392009
4336 4.16927083333356 -0.1540578848190102 0.1288350097507857
4337 3.876003346660949 0.3158538483863634 0.398758795310185
4338 3.938001673335345 0.2829269241931818 0.4493793976550925
4339 3.876003346663194 0.3991871817196967 0.398758795310185
4340 3.938001673339834 0.4495935908598483 0.4493793976550925
4341 3.771335006670287 0.366260257526515 0.4493793976550925
4342 3.93800167333759 0.366260257526515 0.4493793976550924
4343 3.771335006672532 0.4495935908598483 0.4493793976550924
4344 6.709336679979833 -0.3154254619772853 -0.3991871817202636
4345 6.604668339988347 -0.2827127309888593 -0.4495935908601318
4346 6.938001673322014 -0.4493793976552371 -0.4495935908601318
4347 6.876003346646666 -0.3987587953104742 -0.3991871817202636
4348 6.604668339987803 -0.4493793976552371 -0.4495935908601318
4349 6.709336679979559 -0.3987587953104742 -0.3991871817202636
4350 6.77133500665518 -0.3660460643220482 -0.4495935908601318
4351 6.604668339988073 -0.3660460643220482 -0.4495935908601318
4352 6.771335006654908 -0.4493793976552371 -0.4495935908601318
4353 0.5012917752794169 0.1826362104087668 0.1414421677980544
4354 0.4987182676975631 0.1303220762185653 0.06230478778357171
4355 0.4183163619512393 0.1761347486499659 0.02680328168223634
4356 0.3404879637867692 0.2742615552715681 0.07043915559538362
4357 0.3430614713686229 0.3265756894617696 0.1495765356098663
4358 0.4234633771149467 0.2807630170303689 0.1850780417112016
4359 0.5012884276218109 0.4116501148663227 0.07352651593659558
4360 0.5025768552415408 0.3233002297326455 0.1470530318745663
4361 0.420886521875487 0.4574627872977234 0.03802500983526022
4362 0.3417730437488931 0.4149255745954469 0.07605001967189556
4363 0.420889869533093 0.2284488828401674 0.105940661696719
4364 0.500003347659687 0.270986095542444 0.06791565186008364
4365 0.4221749494952169 0.3691129021640462 0.1115515257732309
4366 0.4196014419133631 0.3167987679738447 0.03241414575874827
4367 1.833181023446844 0.1660932680697858 0.4430393919659195
4368 1.916590511725954 0.2080466340350662 0.4715196959829597
4369 1.876941711815983 0.2586457596053627 0.4136202658127576
4370 1.753883423626902 0.2672915192103787 0.327240531625515
4371 1.670473935347791 0.2253381532450983 0.2987602276084748
4372 1.710122735257762 0.1747390276748018 0.356659657778677
4373 1.583257178391824 0.2080466340351241 0.4715196959829597
4374 1.666514356779779 0.1660932680698147 0.4430393919659195
4375 1.793532223536873 0.2166923936400822 0.3851399617957173
4376 1.749923845058889 0.2080466340350952 0.4715196959829596
4377 1.626865556869808 0.2166923936401112 0.3851399617957172
4378 1.710275045148918 0.2586457596053917 0.4136202658127575
4379 3.496014535761729 -0.3131439749327498 0.2453796006080867
4380 3.498007267876319 -0.4065719874663749 0.2476898003036968
4381 3.416666666658192 -0.478533862620001 0.3118671959528224
4382 3.333333333325474 -0.4570677252400019 0.3737343919063378
4383 3.331340601210885 -0.3636397127063768 0.3714241922107278
4384 3.412681202429011 -0.2916778375527508 0.3072467965616021
4385 3.164673934543959 -0.4065719874663749 0.2476898003036969
4386 3.329347869095549 -0.3131439749327498 0.2453796006080867
4387 3.083333333325831 -0.478533862620001 0.3118671959528224
4388 3.166666666659294 -0.4570677252400019 0.3737343919063378
4389 3.414673934543602 -0.3851058500863758 0.3095569962572123
4390 3.331340601210139 -0.4065719874663748 0.2476898003036968
4391 3.248007267877421 -0.3851058500863758 0.3095569962572123
4392 3.249999999992011 -0.4785338626200009 0.3118671959528224
4393 0.1824478189525464 -0.1695636835814563 -0.09769634464828846
4394 0.09122390947627322 -0.0847818417900406 -0.04884817232483179
4395 0.09122390947627323 -0.0847818417900406 -0.1321815056579378
4396 0.09122390947627322 -0.1681151751236013 -0.1321815056579378
4397 0.1824478189525464 -0.3362303502485814 -0.1810296779813945
4398 0.09122390947627322 -0.4181151751242906 -0.2155148389910439
4399 0.07145665726870856 -0.4589209943204822 -0.3008493455091936
4400 0.1429133145374171 -0.4178419886409644 -0.3516986910176938
4401 0.1626805667449818 -0.3770361694447728 -0.2663641844995441
4402 0.2381233239350364 -0.4589209943204822 -0.3008493455091936
4403 0.257890576142601 -0.4181151751242906 -0.2155148389910439
4404 6.638971639854993 -0.3932944257705819 0.2679763119314982
4405 6.569485819925518 -0.446647212885291 0.2589881559654026
4406 6.90281915325973 -0.446647212885291 0.2589881559654026
4407 6.805638306522098 -0.3932944257705819 0.2679763119314981
4408 6.569485819925519 -0.446647212885291 0.4256548226325313
4409 6.638971639854992 -0.3932944257705819 0.3513096452650625
4410 6.736152486592624 -0.4466472128852909 0.2589881559654025
4411 6.569485819925518 -0.4466472128852909 0.3423214892989668
4412 6.736152486592624 -0.4466472128852909 0.3423214892989668
4413 3.761470065179252 -0.2091238129283204 -0.2126406854111587
4414 3.787415024315217 -0.1038113437427465 -0.2131401462536646
4415 3.704368041022718 -0.08438863704448657 -0.1802994256035528
4416 3.595376098594253 -0.1702783995318005 -0.1469592441109351
4417 3.569431139458287 -0.2755908687173744 -0.1464597832684292
4418 3.652478122750787 -0.2950135754156343 -0.179300503918541
4419 3.712435467082454 -0.2867292042169894 -0.03729827248365066
4420 3.72398028656287 -0.3005827431654419 -0.1247197485261517
4421 3.629388483789954 -0.2673064975187296 -0.004457551833538874
4422 3.557886319977871 -0.2617373297689221 -0.05903830722592815
4423 3.738380426218419 -0.1814167350314156 -0.03779773332615657
4424 3.775870204834801 -0.08995780479429411 -0.1257186702111635
4425 3.678423081886752 -0.1897011062300605 -0.1797999647610469
4426 3.749925245698835 -0.195270273979868 -0.1252192093686576
4427 3.64093330327037 -0.281160036467182 -0.09187902787603994
4428 3.666878262406336 -0.1758475672816081 -0.09237848871854584
4429 7.019554724249656 -0.29073411120215 -0.2134361341262303
4430 7.00977736212351 -0.395367055601075 -0.2317180670634618
4431 6.938001673322016 -0.4493793976552371 -0.2829269241939274
4432 6.876003346646666 -0.3987587953104742 -0.3158538483871614
4433 7.009777362123283 -0.228700388934755 -0.3983847337296663
4434 7.019554724249542 -0.20740077786899 -0.2967694674593325
4435 6.938001673321788 -0.2827127309889171 -0.4495935908601318
4436 6.876003346646552 -0.3154254619773142 -0.3991871817202636
4437 6.999999999997137 -0.3333333333336801 -0.4166666666668978
4438 6.99999999999725 -0.41666666666684 -0.3333333333337956
4439 6.947779035448161 -0.344746453256312 -0.2646449912566958
4440 7.009777362123396 -0.312033722267915 -0.315051400396564
4441 6.947779035448047 -0.2614131199231521 -0.347978324589798
4442 6.938001673321901 -0.3660460643220771 -0.3662602575270296
4443 7.470253446355223 0.2470645338323096 0.3062655425228031
4444 7.485126723176665 0.2485322669158516 0.4031327712614016
4445 7.429426594807648 0.2202408700353561 0.4588983563572039
4446 7.358853189617186 0.1904817400713185 0.4177967127144078
4447 7.343979912795744 0.1890140069877764 0.3209294839758094
4448 7.399680041164761 0.217305403868272 0.2651638988800071
4449 7.429426594807775 0.05357420336829147 0.4588983563572039
4450 7.35885318961725 0.1071484067377862 0.4177967127144078
4451 7.414553317986204 0.218773136951814 0.3620311276186055
4452 7.485126723176728 0.1651989335823194 0.4031327712614015
4453 7.414553317986268 0.1354398036182817 0.3620311276186055
4454 7.42942659480771 0.1369075367018238 0.4588983563572039
4455 4.250000000025889 0.1666666666327756 0.2388354502862855
4456 4.250000000014479 0.08333333331641576 0.227670900616055
4457 4.393804634831737 0.05782336370205771 0.1712138785555237
4458 4.537609269660403 0.1156467274040595 0.1259214061652228
4459 4.416666666669006 -9.597915367812241e-14 0.4055021169819416
4460 4.333333333336038 -2.00402719930393e-14 0.311004233963883
4461 4.393804634843146 0.1411566970184176 0.1823784282257541
4462 4.477137968164705 0.05782336370198177 0.2657117615735822
4463 4.333333333347447 0.08333333331633981 0.3221687836341135
4464 6.416666666665281 0.1029483008349619 -0.4362816341691948
4465 6.333333333332886 0.2058966016707832 -0.3725632683383895
4466 6.33333333333163 -2.221186197933396e-13 -0.3110042339646611
4467 6.416666666664653 -5.407711315778366e-13 -0.4055021169823305
4468 6.554383098236186 0.1662648903300823 -0.307184831142513
4469 6.52719154911693 0.08313244516461143 -0.4035924155712565
4470 6.471049764903164 0.1662648903304009 -0.2126869481248436
4471 6.360524882450886 0.08313244516524873 -0.2145966495359176
4472 6.471049764903792 0.2692131911659036 -0.2434664653117078
4473 6.360524882452141 0.289029046836254 -0.2761556839096461
4474 6.333333333332259 0.1029483008352805 -0.3417837511515253
4475 6.443858215784536 0.1860807460004328 -0.3398740497404512
4476 6.443858215783909 0.0831324451649301 -0.3090945325535871
4477 6.360524882451514 0.1860807460007514 -0.2453761667227818
4478 2.88552322467915 -0.01237846784525943 -0.09265715338488104
4479 2.771046449372284 -0.02475693568948753 -0.1853143067766013
4480 2.75021531262854 -0.06746045611419989 -0.2821270995535493
4481 2.843860951191664 -0.09778550869468414 -0.286282738938777
4482 2.724249064785475 -0.188767681653095 -0.09681279277492706
4483 2.830877827270132 -0.1584391214641317 -0.1936255855494659
4484 2.630603426222351 -0.1584426290726107 -0.09265715338969931
4485 2.643586550143883 -0.09778901630316317 -0.1853143067790104
4486 2.745080201529218 -0.1460641612283826 2.020920467993051e-12
4487 2.872540100757617 -0.07303208061470697 4.430058172121903e-12
4488 2.864692087935408 -0.05508198826997178 -0.189469946161829
4489 2.851708964013874 -0.1157356010394193 -0.09681279277251789
4490 2.737232188707007 -0.1281140688836474 -0.1894699461642381
4491 2.75806332545075 -0.08541054845893509 -0.09265715338729016
4492 7.588788564786306 -0.4595069664589674 -0.2025156701931443
4493 7.67757712957393 -0.4190139329179347 -0.1550313403855952
4494 7.579614627068057 -0.458577555748121 -0.3112994752131518
4495 7.659229254137433 -0.417155111496242 -0.3725989504256104
4496 7.660769600046119 -0.3590123568562136 -0.2015755079526655
4497 7.668403191855681 -0.4180845222070884 -0.2638151454056027
4498 7.651595662327871 -0.3580829461453673 -0.3103593129726731
4499 4.153721531844599 -0.2183196068068588 0.1965925646763266
4500 4.307443063691129 -0.2244655591633183 0.2164206275806558
4501 4.393380563691618 -0.2370743410154143 0.1552438525015017
4502 4.325596531845577 -0.2435371705110508 0.07423901451801831
4503 4.3203881985146 -0.07687050383988865 0.2230871307922114
4504 4.390776397026129 -0.1537410076798332 0.2296679106385982
4505 4.239659031845089 -0.2309283886589548 0.1354157895971725
4506 4.237054865179599 -0.1475950553233737 0.2098398477342689
4507 4.322992365180088 -0.1602038371754697 0.1486630726551149
4508 3.666666666679383 0.3725632683373098 -0.3725632683391268
4509 3.583333333346975 0.4362816341686549 -0.4362816341695634
4510 3.91666666668158 0.436281634168655 -0.4362816341695634
4511 3.833333333346685 0.3725632683373098 -0.3725632683391268
4512 3.750000000014277 0.436281634168655 -0.3529483008364611
4513 3.750000000014277 0.436281634168655 -0.4362816341695633
4514 3.91666666668158 0.436281634168655 -0.3529483008364612
4515 7.809684445157364 0.2894658363749004 0.2688106629914763
4516 7.904842222578682 0.3947329181874502 0.3844053314957381
4517 7.904842222578683 0.2280662515203216 0.3844053314957382
4518 7.809684445157364 0.2061325030413361 0.2688106629914763
4519 7.904842222578683 0.3947329181874503 0.2177386648286095
4520 7.809684445157364 0.2894658363749004 0.185477329657912
4521 7.904842222578682 0.3113995848538859 0.3844053314957381
4522 7.904842222578682 0.3947329181874502 0.3010719981621738
4523 7.904842222578682 0.3113995848538859 0.3010719981621738
4524 6.604668339987803 -0.4493793976552371 -0.2829269241939273
4525 6.709336679979559 -0.3987587953104742 -0.3158538483871614
4526 6.771335006654908 -0.4493793976552371 -0.3662602575270296
4527 6.604668339987802 -0.4493793976552371 -0.3662602575270296
4528 4.419270833327024 -0.4166666666688958 -0.1689219411556173
4529 4.33854166666328 -0.3333333333377916 -0.08784388231054115
4530 4.25143955416832 -0.2923691584518178 -0.1094425191871665
4531 4.245066608337102 -0.3347383168969483 -0.212119214908868
4532 4.325795775000846 -0.4180716502280526 -0.2931972737539441
4533 4.412897887495807 -0.4590358251140263 -0.2715986368773187
4534 4.079564554161653 -0.4590358251140263 -0.1049319702111066
4535 4.159129108333769 -0.4180716502280525 -0.209863940420838
4536 4.085937499992871 -0.4166666666688958 -0.002255274489405099
4537 4.171874999996204 -0.3333333333377916 -0.004510548977435075
4538 4.332168720832063 -0.3757024917829221 -0.1905205780322426
4539 4.252604166659946 -0.4166666666688957 -0.0855886078225112
4540 4.24623122082873 -0.4590358251140263 -0.1882653035442126
4541 4.165502054164987 -0.375702491782922 -0.1071872446991365
4542 4.833333333322221 -0.08333333332740867 -0.2500000000031542
4543 4.916666666656472 -0.1666666666602865 -0.2500000000015087
4544 4.916666666658694 -0.2696149674975351 -0.269614967502714
4545 4.833333333326664 -0.2892299350019059 -0.2892299350055648
4546 4.749999999992413 -0.205896601669028 -0.2892299350072102
4547 4.749999999990191 -0.1029483008317794 -0.2696149675060049
4548 4.916666666660318 -0.1666666666649593 -0.4166666666682666
4549 4.833333333324144 -0.08333333332974506 -0.3333333333365331
4550 4.91666666666254 -0.2696149675022079 -0.4362816341694719
4551 4.833333333328587 -0.2892299350042422 -0.3725632683389437
4552 4.99999999999457 -0.2499999999978372 -0.4166666666666211
4553 4.999999999992647 -0.2499999999955008 -0.3333333333332422
4554 4.833333333324442 -0.1862816341646572 -0.2696149675043594
4555 4.916666666658395 -0.1666666666626229 -0.3333333333348877
4556 4.833333333326365 -0.1862816341669937 -0.3529483008377384
4557 4.916666666660616 -0.2696149674998715 -0.3529483008360929
4558 0.5392067674334745 -0.4063654139472058 -1.046142436701971e-12
4559 0.5784135348679658 -0.3127308278944116 -7.171626351032224e-13
4560 0.705873434099875 -0.4063654139472058 -0.08333333333415224
4561 0.5392067674334745 -0.4063654139472058 -0.08333333333415224
4562 1.183492637609433 0.1955999998645069 -0.3270937220438184
4563 1.091746318809292 0.2227999999269524 -0.2885468610162227
4564 1.000000000006989 0.2499999999931053 -0.3333333333257514
4565 1.000000000004829 0.2499999999968127 -0.4166666666628757
4566 1.166666666670441 0.08333333332981656 -0.2276709006276414
4567 1.083333333339795 0.1666666666596072 -0.2388354503081342
4568 1.091746318807131 0.2227999999306598 -0.371880194353347
4569 1.083333333337635 0.1666666666633146 -0.3221687836452585
4570 1.175079652139937 0.1394666665971617 -0.2773823113357299
4571 1.392116605265692 0.2348761260422489 0.3994165228477451
4572 1.284233210527515 0.2197522520840643 0.2988330456954902
4573 1.435724983743676 0.243521885647236 0.3130367886605026
4574 1.31845419130806 0.277381338160585 0.3497095717496824
4575 4.441965414630641 0.256878989008569 -0.2651969141663723
4576 4.345982707321189 0.2828619457572975 -0.2870209083374201
4577 4.29412656590957 0.2789286822847221 -0.2058966016724413
4578 4.3382531318074 0.249012462063418 -0.1029483008364147
4579 4.434235839116851 0.2230295053146895 -0.08112430666536698
4580 4.486091980528471 0.226962768787265 -0.1622486133303458
4581 4.512649373988817 0.4102986774199469 -0.2477909733322371
4582 4.525298747964454 0.3205973548398936 -0.2455819466637808
4583 4.460793232577197 0.4063654139473714 -0.1666666666672583
4584 4.421586465141214 0.3127308278947427 -0.08333333333382324
4585 4.416666666679367 0.4362816341686754 -0.2696149675032848
4586 4.333333333345553 0.3725632683373507 -0.2892299350058763
4587 4.390109273219021 0.2529457255359935 -0.1840726075013935
4588 4.429316040655004 0.3465803115886222 -0.2674059408348285
4589 4.473442606552834 0.3166640913673182 -0.164457639998802
4590 4.377459899243382 0.3426470481160467 -0.1862816341698498
4591 5.427440476051665 -0.3763124720775388 -0.008495011670167177
4592 5.354880952109923 -0.2526249441550775 -0.01699002333895925
4593 5.499999999995547 -0.3333333333334193 -1.145924790243077e-12
4594 5.499999999997686 -0.1666666666668386 -9.167412199732421e-13
4595 5.499999999994525 -0.4003143761312483 -0.08443677903452766
4596 5.499999999995644 -0.3006287522624965 -0.1688735580676802
4597 5.427440476052783 -0.276626848208787 -0.09293179070331972
4598 5.427440476053805 -0.2096458054109581 -0.008495011669937992
4599 5.499999999996666 -0.2336477094646675 -0.08443677903429846
4600 1.083333333334628 0.0190362143191582 0.4740027499141086
4601 1.166666666668082 0.03807242863728505 0.4480054998282172
4602 1.333333333334856 0.03807242863722776 0.4480054998282172
4603 1.416666666668175 0.01903621431904361 0.4740027499141086
4604 1.33333333333265 -0.1666666666628412 0.3333333333321418
4605 1.416666666667072 -0.08333333333099088 0.4166666666660709
4606 1.24999999999933 -0.1476304523446571 0.3073360832462504
4607 1.250000000000433 -0.04526090469462259 0.3646721664942881
4608 1.250000000001401 0.0190362143191009 0.4740027499141085
4609 1.250000000000298 -0.08333333333093357 0.4166666666660709
4610 1.333333333333752 -0.06429711901280673 0.3906694165801795
4611 1.166666666666979 -0.06429711901274943 0.3906694165801795
4612 3.657016737359161 -0.3762908547425962 -0.224760816379333
4613 3.578508368675035 -0.4381454273712981 -0.2373804081900131
4614 3.495461385382535 -0.4187227206730382 -0.2045396875399013
4615 3.490922770774162 -0.3374454413460763 -0.1590793750791094
4616 3.578508368678978 -0.2714787607045738 -0.4040470748562176
4617 3.657016737361132 -0.292957521409234 -0.3080941497124352
4618 3.495461385386479 -0.2520560540063139 -0.3712063542061058
4619 3.490922770776133 -0.2541121080127142 -0.2424127084122116
4620 3.499999999994852 -0.3333333333332757 -0.4166666666668978
4621 3.49999999999288 -0.4166666666666378 -0.3333333333337956
4622 3.573969754066661 -0.3568681480443363 -0.1919200957292212
4623 3.578508368677006 -0.3548120940379359 -0.3207137415231153
4624 3.573969754068632 -0.2735348147109741 -0.2752534290623234
4625 3.495461385384507 -0.335389387339676 -0.2878730208730035
4626 2.552189891359313 0.1542881988222682 -0.4259904867227738
4627 2.604379782712365 0.0585763976442763 -0.3519809734455477
4628 2.552189891357932 0.07095486548902005 -0.4259904867227737
4629 2.718856558024702 0.07095486548896277 -0.4259904867227737
4630 4.264475244861485 0.1869988824198313 -0.09087667008426299
4631 4.14657079201774 0.1549015229975486 -0.1817533401681378
4632 4.33825313180451 0.1460641612280947 -0.07216878364942222
4633 4.294126565903789 0.07303208061407528 -0.1443375672984563
4634 4.215713031038716 0.219096241842292 -3.88189480560186e-13
4635 4.049046364372201 0.2190962418424699 -3.88189480560186e-13
4636 4.053682012294249 0.1139668018059898 -0.163045453733297
4637 4.09780857819497 0.1869988824200092 -0.09087667008426299
4638 4.220348678960764 0.1139668018058119 -0.163045453733297
4639 4.171586465137995 0.1460641612282726 -0.07216878364942222
4640 0.5012884276218109 0.4116501148663227 0.240193182603717
4641 0.5025768552415408 0.3233002297326455 0.230386365208127
4642 0.4221749494952169 0.3691129021640461 0.1948848591067917
4643 0.501288427621811 0.4116501148663227 0.1568598492701563
4644 0.4208865218754869 0.4574627872977234 0.1213583431688209
4645 1.083333333335624 0.185702880985484 0.4740027499141086
4646 1.16666666666858 0.121405761970448 0.4480054998282172
4647 1.200899877193404 0.1554551330690571 0.2728357956095989
4648 1.22544993859747 0.1062818880122345 0.3474220226759623
4649 1.117566543860448 0.2197522520840932 0.2988330456954902
4650 1.058783271931558 0.2348761260423066 0.3994165228477451
4651 1.083333333335126 0.1023695476523211 0.4740027499141085
4652 1.05878327193106 0.1515427927091437 0.3994165228477451
4653 1.142116605264016 0.08724567369410766 0.3734192727618537
4654 1.142116605264514 0.1705790070272706 0.3734192727618537
4655 0.8760033466486519 -0.398758795310149 -0.399187181720116
4656 0.9380016733234184 -0.4493793976550745 -0.449593590860058
4657 0.6046683399906173 -0.4493793976550745 -0.449593590860058
4658 0.7093366799822513 -0.398758795310149 -0.399187181720116
4659 0.6046683399911337 -0.2827127309880036 -0.449593590860058
4660 0.7093366799825094 -0.3154254619766136 -0.399187181720116
4661 0.7713350066570177 -0.4493793976550744 -0.4495935908600581
4662 0.7713350066572759 -0.366046064321539 -0.4495935908600581
4663 0.6046683399908754 -0.366046064321539 -0.4495935908600581
4664 3.911841702007454 -0.4381454273712981 -0.4040470748562176
4665 3.82368340402537 -0.3762908547425962 -0.3080941497124352
4666 3.911841702007453 -0.4381454273712981 -0.2373804081900132
4667 3.82368340402537 -0.3762908547425962 -0.224760816379333
4668 3.745175035341243 -0.4381454273712981 -0.3207137415231154
4669 3.745175035341243 -0.4381454273712981 -0.2373804081900131
4670 3.911841702007453 -0.4381454273712981 -0.3207137415231153
4671 7.703902564177966 0.06129853689122519 0.1613827510600572
4672 7.693278460619885 -0.06160168077990026 0.1695495076328999
4673 7.715742617307384 -0.08668205626695948 0.2526516252553713
4674 7.748830877552964 0.01113778591710678 0.327586986305
4675 7.560884785686135 -0.06150063281781071 0.3925720880685809
4676 7.621769571373969 -0.1230012656344182 0.2851441761371617
4677 7.726366720865466 0.036218161404166 0.2444848686825286
4678 7.632393674932048 -0.0001010479632927649 0.2769774195643191
4679 7.654857831619548 -0.02518142345035197 0.3600795371867905
4680 6.640888896643876 -0.006493070559278386 -0.03546295421640097
4681 6.695444448320677 -0.00324653527958851 0.09052169836439845
4682 6.703675037064004 0.1517970399548154 -0.001628300220330815
4683 6.64500419101554 0.07102871705792359 -0.0815379535087656
4684 6.547888674433162 0.07862290710346731 0.1279374712348945
4685 6.567111009700119 0.03444165063224952 -0.01675506778115293
4686 6.606559520481627 0.1593912300003592 0.2078471245233293
4687 6.684452701797047 0.1959782964260332 0.1430642387957166
4688 6.602444226109963 0.08186944238315719 0.2539221238156939
4689 6.67622211305372 0.04093472119162928 0.2352142373804459
4690 6.69955974269234 0.07427525233761344 0.04444669907203383
4691 6.62166656137692 0.0376881859119394 0.1092295847996465
4692 6.625781855748583 0.1152099735291413 0.06315458550728185
4693 6.680337407425385 0.1184565088088312 0.1891392380880813
4694 6.918938843748009 0.1408477341828209 0.002272177082037238
4695 6.959469421872327 0.1954238670904478 0.1261360885388322
4696 7.088873663714492 0.2086623178338216 0.1898149417071029
4697 7.177747327432337 0.1673246356695685 0.1296298834185786
4698 7.137216749308021 0.1127485027619416 0.005765971961783641
4699 7.007812507465855 0.09951005201856788 -0.05791288120648702
4700 6.959469421871903 0.3620905337583981 -0.04053057812583597
4701 6.918938843747797 0.2241810675167961 -0.08106115625029682
4702 7.088873663714068 0.3753289845017718 0.02314827504243468
4703 7.177747327432126 0.2506579690035436 0.04629655008624448
4704 6.999999999996222 0.4166666666660249 0.08333333333095895
4705 6.999999999996433 0.3333333333320497 0.166666666663293
4706 7.048343085590173 0.1540861849261947 0.06595103025030792
4707 6.959469421872114 0.2787572004244229 0.04280275520649809
4708 7.048343085589962 0.2374195182601699 -0.01738230308202616
4709 7.088873663714279 0.2919956511677967 0.1064816083747687
4710 7.690170100009842 -0.3294433467755521 0.449301779401838
4711 7.595085050004165 -0.2897216733880794 0.474650889700919
4712 7.856836766677013 -0.4127766801086831 0.449301779401838
4713 7.928418383338506 -0.4563883400543415 0.474650889700919
4714 7.856836766677013 -0.3294433467755809 0.449301779401838
4715 7.928418383338506 -0.2897216733881371 0.474650889700919
4716 7.761751716671334 -0.2897216733881082 0.474650889700919
4717 7.761751716671334 -0.3730550067212104 0.474650889700919
4718 7.928418383338506 -0.3730550067212179 0.474650889700919
4719 7.905314368592707 -0.1495053903979357 -0.3323931710933169
4720 7.905314368592707 -0.1495053903979358 -0.4157265044264191
4721 7.905314368592707 -0.2328387237310418 -0.3323931710933169
4722 5.817228278206583 0.01396222153002488 -0.1673725834032131
4723 5.877367433983578 0.07103639140250484 -0.228905480865079
4724 5.87666856775219 0.1463629139833477 -0.007637708225937758
4725 5.816878845090889 0.05162548282044633 -0.05673869708364245
4726 5.877018000867884 0.1086996526929263 -0.1182715945455084
4727 5.898198570729638 0.02833287097739531 -0.1320926880896599
4728 5.897849137613942 0.06599613226781675 -0.02145880177008926
4729 7.189121458159459 -0.4509591224001124 0.1710951950722207
4730 7.09456072907841 -0.4754795612000562 0.2105475975357639
4731 7.005358853444006 -0.3744674305231957 0.2549055491980808
4732 7.010717706890649 -0.2489348610463914 0.2598110983968546
4733 7.105278435971698 -0.2244144222464475 0.2203586959333115
4734 7.194480311606102 -0.325426552923308 0.1760007442709945
4735 7.094560729078411 -0.4754795612000562 0.04388093086864243
4736 7.189121458159459 -0.4509591224001123 0.08776186173865999
4737 7.005358853444006 -0.3744674305231957 0.08823888253095938
4738 7.010717706890649 -0.2489348610463914 0.1764777650632939
4739 7.099919582525054 -0.3499469917232518 0.2154531467345377
4740 7.09456072907841 -0.4754795612000562 0.1272142642022031
4741 7.099919582525054 -0.3499469917232519 0.1321198134009769
4742 7.005358853444005 -0.3744674305231957 0.1715722158645201
4743 7.687946091865066 0.1559717520672466 0.4350148982364193
4744 7.593973045931588 0.2029858760333201 0.4675074491182096
4745 7.927306379266182 0.03631920936614094 0.4675074491182096
4746 7.854612758532363 0.07263841873365699 0.4350148982364192
4747 7.593973045931651 0.1196525426997878 0.4675074491182096
4748 7.760639712598884 0.1196525426997305 0.4675074491182096
4749 7.760639712598946 0.03631920936619824 0.4675074491182096
4750 4.607997468171933 0.03877622356411498 0.1325021860116096
4751 4.534581031854795 -0.09591764397783138 0.1843754382482973
4752 4.577674439624349 -0.1171052257721485 0.2736612956418056
4753 4.694184283711039 -0.003598940024519284 0.3110739007986261
4754 4.767600720028177 0.1310949275174271 0.2592006485619384
4755 4.724507312258623 0.1522825093117442 0.1699147911684302
4756 4.603564709267227 0.03663578190758871 0.4494955019851489
4757 4.707129418532478 0.07327156381534934 0.3989910039702978
4758 4.487054865180536 -0.07687050384004053 0.4120828968283284
4759 4.474109730359097 -0.1537410076799091 0.3241657936566567
4760 4.651090875941486 0.01758864176979784 0.2217880434051179
4761 4.547526166676234 -0.01904714013796277 0.272292541419969
4762 4.664036010762925 0.09445914560966645 0.3097051465767895
4763 4.590619574445787 -0.04023472193227991 0.3615783988134773
4764 7.810628737185416 -0.1323441141282843 -0.2481196755197359
4765 7.905314368592707 -0.06617205706482969 -0.2490598377602146
4766 7.894218119020536 0.05923875473433299 -0.2281672994841351
4767 7.788436238041072 0.1184775094700411 -0.2063345989675769
4768 7.905314368592708 -0.06617205706482968 -0.08239317109400247
4769 7.810628737185415 -0.1323441141282842 -0.1647863421866298
4770 7.894218119020536 0.05923875473433299 -0.06150063281792296
4771 7.788436238041072 0.1184775094700411 -0.1230012656344708
4772 7.799532487613243 -0.0069333023291216 -0.2272271372436564
4773 7.905314368592707 -0.0661720570648297 -0.1657265044271085
4774 7.799532487613243 -0.00693330232912159 -0.1438938039105503
4775 7.894218119020535 0.05923875473433297 -0.1448339661510291
4776 2.979168863253215 -0.04270352042482695 -0.4301461261080016
4777 2.958337726504002 -0.08540704084999767 -0.3602922522160032
4778 3.04167105982792 -0.1687403741694175 -0.2769589188718852
4779 3.145835529901051 -0.2093701870636666 -0.2634794594197655
4780 3.166666666650265 -0.1666666666384959 -0.3333333333117639
4781 3.083333333326346 -0.08333333331907607 -0.4166666666558819
4782 3.249999999990632 -0.0727642442417217 -0.3423190271927309
4783 3.249999999982407 -0.1613821220998187 -0.2961595135801883
4784 3.1458355299175 -0.0321344313474726 -0.3557984866448505
4785 3.041671059836144 -0.0801224963113205 -0.3231184324844276
4786 3.062502196577133 -0.1260368537442468 -0.3468127927638835
4787 3.062502196585358 -0.03741897588614978 -0.3929723063764261
4788 3.166666666658489 -0.07804878878039889 -0.3794928469243064
4789 3.145835529909276 -0.1207523092055696 -0.309638973032308
4790 5.416666666662824 -0.2696149675023394 -0.4362816341694182
4791 5.333333333329033 -0.2892299350044186 -0.3725632683388365
4792 5.249999999996117 -0.2696149675023105 -0.4362816341694182
4793 5.416666666661754 -0.3529483008355859 -0.4362816341694182
4794 3.771119994491587 0.2063969768182523 -0.2771098040378503
4795 3.792239988971385 0.1039490511305399 -0.2453747055670104
4796 3.88512876869212 0.04193547148697352 -0.2333030748147846
4797 3.956897553933057 0.08236981753111966 -0.2529665425333986
4798 3.864008774212322 0.144383397174686 -0.2650381732856244
4799 3.908135340110288 0.1144671769535803 -0.1620898724495238
4800 3.815246560389553 0.1764807565971467 -0.1741615032017496
4801 3.938001673339835 0.4495935908598483 0.1160460643208424
4802 3.876003346663194 0.3991871817196967 0.2320921286430599
4803 3.836796579226264 0.305552595667246 0.2320921286433889
4804 3.859588138465974 0.2623244187549469 0.1160460643215004
4805 3.921586465142616 0.3127308278950985 -7.171670664736969e-13
4806 3.960793232579546 0.4063654139475493 -1.046144652387208e-12
4807 4.166666666697024 0.3333333332994237 0.166666666637219
4808 4.08333333335675 0.4166666666497118 0.08333333331792192
4809 4.127459899260094 0.2396987472469729 0.1666666666375479
4810 4.00491979848289 0.2293974945448104 0.08333333331857988
4811 4.104668340020383 0.282926924159272 0.2827127309594365
4812 3.959336680003468 0.3158538483694085 0.3154254619623569
4813 3.898794905902904 0.3559590048073976 0.1160460643211714
4814 4.021335006680109 0.3662602575095601 0.1993793976401394
4815 4.044126565919819 0.3230320805972611 0.08333333331825089
4816 3.982128239243178 0.2726256714571095 0.1993793976404684
4817 2.252480337356426 -0.1651924182771002 0.2923765928568847
4818 2.2549606747182 -0.08038483656253399 0.3347531857216158
4819 2.276383646194475 -0.1753577725873523 0.2093073662438213
4820 2.302767292394297 -0.1007155451830383 0.168614732495489
4821 2.193311381179772 -0.05676293781459726 0.2144505708055696
4822 2.166927734979949 -0.1314051652189113 0.2551432045539018
4823 2.278863983556248 -0.09055019087278614 0.2516839591085523
4824 2.190831043817998 -0.1415705195291634 0.1720739779408384
4825 2.438001673334216 0.4495935908599294 0.2827127309879454
4826 2.376003346658026 0.3991871817198588 0.3154254619765836
4827 2.209336679990666 0.3991871817198588 0.2320921286430229
4828 2.104668339999495 0.4495935908599294 0.1160460643208239
4829 2.174267642121142 0.442020413234387 0.00790966462978745
4830 2.087133821064733 0.4710102066171935 0.003954832314206164
4831 2.278935982112313 0.3916140040943164 0.1239557289519865
4832 2.296470501047074 0.3701973883370523 0.2360469609586042
4833 2.340934308788503 0.442020413234387 0.09124299796334816
4834 2.420467154399454 0.4710102066171935 0.1706214989813276
4835 2.271335006666855 0.4495935908599294 0.1993793976543846
4836 2.253800487732093 0.4710102066171935 0.08728816564776688
4837 2.191802161055903 0.420603797477123 0.1200008966364052
4838 2.358468827723264 0.420603797477123 0.2033342299699659
4839 2.833333333339682 0.2499999999953196 0.3333333333334984
4840 2.916666666673569 0.2499999999977465 0.4166666666667492
4841 2.583333333339439 0.2499999999978043 0.4166666666667492
4842 2.666666666672616 0.2499999999953485 0.3333333333334984
4843 2.916666666670217 0.08333333333119343 0.4166666666667492
4844 2.833333333338005 0.1666666666620431 0.3333333333334984
4845 2.750000000006504 0.2499999999977754 0.4166666666667492
4846 2.916666666671893 0.1666666666644699 0.4166666666667492
4847 2.750000000004828 0.1666666666644989 0.4166666666667492
4848 2.301970176416684 -0.2046519416936489 0.02058333893938331
4849 2.315560557505402 -0.1153626297361866 0.07425271884327003
4850 2.203624308929102 -0.1562176040823117 0.07771196428861946
4851 2.28917691130558 -0.1900048571405006 0.1149453525916023
4852 0.6488741635050044 0.3958824498887983 -0.01387180108925659
4853 0.5744370817535427 0.4479412249443991 -0.1319359005449749
4854 0.8155408301723648 0.3958824498887983 0.06946153224384945
4855 0.9077704150882633 0.4479412249443991 0.03473076612123716
4856 0.7411037484209029 0.4479412249443991 -0.04860256721186887
4857 0.5744370817535426 0.4479412249443991 -0.04860256721186887
4858 0.741103748420903 0.4479412249443991 0.03473076612123716
4859 0.1484863065334665 0.1228073079075405 -0.4062317078004104
4860 0.07424315326673324 0.1864036539541169 -0.4531158539002052
4861 0.08287441362053095 0.2976139023366858 -0.4370652478362165
4862 0.1657488272410619 0.3452278046726783 -0.3741304956724329
4863 0.2399919805077952 0.2816314586261019 -0.3272463495726381
4864 0.2313607201539974 0.170421210243533 -0.3432969556366268
4865 0.4075764866009377 0.1864036539540591 -0.4531158539002053
4866 0.3151529732005687 0.1228073079075116 -0.4062317078004104
4867 0.4162077469547354 0.297613902336628 -0.4370652478362165
4868 0.3324154939081642 0.3452278046726494 -0.3741304956724329
4869 0.1571175668872642 0.2340175562901094 -0.3901811017364216
4870 0.2409098199338355 0.186403653954088 -0.4531158539002052
4871 0.3237842335543664 0.2340175562900805 -0.3901811017364216
4872 0.2495410802876332 0.2976139023366569 -0.4370652478362165
4873 0.5634704737529241 0.1711190939339833 -0.3130007853160959
4874 0.5317352368767282 0.08555954696759326 -0.4065003926580479
4875 0.4472633648241672 0.07552198965235002 -0.3957746298191503
4876 0.3945267296478021 0.1510439793034968 -0.2915492596383005
4877 0.4262619665239981 0.2366035262698868 -0.1980496522963485
4878 0.5107338385765591 0.2466410835851301 -0.2087754151352462
4879 0.4472633648246835 0.242188656318619 -0.3957746298191503
4880 0.3945267296480602 0.2343773126366313 -0.2915492596383005
4881 0.4789986017003631 0.16108153661874 -0.3022750224771982
4882 0.5317352368769863 0.1688928803007277 -0.4065003926580479
4883 0.4789986017006213 0.2444148699518745 -0.3022750224771982
4884 0.4472633648244253 0.1588553229854845 -0.3957746298191502
4885 0.2278600629809581 0.1510439793035541 -0.2082159263051983
4886 0.113930031490479 0.07552198965246464 -0.2291079631529458
4887 0.113930031490479 0.1588553229855707 -0.1457746298198397
4888 0.113930031490479 0.1588553229855707 -0.2291079631529458
4889 0.5317352368777607 0.4188928803001244 -0.2398337259918435
4890 0.5634704737534404 0.3377857606002489 -0.2296674519829937
4891 0.500000000001823 0.4166666666668689 -0.3333333333337956
4892 0.5000000000015647 0.3333333333337378 -0.4166666666668978
4893 0.5902935416819849 0.4582065115343556 -0.2766300227192232
4894 0.6805870833618888 0.4164130230687112 -0.303260045437753
4895 0.6220287785576646 0.37709939183448 -0.2664637487103734
4896 0.5317352368775026 0.3355595469669933 -0.3231670593249457
4897 0.5902935416817268 0.3748731782012245 -0.3599633560523254
4898 2.376003346656645 0.3158538483866122 0.398758795310148
4899 2.438001673331453 0.2829269241934362 0.449379397655074
4900 2.438001673334216 0.4495935908599294 0.449379397655074
4901 2.376003346658026 0.3991871817198588 0.398758795310148
4902 2.104668339999495 0.4495935908599294 0.449379397655074
4903 2.209336679990665 0.3991871817198588 0.398758795310148
4904 2.438001673332834 0.3662602575266828 0.449379397655074
4905 2.271335006665474 0.3662602575266828 0.449379397655074
4906 2.271335006666855 0.4495935908599295 0.449379397655074
4907 3.16666666666613 -0.07789296505157468 0.386557828136981
4908 3.083333333331764 -0.1639464825257008 0.4432789140684905
4909 3.416666666664715 -0.1639464825257586 0.4432789140684905
4910 3.333333333332605 -0.07789296505160356 0.386557828136981
4911 3.083333333335117 0.002720184141079665 0.4432789140684905
4912 3.166666666667806 0.005440368281815549 0.386557828136981
4913 3.249999999998239 -0.1639464825257297 0.4432789140684905
4914 3.083333333333441 -0.08061314919231057 0.4432789140684905
4915 3.249999999999916 -0.08061314919233944 0.4432789140684905
4916 3.577831141668792 0.2229600890206977 0.4779585716801453
4917 3.655662283328931 0.1959201780413085 0.4559171433602906
4918 3.822328949993715 0.1125868447079463 0.4559171433602907
4919 3.911164474998361 0.05629342235397314 0.4779585716801453
4920 3.832555609796407 -0.09209220225626445 0.4250252032730438
4921 3.916277804899706 -0.04604610112813223 0.4625126016365219
4922 3.743720084791761 -0.03579877990229133 0.4029837749531891
4923 3.738606754890415 0.06654074357981402 0.4184297449968125
4924 3.665888943131622 -0.008758868922902188 0.4250252032730438
4925 3.582944471570138 0.1206205655385923 0.4625126016365219
4926 3.744497808333576 0.1396267556873354 0.4779585716801453
4927 3.749611138234922 0.03728723220523003 0.4625126016365218
4928 3.82744227989506 0.01024732122584091 0.4404711733166672
4929 3.660775613230276 0.09358065455920316 0.4404711733166672
4930 0.310734476601489 0.2819912149726527 -0.228614507474517
4931 0.279678858731541 0.3374164609906617 -0.2699051254915831
4932 0.3324154939084223 0.4285611380057806 -0.2907971623393307
4933 0.4162077469552516 0.4642805690028903 -0.270398581170012
4934 0.4472633648251997 0.4088553229848813 -0.2291079631529458
4935 0.3945267296483184 0.3177106459697624 -0.2082159263051983
4936 0.3634711117783703 0.3731358919877715 -0.2495065443222645
4937 0.3634711117781122 0.2898025586546403 -0.3328398776553667
4938 0.4472633648249416 0.3255219896517501 -0.312441296486048
4939 0.4162077469549935 0.3809472356697592 -0.3537319145031143
4940 1.999999999996374 -0.4166666666665512 0.3333333333328714
4941 1.99999999999746 -0.3333333333331023 0.4166666666664356
4942 2.166666666661531 -0.3333333333277775 0.3333333333281023
4943 2.083333333328409 -0.4166666666638887 0.4166666666640512
4944 2.166666666662617 -0.2499999999943287 0.3333333333281023
4945 2.083333333330582 -0.2499999999969911 0.4166666666640512
4946 1.999999999996374 -0.4166666666665511 0.4166666666664356
4947 2.083333333329496 -0.3333333333304399 0.3333333333304869
4948 2.083333333328409 -0.4166666666638887 0.3333333333304868
4949 2.083333333329495 -0.3333333333304399 0.4166666666640511
4950 1.995294922000994 0.2152388496738251 0.4206329582043243
4951 1.990589843996922 0.1804776993473034 0.3412659164086487
4952 1.907180355717812 0.1385243333820229 0.3127856123916084
4953 1.828475945442773 0.1313321177432641 0.3636723501702438
4954 1.74917834562283 0.2325303688838571 0.2478734898298394
4955 1.86753155580784 0.1891234589523194 0.2548861822214062
4956 1.911885433721883 0.1732854837085446 0.392152654187284
4957 1.872236633811912 0.223884609278841 0.3342532240170819
4958 1.788827145532801 0.1819312433135606 0.3057729200000416
4959 1.916666666668329 4.534254375396272e-13 0.4055021169818568
4960 1.833333333334852 2.192897559288949e-13 0.3110042339637135
4961 1.666666666668082 2.765865158580915e-13 0.3110042339637135
4962 1.583333333334789 5.680189573980204e-13 0.4055021169818567
4963 1.833181023445758 0.08275993473656608 0.4430393919659195
4964 1.916590511723781 0.04137996736862682 0.4715196959829597
4965 1.666514356778987 0.08275993473662337 0.4430393919659195
4966 1.583257178390241 0.04137996736874141 0.4715196959829597
4967 1.749847690112281 0.08275993473633193 0.3485415089477762
4968 1.749923845056828 0.04137996736815855 0.2825239299466732
4969 1.750000000001559 5.107221974688237e-13 0.4055021169818568
4970 1.833257178390305 0.04137996736839269 0.3770218129648165
4971 1.749923845057011 0.04137996736868412 0.4715196959829596
4972 1.666590511723535 0.04137996736844998 0.3770218129648165
4973 0.92158646513404 0.3127308278953804 -7.171716924029663e-13
4974 0.9607932325691009 0.4063654139476902 -1.046153904245746e-12
4975 0.9236268750167056 0.4582065115343556 -0.1099633560530111
4976 0.8472537500292491 0.4164130230687112 -0.219926712104647
4977 0.8844201075816445 0.3645719254820458 -0.1099633560526821
4978 0.8313972901008069 0.4061477364787548 -0.07523258993039877
4979 0.8685636476532022 0.3543066388920894 0.03473076612156614
4980 0.7530347109537228 -0.2657572152071854 0.2503112052436283
4981 0.8200744418829389 -0.1827336578349814 0.1524842175221121
4982 0.924742781874165 -0.2331400669751849 0.03643815319993885
4983 0.962371390936175 -0.3665700334875924 0.01821907659928186
4984 0.895331660006959 -0.4495935908597965 0.1160460643207981
4985 0.7906633200157327 -0.399187181719593 0.2320921286429713
4986 0.6404118615431402 -0.2623244187542081 0.116046064321456
4987 0.6632034207838234 -0.3055525956667988 0.2320921286433003
4988 0.7450802015343663 -0.3127308278944116 -7.171626351032224e-13
4989 0.8725401007662756 -0.4063654139472058 -1.046142436701971e-12
4990 0.7074515924723563 -0.1793008613820041 0.01821907659993982
4991 0.7972828826422557 -0.1395054809223907 0.03643815320026782
4992 0.8577030509449489 -0.3161636243473889 0.1342651409214551
4993 0.7302431517130396 -0.2225290382945947 0.134265140921784
4994 0.7678717607750495 -0.3559590048070024 0.116046064321127
4995 0.8349114917042657 -0.2729354474347982 0.01821907659961084
4996 7.67757712957393 -0.4190139329179348 0.0116353262810716
4997 7.588788564786306 -0.4595069664589674 0.1308176631401893
4998 7.710558136161721 -0.2491748987596512 0.08262850594447971
4999 7.738461915261636 -0.3138478990682766 -0.01245925231678319
5000 7.588788564786306 -0.4595069664589674 -0.03584900352693211
5001 7.67757712957393 -0.4190139329179347 -0.07169800705248909
5002 7.560884785686389 -0.3948339661503419 0.05923875473433077
5003 7.621769571374097 -0.2896679323006838 0.1184775094700367
5004 7.649673350474012 -0.3543409326093093 0.1067230845423345
5005 7.588788564786305 -0.4595069664589674 0.04748432980662859
5006 7.649673350474013 -0.3543409326093093 0.0233897512087738
5007 7.560884785686389 -0.3948339661503418 0.1425720880678915
5008 0.2171564678041504 -0.2314383346873098 -0.3881478782510013
5009 0.219942963802175 -0.08611368641317287 -0.3737477199758084
5010 0.1484863065334665 -0.04385935875912631 -0.4062317078004104
5011 0.07424315326673324 -0.1469296793792167 -0.4531158539002052
5012 0.07145665726870856 -0.2922543276533536 -0.4675160121753981
5013 0.1429133145374171 -0.3345086553074 -0.435032024350796
5014 0.07145665726870856 -0.2922543276533536 -0.3008493455091936
5015 0.1429133145374171 -0.3345086553074 -0.3516986910176938
5016 0.1456998105354418 -0.1891840070332632 -0.4206318660756032
5017 0.1456998105354418 -0.1891840070332632 -0.337298532742501
5018 0.07145665726870856 -0.2922543276533535 -0.3841826788422958
5019 0.07424315326673324 -0.1469296793792167 -0.3697825205671029
5020 3.578508368682921 -0.1048120940378501 -0.4040470748562176
5021 3.657016737363104 -0.2096241880758722 -0.3080941497124352
5022 3.911841702011943 -0.2714787607046315 -0.4040470748562176
5023 3.823683404027614 -0.2929575214092629 -0.3080941497124352
5024 3.578508368680949 -0.188145427371212 -0.4040470748562175
5025 3.745175035347432 -0.1881454273712408 -0.4040470748562176
5026 3.74517503534546 -0.2714787607046026 -0.4040470748562176
5027 0.7724547914960342 0.08776186174005915 -0.3564612393825067
5028 0.7612273957483644 0.04388093087007697 -0.2864837951648016
5029 0.7493737575835732 -0.01737008197561046 -0.2953227133755419
5030 0.7487475151664515 -0.03474016395131569 -0.3741390758039873
5031 0.7599749109141214 0.009140766918666485 -0.4441165200216924
5032 0.7718285490789127 0.0703917797643539 -0.4352776018109522
5033 1.094560729081959 0.04388093087003106 -0.2864837951648363
5034 0.9391214581628315 0.0877618617400362 -0.3564612393825241
5035 1.082707090917168 -0.01737008197565636 -0.2953227133755766
5036 0.9154141818332489 -0.03474016395133864 -0.3741390758040046
5037 1.083333333334289 4.887382892150911e-14 -0.2165063509471312
5038 0.916666666667492 7.182553260610894e-14 -0.2165063509471138
5039 0.7606011533312428 0.02651084889437172 -0.365300157593247
5040 0.9278940624151618 0.04388093087005401 -0.2864837951648189
5041 0.9272678199980404 0.02651084889434878 -0.3653001575932643
5042 0.9160404242503707 -0.0173700819756334 -0.2953227133755593
5043 6.801033343949543 0.1838007756595362 0.01165699058715008
5044 6.839720804786616 0.1350361884673652 -0.0549673718938038
5045 6.841211281660834 0.1884505104633448 -0.1955849553776616
5046 6.804014297697976 0.2906294196514954 -0.2695781763805654
5047 6.765326836860902 0.3393940068436665 -0.2029538138996116
5048 6.763836359986685 0.2859796848476869 -0.06233623041575383
5049 6.920781961034828 0.4108551209505691 -0.1405728823110942
5050 6.841563922073648 0.3217102419011382 -0.03114576462149515
5051 6.922272437909045 0.4642694429465487 -0.281190465794952
5052 6.844544875822082 0.4285388858930974 -0.3123809315892107
5053 6.959469421871903 0.3620905337583981 -0.2071972447920481
5054 6.918938843747796 0.2241810675167961 -0.1643944895834029
5055 6.80252382082376 0.2372150976555158 -0.1289605928967077
5056 6.880251382910722 0.2729456547089671 -0.09777012710244903
5057 6.843054398947865 0.3751245638971178 -0.1717633481053529
5058 6.881741859784939 0.3263599767049467 -0.2383877105863068
5059 7.848898313959593 0.3574551472404616 -0.3219127640885366
5060 7.924449156979795 0.3037275736198843 -0.285956382044615
5061 7.924449156979796 0.470394240287013 -0.285956382044615
5062 7.848898313959592 0.4407884805740259 -0.3219127640885366
5063 7.924449156979795 0.3870609069534486 -0.3692897153777172
5064 7.924449156979795 0.4703942402870129 -0.3692897153776958
5065 7.924449156979795 0.3870609069534486 -0.285956382044615
5066 3.133032377816031 -0.241449468976734 0.126795612144086
5067 3.029790503143717 -0.2474660125711374 0.190078170785553
5068 2.951032418978393 -0.335655037443694 0.1689071529508883
5069 2.975516209485381 -0.417827518721847 0.0844535764747566
5070 3.078758084157694 -0.4118109751274435 0.02117101783328963
5071 3.157516168323018 -0.323621950254887 0.04234203566795435
5072 3.078758084157694 -0.4118109751274435 0.1878376845004111
5073 3.157516168323018 -0.323621950254887 0.125675369001515
5074 2.975516209485381 -0.417827518721847 0.251120243141878
5075 2.951032418978393 -0.335655037443694 0.252240486284449
5076 3.054274293650705 -0.3296384938492904 0.1056245943094213
5077 3.054274293650705 -0.3296384938492904 0.188957927642982
5078 3.078758084157693 -0.4118109751274435 0.1045043511668503
5079 2.975516209485381 -0.4178275187218469 0.1677869098083173
5080 7.083333333329582 0.4785338626199686 0.4785338626199134
5081 7.166666666663154 0.4570677252399371 0.4570677252398266
5082 7.26275992814006 0.3439752619423641 0.4159660815970306
5083 7.275519856283392 0.2523489360248224 0.3963305753343211
5084 7.19218652294982 0.2738150734048539 0.4177967127144079
5085 7.096093261472914 0.3869075367024269 0.4588983563572039
5086 7.083333333329583 0.4785338626199686 0.3118671959527847
5087 7.166666666663154 0.4570677252399371 0.3737343919062623
5088 7.179426594806486 0.3654413993223955 0.4374322189771172
5089 7.08333333332958 0.4785338626199684 0.395200529286349
5090 7.096093261472914 0.3869075367024268 0.3755650230236396
5091 7.179426594806488 0.3654413993223955 0.3540988856435529
5092 7.702660202224088 -0.2869793825507256 -0.09193169323274049
5093 7.638954710086622 -0.195437865724549 -0.07631637588743487
5094 7.52508307264884 -0.3679654496327909 -0.0202336861816265
5095 7.550166145298999 -0.2359308992655817 -0.04046737236187788
5096 7.571981035258496 -0.3995053903972463 -0.08239317109400246
5097 7.64396207051831 -0.2990107807944925 -0.1647863421866298
5098 7.685852672696278 -0.2269778064890044 -0.1384758607998109
5099 7.597064107908654 -0.2674708400300371 -0.1026268572742539
5100 7.613871637436464 -0.3274724160917583 -0.05608268970718348
5101 7.660769600046119 -0.3590123568562136 -0.1182421746195595
5102 6.924297697194891 0.01638030366026708 0.007177726282037666
5103 6.970187128766092 -0.05351099395465998 0.135947186938833
5104 7.005358853443528 0.1255325694755207 0.2549055491956276
5105 7.010717706890411 0.001065138952966851 0.259811098395628
5106 7.053701939037056 0.02961875440364082 0.07085657945030834
5107 7.094232517161374 0.08419488731126766 0.1947204909071033
5108 6.96482827531921 0.07095643656789391 0.1310416377388326
5109 3.810559302604542 -0.2316408533311582 -0.003313826556966173
5110 3.920227957607046 -0.1904060413937794 -0.05675085667278275
5111 3.931772777087462 -0.2042595803422318 -0.1441723327152838
5112 3.833648941565374 -0.259347931228063 -0.1781567786419683
5113 3.885538859837306 -0.04872299285691527 -0.1791557003269801
5114 3.957717736223428 -0.09894711115665791 -0.1446717935577897
5115 3.822104122084958 -0.2454943922796106 -0.09073530259946723
5116 3.85959390070134 -0.1540354620424891 -0.1786562394844742
5117 3.848049081220924 -0.1401819230940368 -0.09123476344197315
5118 7.37584700478665 -0.03363469153190119 -0.3444751102240394
5119 7.437923502392474 -0.0168173457665522 -0.4222375551120197
5120 7.525083072648586 -0.03463211630025963 -0.3535670195140431
5121 7.550166145298872 -0.06926423259931605 -0.2071340390280862
5122 7.488089647693047 -0.08608157836466505 -0.1293715941401059
5123 7.400930077436936 -0.06826680783095762 -0.1980421297380825
5124 7.581885572912357 -0.1491614598935759 -0.2536905639648578
5125 7.447828040046591 -0.09980674859541305 -0.2602016146504585
5126 7.463006575042759 -0.05144946206560862 -0.2758045746260628
5127 7.509904537652415 -0.08298940283006405 -0.3379640595384388
5128 7.5349876103027 -0.1176215191291205 -0.1915310790524819
5129 7.597064107908526 -0.1008041733637715 -0.2692935239404622
5130 3.333333333342841 0.3333333333276888 0.2499999999999461
5131 3.416666666678704 0.4166666666638444 0.2499999999996265
5132 3.083333333343984 0.4166666666638444 0.08333333333250512
5133 3.16666666667548 0.3333333333276888 0.1666666666663854
5134 3.083333333343984 0.4166666666638444 0.2499999999996266
5135 3.16666666667548 0.3333333333276888 0.2499999999999461
5136 3.250000000011344 0.4166666666638444 0.1666666666660658
5137 3.250000000011344 0.4166666666638444 0.2499999999996265
5138 3.083333333343984 0.4166666666638444 0.1666666666660659
5139 7.693278460619755 0.1798770943246163 -0.07192926747160761
5140 7.7039025641779 0.1820379244434835 0.04064336350780343
5141 7.809684445157364 0.2894658363749004 0.1021439963243513
5142 7.904842222578682 0.3947329181874502 0.05107199816148809
5143 7.894218119020536 0.3925720880685831 -0.06150063281792296
5144 7.788436238041072 0.2851441761371661 -0.1230012656344708
5145 7.560884785685815 0.3925720880685831 -0.06150063281792296
5146 7.621769571373711 0.2851441761371661 -0.1230012656344708
5147 7.571508889243962 0.3947329181874503 0.05107199816148808
5148 7.643017778490004 0.2894658363749004 0.1021439963243513
5149 7.799060341599219 0.2873050062560332 -0.01042863465505975
5150 7.632393674931857 0.2873050062560332 -0.01042863465505976
5151 7.727551452353175 0.3925720880685831 -0.06150063281792295
5152 7.738175555911321 0.3947329181874503 0.05107199816148809
5153 0.3945267296483184 0.3177106459697624 -0.1248825929720922
5154 0.4472633648251997 0.4088553229848812 -0.06244129648673368
5155 0.3333333333347207 0.4166666666668978 -0.08333333333448117
5156 0.1666666666673604 0.3333333333337956 -0.1666666666675873
5157 0.2805966981578393 0.325521989651779 -0.1457746298198397
5158 0.3681498866986057 0.3663181102826046 -0.02441628665009835
5159 0.2542198552081267 0.3741294539646212 -0.04530832349784585
5160 0.3241284761586124 0.1349288295846568 0.1338479377322857
5161 0.4139968795099415 0.1849395870918125 0.1772137427724113
5162 0.3215549685767587 0.08261469539445535 0.0547105577178031
5163 0.408849864346234 0.08031131871140958 0.01893898274344608
5164 0.2437265704122886 0.1807415020160575 0.09834643163095039
5165 0.2531930680172938 0.2765649319546138 0.1062107305697406
5166 0.3335949737636177 0.2307522595232131 0.141712236671076
5167 0.4114233719280878 0.132625452901611 0.09807636275792872
5168 0.3310214661817639 0.1784381253330117 0.06257485665659336
5169 0.855788124832186 0.1710951950698268 -0.367625789063017
5170 0.927894062420668 0.2105475975296123 -0.3088128945258221
5171 0.9278940624163466 0.2105475975370271 -0.4754795612000706
5172 0.8557881248300253 0.1710951950735342 -0.4509591224001412
5173 0.8472537500287511 0.3330796897355512 -0.3865933787708553
5174 0.9236268750157095 0.2915398448680356 -0.4432966893854277
5175 0.8472537500309117 0.3330796897318438 -0.303260045433731
5176 0.9236268750200307 0.2915398448606208 -0.276630022711179
5177 0.9278940624185072 0.2105475975333197 -0.3921462278629463
5178 0.8515209374315488 0.2520874424008352 -0.3354429172483739
5179 0.8515209374293882 0.2520874424045427 -0.4187762505854982
5180 0.9236268750178702 0.2915398448643282 -0.3599633560483033
5181 5.155819282641636 0.1770284819430893 0.4743818077505827
5182 5.07790964132347 0.2135142409714581 0.4871909038752913
5183 5.155819282640167 0.0936951486096991 0.4743818077505827
5184 5.077909641320534 0.04684757430467766 0.4871909038752913
5185 5.322485949306476 0.09369514860964182 0.4743818077505827
5186 5.411242974653152 0.04684757430456309 0.4871909038752913
5187 5.244576307988311 0.1301809076380106 0.4871909038752913
5188 5.077909641322002 0.1301809076380679 0.4871909038752913
5189 5.244576307986843 0.04684757430462039 0.4871909038752913
5190 3.578508368675036 -0.4381454273712981 -0.07071374152380103
5191 3.657016737359161 -0.3762908547425962 -0.1414274830462269
5192 3.578508368675036 -0.4381454273712981 -0.1540470748569071
5193 3.745175035341244 -0.4381454273712981 -0.1540470748569071
5194 3.916666666665026 -0.1666666666667101 0.4055021169819801
5195 3.833333333333782 -0.08333333333342001 0.3110042339639602
5196 3.833333333334382 -0.07072455148355303 0.2032590678879594
5197 3.916666666666226 -0.1414491029669761 0.1900117848299784
5198 3.99999999999747 -0.2247824363002662 0.2845096678479983
5199 3.99999999999687 -0.2373912181501332 0.3922548339239991
5200 3.832555609794162 -0.1754255355895978 0.4250252032730438
5201 3.916277804895216 -0.212712767794799 0.4625126016365219
5202 3.832555609794762 -0.1628167537397309 0.317280037197043
5203 3.916277804896415 -0.1874952040950651 0.2470222694845202
5204 3.749222276462918 -0.09209220225630776 0.3305273202550239
5205 3.749611138232728 -0.04604610112821884 0.2735168356004821
5206 3.916666666665626 -0.1540578848168431 0.2977569509059793
5207 3.832944471563972 -0.1293794344615089 0.368014718618502
5208 3.916277804895815 -0.200103985944932 0.354767435560521
5209 3.832944471564571 -0.116770652611642 0.2602695525425012
5210 3.666666666677411 0.2892299350040055 -0.3725632683391268
5211 3.583333333343032 0.2696149675020461 -0.4362816341695634
5212 3.500000000010625 0.3333333333333912 -0.4166666666668978
5213 3.500000000012596 0.4166666666666956 -0.3333333333337956
5214 3.583333333346975 0.436281634168655 -0.2696149675033589
5215 3.666666666679382 0.3725632683373098 -0.2892299350060246
5216 3.583333333345003 0.3529483008353506 -0.3529483008364611
5217 3.583333333345003 0.3529483008353504 -0.4362816341695633
5218 3.583333333346975 0.436281634168655 -0.3529483008364611
5219 3.500000000012596 0.4166666666666955 -0.4166666666668977
5220 3.33333333334493 0.3725632683375103 -0.3725632683389638
5221 3.416666666679749 0.4362816341687552 -0.4362816341694818
5222 3.416666666679749 0.4362816341687552 -0.2696149675032775
5223 3.33333333334493 0.3725632683375103 -0.2892299350058615
5224 3.416666666675806 0.2696149675021464 -0.4362816341694819
5225 3.333333333342958 0.2892299350042059 -0.3725632683389638
5226 3.416666666679749 0.4362816341687552 -0.3529483008363797
5227 3.416666666677778 0.3529483008354508 -0.4362816341694819
5228 3.416666666677777 0.3529483008354508 -0.3529483008363796
5229 4.694183454347186 0.3440352193308608 -0.3547888114708985
5230 4.597091727180183 0.4220176096654304 -0.4273944057354492
5231 4.930425060511205 0.4220176096654304 -0.4273944057354493
5232 4.860850121012697 0.3440352193308608 -0.3547888114708985
5233 4.930425060508266 0.2553509429986483 -0.4273944057354493
5234 4.860850121011228 0.2607018859974697 -0.3547888114708985
5235 4.763758393845706 0.4220176096654304 -0.4273944057354493
5236 4.763758393844225 0.3386842763320393 -0.4273944057354493
5237 4.930425060509736 0.3386842763320393 -0.4273944057354493
5238 6.389862858796971 -0.0447073257880572 0.113398400673113
5239 6.503741580548596 -0.1319017838154503 0.05669920033636239
5240 6.607191316522506 -0.1493106965082184 -0.05381586893265892
5241 6.59676233074479 -0.07952515117359331 -0.1076317378649296
5242 6.482883608993165 0.007669306853799791 -0.0509325375281791
5243 6.379433873019256 0.02507821954656784 0.0595825317408422
5244 6.444438938459252 0.09603181979623536 0.2384525405039158
5245 6.360211537752299 0.06925947601778562 0.2042750707568897
5246 6.558317660210878 0.00883736176884227 0.1817533401671652
5247 6.58796898125555 -0.1051294400370006 0.09087667008338852
5248 6.49331259477088 -0.06211623848082525 0.002883331404091652
5249 6.474090259503924 -0.01793498200960747 0.1475758704201391
5250 6.463661273726209 0.05185056332501757 0.09376000148786835
5251 6.577539995477833 -0.03534389470237553 0.03706080115111782
5252 5.568605133448269 0.2695630016504963 0.1395403262429181
5253 5.503055861606254 0.280000689988398 0.005714882483206118
5254 5.521879728625009 0.2596948705248449 -0.1096194578303649
5255 5.60625286748578 0.2289513627233901 -0.09112835438422401
5256 5.671802139327795 0.2185136743854884 0.04269708937548793
5257 5.65297827230904 0.2388194938490415 0.1580314296890589
5258 5.544718135096646 0.08637510443735963 0.09112192333375162
5259 5.589436270193465 0.1727502088749771 0.1822438466681908
5260 5.47916886325463 0.09681279277526135 -0.04270352042596031
5261 5.458337726509434 0.1936255855507805 -0.08540704085123307
5262 5.587429000467024 0.2492571821869432 0.02420598592934703
5263 5.523886998351449 0.1831878972128788 0.04841840290847887
5264 5.608260137212221 0.152444389411424 0.06690950635461977
5265 5.542710865370205 0.1628820777493258 -0.06691593740509216
5266 6.613671621857408 0.1257503732527385 0.3238995680338209
5267 6.698676904548611 0.1286965829307919 0.3751691258166999
5268 6.776570085864032 0.1652836493564659 0.3103862400890873
5269 6.76945798448825 0.1989245061040866 0.1943337965785956
5270 6.587448627703151 0.2441884542836137 0.359427117689368
5271 6.674897255407809 0.2383769085676605 0.218854235378736
5272 6.594560729078933 0.2105475975359931 0.4754795611998597
5273 6.689121458159373 0.1710951950724192 0.4509591223997193
5274 6.50955544638773 0.2076013878579397 0.4242100034169807
5275 6.519110892776967 0.1652027757163124 0.3484200068339613
5276 6.691564803172829 0.1623374396784125 0.2591166823062083
5277 6.597004074092389 0.2017898421419864 0.2836371211063486
5278 6.68200935678359 0.2047360518200398 0.3349066788892276
5279 6.60411617546817 0.1681489853943658 0.3996895646168403
5280 4.985865623613336 0.2056241526838041 0.2850693216027321
5281 4.898279875705533 0.157765749203457 0.3167779137790894
5282 4.812093060166426 0.2001409127920913 0.1382061989920729
5283 4.942772215843783 0.2268117344781213 0.1957834642092239
5284 5.024483790496881 0.08449418538690451 0.08445357647994745
5285 5.04896758100901 0.1689883707755278 0.1689071529531611
5286 4.893804634819525 0.05782336370087454 0.02687631126279646
5287 4.787609269654298 0.1156467274034679 0.05375262251885917
5288 4.936898042589078 0.03663578190655743 0.1161621686563047
5289 4.873796085193405 0.0732715638148337 0.2323243373058757
5290 4.85518646793598 0.1789533309977742 0.2274920563855811
5291 4.961381833101207 0.1211299672951808 0.2006157451295184
5292 4.918288425331653 0.1423175490894979 0.1113298877360102
5293 4.830702677423851 0.09445914560915081 0.1430384799123675
5294 5.083333333326473 -0.4362816341688326 -0.2696149675032138
5295 5.166666666660857 -0.3725632683376652 -0.2892299350057342
5296 4.999999999995024 -0.3333333333334491 -0.4166666666668978
5297 4.999999999993555 -0.4166666666667245 -0.3333333333337956
5298 5.083333333326473 -0.4362816341688326 -0.352948300836316
5299 5.083333333327941 -0.3529483008355572 -0.352948300836316
5300 4.999999999993555 -0.4166666666667245 -0.4166666666668977
5301 1.64436361081738 0.02459763360812561 -0.26652873444492
5302 1.603428510530898 0.1575180059670966 -0.1973196478606977
5303 1.662274547007315 0.2034093372933991 -0.1394055552905911
5304 1.762055683770215 0.1163802962607306 -0.1507005493047067
5305 1.802990784056698 -0.01654007609824043 -0.2199096358889291
5306 1.74414474758028 -0.06243140742454291 -0.2778237284590357
5307 1.72843290370491 0.169789022087596 -0.3178092086817689
5308 1.706865807404386 0.03073314166837529 -0.3267735148554556
5309 1.703209647293797 0.07048896493442811 -0.2086146418748134
5310 1.665930707117904 0.1636535140273463 -0.2575644282712333
5311 1.765711843880803 0.07662447299467777 -0.268859422285349
5312 1.724776743594322 0.2095448453536488 -0.1996503357011267
5313 1.199406234932667 0.3485837768457515 -0.1167488023741974
5314 1.099703117468415 0.4242918884228757 -0.1833744011874454
5315 1.000000000005825 0.4166666666631327 -0.2499999999966713
5316 1.000000000007487 0.3333333333262652 -0.2499999999926492
5317 1.09970311747174 0.257625221749141 -0.1833744011794012
5318 1.19940623493433 0.2652504435088842 -0.1167488023701753
5319 1.099703117468415 0.4242918884228758 -0.01670773452123323
5320 1.199406234932667 0.3485837768457515 -0.03341546904109133
5321 1.000000000005825 0.4166666666631327 -0.08333333333045911
5322 1.000000000007487 0.3333333333262652 -0.1666666666595431
5323 1.099703117470077 0.3409585550860084 -0.1833744011834233
5324 1.099703117468415 0.4242918884228758 -0.1000410678543393
5325 1.099703117470077 0.3409585550860084 -0.1000410678503172
5326 1.000000000005824 0.4166666666631327 -0.1666666666635652
5327 0.4472633648244266 -0.2291079631532657 0.4088553229844229
5328 0.3945267296490955 -0.2082159263071376 0.3177106459688458
5329 0.447263364824943 -0.06244129648620105 0.4088553229844229
5330 0.3945267296493536 -0.1248825929736053 0.3177106459688458
5331 0.2805966981578407 -0.1457746298196761 0.4088553229844229
5332 0.2805966981580989 -0.06244129648614374 0.4088553229844229
5333 0.4472633648246848 -0.1457746298197333 0.4088553229844229
5334 1.670550090294033 0.3291587151636463 0.3057743942454579
5335 1.710275045150246 0.3823801515118977 0.3706879910526433
5336 1.876941711818156 0.4253124262717983 0.4136202658127576
5337 1.753883423627988 0.3506248525435965 0.327240531625515
5338 1.543608378483436 0.4253124262717983 0.2469535991456289
5339 1.587216756960628 0.3506248525435965 0.2439071982919507
5340 1.793608378484201 0.403846288891848 0.3921541284327004
5341 1.626941711816841 0.403846288891848 0.3088207950991361
5342 1.710275045150796 0.4253124262717982 0.3302869324791932
5343 1.458337726505621 -0.2769589188837539 -0.2520737075175453
5344 1.479168863252371 -0.2634794594416605 -0.3760368537587726
5345 1.420017344788822 -0.2187718737157398 -0.4662611333960685
5346 1.340034689578522 -0.1875437474319125 -0.4325222667921369
5347 1.319203552831772 -0.201023206874006 -0.3085591205509096
5348 1.378355071295321 -0.2457307925999267 -0.2183348409136137
5349 1.312502196587015 -0.09681279277526518 -0.1870410877235383
5350 1.375004393172943 -0.1936255855505563 -0.1575758244999281
5351 1.253350678123465 -0.05210520704934445 -0.2772653673608341
5352 1.256701356245844 -0.1042104140987148 -0.3380243837745197
5353 1.333333333333765 -0.08333333333317171 -0.3110042339647657
5354 1.416666666666443 -0.1666666666663693 -0.4055021169823828
5355 1.399186208042071 -0.2322513331578332 -0.3422979871548411
5356 1.395835529919693 -0.1801461261084628 -0.2815389707411554
5357 1.315852874709393 -0.1489179998246355 -0.2478001041372239
5358 1.336684011456143 -0.1354385403825421 -0.3717632503784513
5359 2.686643131598562 0.2288168795566203 -0.1157841642985694
5360 2.718321565803556 0.2688308910315362 -0.2123145334034454
5361 2.812502196592471 0.2486001220958594 -0.3027093944470768
5362 2.875004393176394 0.1883553416852668 -0.296573886385832
5363 2.843325958971401 0.1483413302103509 -0.200043517280956
5364 2.749145328182485 0.1685720991460277 -0.1096486562373246
5365 2.656034681841467 0.03817735367142438 -0.1917322385101121
5366 2.655499689617518 0.1134901108765644 -0.1054930168519027
5367 2.750215312630383 0.01794658473574762 -0.2821270995537435
5368 2.843860951195349 0.07302857300521089 -0.2862827389391654
5369 2.68771311604646 0.07819136514634026 -0.2882626076149882
5370 2.718856558027505 0.1935181338263961 -0.2985537550616549
5371 2.780823762387478 0.2085861106209435 -0.2061790253422007
5372 2.687178123822512 0.1535041223514803 -0.2020233859567788
5373 2.749680320406434 0.09325934194088764 -0.195887877895534
5374 2.781358754611428 0.1332733534158035 -0.2924182470004101
5375 0.6338939227921968 -0.3168739704344397 -0.2813686873773644
5376 0.4537828256105082 -0.2856097479036559 -0.2139566021745547
5377 0.3883212530533654 -0.2425957641957872 -0.09769634464795948
5378 0.5029707776779112 -0.2308460030187023 -0.04884817232417383
5379 0.7058734341012822 -0.07303208061380929 -0.1443375672981937
5380 0.6617468682018696 -0.1460641612277134 -0.07216878364929095
5381 0.5912239094767364 -0.08478184179089415 -0.1931857396219794
5382 0.432447818952778 -0.1695636835818831 -0.1698651282968622
5383 0.7713350066584249 -0.116046064321678 -0.260597824824789
5384 0.7926700133161551 -0.2320921286434507 -0.3046892987024815
5385 0.5684323502350539 -0.273859986726571 -0.1651084298507691
5386 0.7272084407590124 -0.1890781449355821 -0.1884290411758862
5387 0.5470973435773238 -0.1578139224047982 -0.1210169559730766
5388 0.6125589161344667 -0.2008279061126669 -0.2372772134996719
5389 5.667121370197831 0.3620312928919053 -0.2713683497131542
5390 5.583560685102038 0.4310156464459526 -0.2606841748569237
5391 5.916894018433061 0.4310156464459526 -0.0940175081907116
5392 5.833788036863343 0.3620312928919053 -0.1880350163800481
5393 5.916894018433061 0.4310156464459526 -0.2606841748569237
5394 5.833788036863343 0.3620312928919053 -0.2713683497131542
5395 5.750227351767549 0.4310156464459526 -0.1773508415238177
5396 5.750227351767549 0.4310156464459526 -0.2606841748569237
5397 5.916894018433061 0.4310156464459526 -0.1773508415238177
5398 4.08333333335675 0.4166666666497119 0.2499999999850434
5399 4.166666666697023 0.3333333332994237 0.2499999999707797
5400 3.938001673339835 0.4495935908598483 0.2827127309879638
5401 3.876003346663194 0.3991871817196967 0.3154254619766206
5402 3.938001673339835 0.4495935908598483 0.1993793976544031
5403 4.08333333335675 0.4166666666497118 0.1666666666514827
5404 4.021335006680109 0.3662602575095601 0.2827127309737002
5405 4.565468400045996 -0.2229346650682941 0.0787495634947362
5406 4.513316497791827 -0.2267730882940359 0.1574991269898606
5407 4.487054865173065 -0.4102038371732593 0.07874956349407825
5408 4.474109730355362 -0.3204076743465185 0.1574991269895316
5409 4.539206767427234 -0.4063654139475175 -1.046144652387208e-12
5410 4.578413534863699 -0.3127308278950349 -7.17167066473697e-13
5411 4.419270833327024 -0.4166666666688958 -0.002255274489405099
5412 4.33854166666328 -0.3333333333377916 -0.004510548977435075
5413 4.445532465945786 -0.2332359177896725 0.07649428900637725
5414 4.40632569850932 -0.326870503842155 0.07649428900604827
5415 4.526261632609531 -0.3165692511207767 0.0787495634944072
5416 4.458477600763489 -0.3230320806164132 -0.002255274489076121
5417 4.164099222420445 -0.3199320363851133 0.4118485874837393
5418 4.082049611208358 -0.2849660181925567 0.4559242937418696
5419 4.072105937583141 -0.2105475975365027 0.4754795611999685
5420 4.144211875170011 -0.1710951950730053 0.450959122399937
5421 4.226261486382098 -0.2060612132655618 0.4068834161418067
5422 4.236205160007315 -0.2804796339216158 0.3873281486837078
5423 4.248716277879558 -0.1182993515258527 0.2669285277057527
5424 4.247432555756045 -0.2365987030517613 0.3173507044656808
5425 4.23877260425434 -0.04388093086979867 0.2864837951638516
5426 4.22754520850561 -0.08776186173965324 0.3564612393818785
5427 4.16666666666747 -0.08333333333329612 0.311004233963883
5428 4.08333333333187 -0.1666666666666481 0.4055021169819415
5429 4.154155548795228 -0.2455136157290593 0.4314038549418382
5430 4.165382944543958 -0.2016326848592047 0.3614264107238112
5431 4.237488882130826 -0.1621802823957072 0.3369059719237797
5432 4.155439270918741 -0.1272142642031507 0.38098167818191
5433 1.753883423627988 0.3506248525435965 0.2439071982919507
5434 1.876941711818156 0.4253124262717982 0.2469535991456288
5435 2.000000000006152 0.3333333333335645 0.4166666666664357
5436 2.000000000007238 0.4166666666667822 0.3333333333328713
5437 1.876941711818156 0.4253124262717982 0.3302869324791932
5438 1.87694171181707 0.3419790929385804 0.3302869324791932
5439 1.87694171181707 0.3419790929385805 0.4136202658127575
5440 2.000000000007238 0.4166666666667822 0.4166666666664357
5441 6.261670834982471 0.07123034693792452 -0.3935679886829196
5442 6.255835417490539 0.03561517346901052 -0.3050371698149557
5443 6.166666666665323 -1.648311117226815e-13 -0.3110042339646611
5444 6.083333333332037 -4.261961154365204e-13 -0.4055021169823305
5445 6.089168750823969 0.03561517346848778 -0.4940329358502945
5446 6.178337501649185 0.07123034693766313 -0.488065871700589
5447 6.422502084156585 0.03561517346837321 -0.4940329358502945
5448 6.345004168315493 0.07123034693760584 -0.488065871700589
5449 6.172502084157253 0.03561517346874915 -0.3995350528326251
5450 6.339168750823561 0.03561517346869186 -0.3995350528326251
5451 6.255835417490275 0.03561517346843048 -0.4940329358502945
5452 6.249999999998344 -4.834836235071786e-13 -0.4055021169823305
5453 3.500000000018002 0.4166666666564439 -0.08333333333317444
5454 3.500000000021434 0.3333333333128877 -0.1666666666649738
5455 3.416666666686616 0.2696149674816429 -0.2696149675006639
5456 3.333333333348364 0.2892299349939542 -0.2892299350045548
5457 3.500000000018002 0.4166666666564439 -0.2499999999993866
5458 3.500000000021434 0.3333333333128877 -0.2499999999980798
5459 3.416666666683183 0.352948300825199 -0.1862816341688646
5460 3.416666666679749 0.4362816341687552 -0.1862816341701714
5461 3.416666666683183 0.352948300825199 -0.2696149675019707
5462 3.500000000018001 0.4166666666564439 -0.1666666666662805
5463 4.921534151726254 0.4948191447633912 0.2176691663333023
5464 4.843068303442796 0.4896382895267823 0.1853383326672975
5465 4.676401636777285 0.4896382895267823 0.1853383326672975
5466 4.588200818395233 0.4948191447633912 0.2176691663333022
5467 4.588200818395233 0.4948191447633912 0.05100249966618083
5468 4.676401636777285 0.4896382895267823 0.1020049993337368
5469 4.754867485060744 0.4948191447633912 0.2176691663333022
5470 4.754867485060744 0.4948191447633912 0.1343358329997416
5471 4.588200818395232 0.4948191447633912 0.1343358329997416
5472 1.670550090292338 0.1839581858769249 0.2327426486073718
5473 1.710275045146857 0.09197909293845503 0.224624499776471
5474 1.558783271930697 0.06820945937528335 0.2104207568114586
5475 1.367566543860018 0.1364189187505815 0.204335162677347
5476 1.392116605264109 0.06820945937557972 0.06608318951395341
5477 1.284233210526724 0.1364189187507297 0.1321663790285944
5478 1.583333333334789 2.815305318227681e-13 0.07216878364806502
5479 1.666666666668082 1.333423030704654e-13 0.1443375672968176
5480 1.54360837848027 0.09197909293875139 0.0802869324789658
5481 1.587216756959045 0.1839581858770731 0.1605738649586192
5482 1.519058317076178 0.1601885523137532 0.2185389056423593
5483 1.435724983742884 0.1601885523139014 0.1463701219936068
5484 1.475449938597403 0.06820945937543153 0.138251973162706
5485 1.626941711813564 0.09197909293860324 0.1524557161277184
5486 0.07549989719146902 -0.4720711703236763 0.1228225965632443
5487 5.667121370197831 0.3620312928919053 -0.3547016830462564
5488 5.583560685102038 0.4310156464459526 -0.4273508415231282
5489 5.916894018433061 0.4310156464459526 -0.4273508415231282
5490 5.833788036863343 0.3620312928919053 -0.3547016830462564
5491 5.916894018431718 0.264348979779055 -0.4273508415231282
5492 5.833788036862671 0.2786979595584564 -0.3547016830462564
5493 5.750227351767484 0.4310156464459526 -0.4273508415231281
5494 5.750227351766878 0.3476823131125037 -0.4273508415231281
5495 5.916894018432389 0.3476823131125037 -0.4273508415231281
5496 5.083333333332348 -0.1029483008357285 -0.4362816341694182
5497 5.166666666663795 -0.2058966016711131 -0.3725632683388365
5498 5.249999999998701 -0.1029483008355123 -0.3714801058255047
5499 5.249999999996972 -0.205896601671005 -0.3401625041668797
5500 5.333333333332492 -0.08333333333343305 -0.4351984716560865
5501 5.416666666664553 -0.1666666666668466 -0.4675992358280432
5502 5.249999999997585 -0.1862816341690339 -0.4362816341694182
5503 5.333333333330764 -0.1862816341689258 -0.4038808699974614
5504 5.166666666665525 -0.1029483008356204 -0.4038808699974614
5505 5.249999999999314 -0.08333333333354116 -0.4675992358280432
5506 4.581735835561124 0.1886788080180789 0.05375262251648519
5507 4.482057766633178 0.2038875249300965 0.0268763112580485
5508 4.33825313181592 0.2293974945444545 0.08333333331857987
5509 4.294126565926608 0.239698747246795 0.1666666666375479
5510 4.560471301505144 0.3911566970353538 0.193542977924512
5511 4.620942602997107 0.2823133940707075 0.1370859558497169
5512 4.416666666687886 0.4166666666497119 0.2499999999850434
5513 4.333333333362591 0.3333333332994237 0.2499999999707797
5514 4.460793232577197 0.4063654139473714 0.1666666666660753
5515 4.421586465141214 0.3127308278947427 0.08333333333284355
5516 4.437931200743866 0.214188777632437 0.1102096445770166
5517 4.52126453406916 0.2975221109827252 0.1102096445912802
5518 4.477137968179849 0.3078233636850656 0.1935429779102483
5519 4.377459899251903 0.3230320805970832 0.1666666666518116
5520 5.701033443484152 -0.2522724899431462 0.2990816758651113
5521 5.716071906947219 -0.1557642073065221 0.2500251587649906
5522 5.820740246937408 -0.1228372831112662 0.2173124277760713
5523 5.910370123464531 -0.1864186415526344 0.2336562138872726
5524 5.895331660001466 -0.2829269241892585 0.2827127309873932
5525 5.790663320011276 -0.3158538483845144 0.3154254619763126
5526 5.721064017890816 -0.3916140040943186 0.123955728952022
5527 5.703529498955951 -0.3701973883370444 0.236046960958627
5528 5.825732357881005 -0.3586870798990628 0.09124299796310265
5529 5.91286617893633 -0.3043435399465327 0.1706214989807883
5530 5.805701783474342 -0.2193455657478903 0.2663689448761919
5531 5.718567962419018 -0.2736891057004204 0.1869904438585062
5532 5.808197838946141 -0.3372704641417885 0.2033342299697076
5533 5.823236302409207 -0.2407621815051645 0.1542777128695869
5534 6.153635921005878 0.2852486283028002 0.2849532172710955
5535 6.233820470490475 0.3170147004410682 0.3165457051181704
5536 6.301331392331829 0.2466828924660028 0.2887913289801181
5537 6.288657764688587 0.1445850123526693 0.2294444649949908
5538 6.208473215203991 0.1128189402144013 0.1978519771479159
5539 6.140962293362636 0.1831507481894667 0.2256063532859682
5540 6.27940358897149 0.230558346615921 0.08445357647441472
5541 6.176427480246385 0.2420204513902265 0.1689071529492176
5542 6.359588138456086 0.262324418754189 0.1160460643214896
5543 6.336796579215578 0.3055525956667626 0.2320921286433675
5544 6.221146842847232 0.2149168203277347 0.2571988411330431
5545 6.256612029730982 0.2737865235284946 0.2004996407962925
5546 6.24393840208774 0.1716886434151611 0.1411527768111653
5547 6.324122951572337 0.2034547155534292 0.1727452646582402
5548 0.4075764865999051 -0.1469296793792745 -0.4531158539002053
5549 0.3151529732000524 -0.04385935875915523 -0.4062317078004104
5550 0.236923720011715 -0.1906325154911182 -0.3028133717328516
5551 0.3123664772020277 -0.1891840070332921 -0.4206318660756031
5552 0.3321337294095924 -0.1483781878371006 -0.3352973595574535
5553 0.1484863065334665 0.0394739745744344 -0.4062317078004104
5554 0.07424315326673324 0.01973698728790476 -0.4531158539002052
5555 0.07424315326673323 0.1864036539541169 -0.2864491872340008
5556 0.1484863065334665 0.1228073079075405 -0.3228983744673082
5557 0.07424315326673324 0.1030703206210108 -0.369782520567103
5558 0.07424315326673325 0.1030703206210108 -0.4531158539002052
5559 0.07424315326673324 0.1864036539541169 -0.369782520567103
5560 1.66666666667237 0.3725632683378778 -0.3725632683387215
5561 1.583333333339307 0.4362816341689388 -0.4362816341693607
5562 1.916666666674027 0.4362816341689389 -0.2696149675031563
5563 1.833333333339731 0.3725632683378778 -0.2892299350056193
5564 1.916666666674027 0.4362816341689389 -0.4362816341693608
5565 1.833333333339731 0.3725632683378778 -0.3725632683387215
5566 1.750000000006667 0.4362816341689388 -0.3529483008362585
5567 1.750000000006667 0.4362816341689388 -0.4362816341693608
5568 1.916666666674027 0.4362816341689388 -0.3529483008362586
5569 6.9823294227051 -0.1593081435872638 0.1947864069101308
5570 6.948582285072907 -0.1952139956049406 0.1248561662246332
5571 7.026556764959661 -0.2262486820640343 0.03661728369266583
5572 7.138278382478607 -0.2213775165054512 0.01830864184619607
5573 7.272454791492857 -0.3564612393824017 0.08776186173902716
5574 7.261227395745205 -0.2864837951646349 0.04388093086937672
5575 7.16073317397391 -0.3613324049409848 0.1060705035854969
5576 7.037784160707311 -0.2962261262818011 0.08049821456231626
5577 7.060303902591853 -0.1903428300463575 0.1065475243781634
5578 7.071531298339504 -0.2603202742641242 0.1504284552478139
5579 7.183252915858452 -0.2554491087055413 0.1321198134013441
5580 7.149505778226257 -0.291354960723218 0.06218957271584649
5581 5.499999999995545 -0.3333333333335068 -0.4166666666668978
5582 5.499999999994475 -0.4166666666667534 -0.3333333333337956
5583 5.416666666660684 -0.4362816341688326 -0.2696149675032138
5584 5.333333333327963 -0.3725632683376652 -0.2892299350057342
5585 5.416666666661754 -0.3529483008355859 -0.352948300836316
5586 5.416666666660685 -0.4362816341688326 -0.352948300836316
5587 5.499999999994475 -0.4166666666667534 -0.4166666666668977
5588 7.788436238041204 -0.2063345989675816 0.2018108428035974
5589 7.894218119020602 -0.2281672994841374 0.2259054214014522
5590 7.894218119020602 -0.06150063281792532 0.05923875473433077
5591 7.788436238041203 -0.1230012656344755 0.1184775094700367
5592 7.894218119020602 -0.06150063281792532 0.2259054214014522
5593 7.788436238041203 -0.1230012656344755 0.2018108428035974
5594 7.894218119020603 -0.1448339661510314 0.1425720880678915
5595 7.894218119020603 -0.1448339661510314 0.2259054214014522
5596 7.894218119020603 -0.0615006328179253 0.1425720880678915
5597 7.809684445157364 0.2061325030413361 0.185477329657912
5598 7.904842222578682 0.2280662515203216 0.2177386648286095
5599 7.904842222578682 0.3113995848538859 0.1344053314950488
5600 7.904842222578682 0.3113995848538859 0.2177386648286095
5601 7.904842222578682 0.3947329181874502 0.1344053314950488
5602 7.905314368592707 -0.1495053903979358 -0.2490598377602146
5603 7.905314368592707 -0.0661720570648297 -0.3323931710933169
5604 5.583333333329694 -0.2696149675024133 -0.4362816341693647
5605 5.666666666662774 -0.2892299350045664 -0.3725632683387293
5606 5.583333333328625 -0.3529483008356599 -0.4362816341693647
5607 5.583333333328624 -0.3529483008356599 -0.3529483008362625
5608 3.083333333325831 -0.478533862620001 0.4785338626199511
5609 3.166666666659294 -0.4570677252400019 0.4570677252399022
5610 3.083333333325831 -0.4785338626200009 0.3952005292863867
5611 3.249999999992011 -0.4785338626200009 0.3952005292863867
5612 2.249999999995217 -0.4362816341687856 -0.3529483008362142
5613 2.249999999995216 -0.4362816341687856 -0.269614967503112
5614 7.485126723176538 0.4151989335829226 0.2364661045942729
5615 7.470253446355159 0.3303978671658451 0.2229322091892388
5616 7.556635612422582 0.3099318517703727 0.2042047694235754
5617 7.57909976911008 0.2848514762833135 0.2873068870460468
5618 7.053422193651754 -0.3637952568047538 0.3659098199612641
5619 6.880939826718111 -0.3518684477303133 0.3214371439294289
5620 7.075301520193374 -0.4585740219597314 0.3034608319972378
5621 7.150603040389386 -0.4171480439194628 0.3569216639951685
5622 7.075301520193374 -0.4585740219597314 0.4701274986643664
5623 7.150603040389386 -0.4171480439194628 0.4402549973287329
5624 6.90281915325973 -0.446647212885291 0.4256548226325313
5625 6.805638306522098 -0.3932944257705819 0.3513096452650625
5626 6.978120673455741 -0.4052212348450224 0.3124489879633333
5627 6.978120673455741 -0.4052212348450224 0.3957823212968977
5628 7.075301520193373 -0.4585740219597314 0.386794165330802
5629 6.902819153259729 -0.4466472128852909 0.3423214892989669
5630 7.858416405983053 -0.2012987829665864 -0.0202336861816265
5631 7.716832811966105 -0.1525975659324794 -0.04046737236187788
5632 7.844243796241036 -0.3356805995848325 -0.0716980070524891
5633 7.922121898120517 -0.2928402997927629 -0.03584900352693211
5634 7.646852644024255 -0.1576333819334746 0.09824382328978531
5635 7.611050930986707 -0.1307648654159236 0.01877138237382803
5636 7.780538304103569 -0.244139082758656 -0.05608268970718348
5637 7.752634525003653 -0.1794660824500305 0.03900506855407941
5638 7.81634001714112 -0.2710075992762071 0.0233897512087738
5639 7.674756423124171 -0.2223063822421 0.003156065028522434
5640 7.333333333331412 -0.2892299350052087 -0.3725632683383807
5641 7.41666666666495 -0.2696149675029077 -0.4362816341691903
5642 7.499999999998618 -0.416666666666869 -0.3333333333337956
5643 7.499999999998552 -0.3333333333337379 -0.4166666666668978
5644 7.488647701924828 -0.252453691233285 -0.3520081385956093
5645 7.416666666665014 -0.3529483008360387 -0.3529483008360881
5646 7.57198103525843 -0.3161720570641152 -0.3323931710933168
5647 6.089168750825309 0.2022818401353819 -0.4940329358502945
5648 6.178337501649855 0.1545636802711102 -0.488065871700589
5649 6.089168750824638 0.1189485068019348 -0.4940329358502944
5650 6.255835417490946 0.1189485068018776 -0.4940329358502945
5651 0.4162077469552516 0.4642805690028903 -0.1037319145037998
5652 0.3324154939084223 0.4285611380057805 -0.2074638290062246
5653 0.4472633648251996 0.4088553229848813 -0.1457746298198397
5654 0.3634711117783703 0.3731358919877714 -0.1661732109891584
5655 0.4162077469552516 0.4642805690028903 -0.1870652478369059
5656 4.511058884101402 -0.06888584433124352 0.04503127563996836
5657 4.48611173981953 -0.1497486779255106 0.1406399830624767
5658 4.632944612453805 0.1196390571583821 0.03689347858910128
5659 4.584475320418539 0.06580802321070284 -0.006841976596719337
5660 4.345335342796471 0.003992329754378462 0.1274784233697031
5661 4.440670685589872 0.007984659508701026 0.03845049579358156
5662 4.559528176136666 -0.01505481038356427 0.08876673082578895
5663 4.415723541308001 -0.07287817408556609 0.1340592032160899
5664 4.489139977625138 0.06181569345638027 0.08218595097940218
5665 4.464192833343265 -0.01904714013788684 0.1777946584019104
5666 7.209180338119558 -0.1169680248650068 -0.3444751102240394
5667 7.104590169058291 -0.1834840124327634 -0.4222375551120197
5668 7.104590169058067 -0.01681734576643762 -0.4222375551120198
5669 7.209180338119445 -0.0336346915318439 -0.3444751102240394
5670 7.437923502392601 -0.1834840124328213 -0.4222375551120198
5671 7.375847004786713 -0.1169680248650357 -0.3444751102240394
5672 7.104590169058179 -0.1001506790996005 -0.4222375551120198
5673 7.271256835725446 -0.1834840124327924 -0.4222375551120198
5674 7.271256835725333 -0.1001506790996294 -0.4222375551120198
5675 4.914501271173264 -0.4616436446535734 0.4624061516254546
5676 4.82900254235444 -0.4232872893071467 0.4248123032509091
5677 4.662335875687333 -0.4232872893071468 0.4248123032509091
5678 4.581167937839051 -0.4616436446535733 0.4624061516254545
5679 4.581167937842786 -0.2949769779869647 0.4624061516254546
5680 4.662335875689201 -0.3399539559738423 0.4248123032509091
5681 4.747834604506157 -0.4616436446535733 0.4624061516254545
5682 4.747834604508025 -0.3783103113202689 0.4624061516254545
5683 4.581167937840918 -0.378310311320269 0.4624061516254545
5684 4.250000000008849 0.2058966016707027 -0.2780653853214753
5685 4.250000000005959 0.1029483008353793 -0.2472858681344828
5686 4.333333333336038 -2.005802931156115e-14 -0.3110042339649935
5687 4.416666666669006 -9.598803233738332e-14 -0.4055021169824968
5688 4.397555773891805 0.02107885845181337 -0.284701641004141
5689 4.323777886951772 0.1649618804789197 -0.2967732717563044
5690 4.480889107221884 -0.08186944238358594 -0.3484200068346517
5691 4.490444553611929 -0.04093472119187893 -0.4242100034173258
5692 4.397555773888915 -0.08186944238351002 -0.2539221238171485
5693 4.323777886945992 -0.04093472119172707 -0.2352142373823194
5694 4.333333333338928 0.1029483008353033 -0.341783751151986
5695 4.323777886948882 0.06201357964359631 -0.2659937545693118
5696 4.407111220281851 0.06201357964352038 -0.360491637586815
5697 4.407111220278961 -0.040934721191803 -0.3297121203998227
5698 6.325387763225656 -0.1070743085403363 -0.4212944073378279
5699 6.412693881611665 -0.05353715427059786 -0.4606472036689139
5700 6.325387763225384 -0.1904076418735276 -0.4212944073378279
5701 6.412693881611123 -0.2202038209369804 -0.4606472036689139
5702 6.158721096559349 -0.107074308540279 -0.4212944073378279
5703 6.07936054827905 -0.05353715427048329 -0.4606472036689139
5704 6.246027214945357 -0.05353715427054058 -0.4606472036689139
5705 6.412693881611395 -0.1368704876037892 -0.4606472036689139
5706 6.246027214945086 -0.1368704876037319 -0.4606472036689139
5707 4.33825313180451 0.1460641612280947 0.07216878364834939
5708 4.29412656590379 0.07303208061407529 0.144337567297087
5709 4.437931200732456 0.1308554443160771 0.09904509490678609
5710 4.294126565915199 0.1563654139304351 0.1555021169673174
5711 0.7906633200162307 -0.3158538483860864 0.3987587953100963
5712 0.8953316600079548 -0.2829269241927833 0.4493793976550481
5713 0.895331660006959 -0.4495935908597965 0.4493793976550482
5714 0.7906633200157327 -0.399187181719593 0.3987587953100963
5715 0.895331660006959 -0.4495935908597965 0.2827127309879195
5716 0.7906633200157327 -0.399187181719593 0.315425461976532
5717 0.9999999999986831 -0.4166666666664934 0.3333333333328714
5718 0.9999999999991809 -0.3333333333329869 0.4166666666664356
5719 0.8953316600074568 -0.3662602575262899 0.4493793976550482
5720 0.8953316600074567 -0.3662602575262899 0.3660460643214838
5721 0.8953316600069587 -0.4495935908597964 0.3660460643214838
5722 0.9999999999986828 -0.4166666666664933 0.4166666666664356
5723 0.4446932049017277 -0.01043600180142733 0.06430026149714892
5724 0.393241649687746 -0.09887994563121846 0.1454331152252088
5725 0.3059467539182707 -0.09657656894817271 0.1812046901995658
5726 0.270103413362777 -0.005829248435335804 0.135843411445863
5727 0.2605345098883075 -0.141257659556081 -0.06753563375044339
5728 0.2473972913477954 -0.02816979373928995 0.01147324947085836
5729 0.2963778504438012 -0.2320049800689179 -0.02217435499674054
5730 0.3190839724587828 -0.2096644347649638 0.102195806978264
5731 0.3573983091322523 -0.008132625118381549 0.1000718364715059
5732 0.3705355276727644 -0.1212204909351726 0.02106295325020419
5733 0.3346921871172708 -0.03047317042233572 -0.02429832550349864
5734 0.2832406319032891 -0.1189171142521269 0.05683452822456118
5735 0.2624163380239455 0.1149959642255239 -0.3020063376195607
5736 0.3021032162476913 0.1707809665900837 -0.2446651135385057
5737 0.3548398514240564 0.09525897693893694 -0.3488904837193555
5738 0.3548398514243145 0.1785923102720714 -0.3488904837193555
5739 0.4075764866006796 0.1030703206209246 -0.4531158539002052
5740 0.2278600629825096 -0.124882592973548 0.2343773126352814
5741 0.1139300314912548 -0.06244129648608646 0.2421886563172942
5742 0.1139300314912548 -0.2291079631532079 0.07552198965017279
5743 0.2278600629825095 -0.2082159263071088 0.1510439793017207
5744 0.1139300314912548 -0.1457746298196472 0.1588553229837335
5745 0.1139300314912548 -0.1457746298196472 0.2421886563172942
5746 0.1139300314912548 -0.2291079631532079 0.1588553229837335
5747 4.416666666687886 0.4166666666497119 0.08333333331792191
5748 4.333333333362591 0.3333333332994237 0.1666666666372189
5749 4.250000000022316 0.4166666666497117 0.1666666666514826
5750 4.250000000022317 0.4166666666497117 0.08333333331792189
5751 4.416666666687885 0.4166666666497118 0.1666666666514826
5752 4.159129108333769 -0.4180716502280526 -0.3765306070870463
5753 4.079564554161653 -0.4590358251140263 -0.4382653035435231
5754 4.079564554161652 -0.4590358251140263 -0.2715986368773187
5755 4.159129108333768 -0.4180716502280525 -0.2931972737539441
5756 4.079564554166142 -0.2923691584473597 -0.4382653035435232
5757 4.159129108336013 -0.3347383168947192 -0.3765306070870463
5758 3.999999999994026 -0.3333333333333335 -0.4166666666668978
5759 3.999999999991781 -0.4166666666666667 -0.3333333333337956
5760 4.079564554161651 -0.4590358251140264 -0.3549319702104209
5761 4.079564554163897 -0.375702491780693 -0.4382653035435232
5762 4.079564554163897 -0.375702491780693 -0.3549319702104209
5763 3.999999999991781 -0.4166666666666667 -0.4166666666668977
5764 7.928418383338506 -0.2897216733881371 0.3079842230337904
5765 7.856836766677013 -0.3294433467755809 0.3659684460682736
5766 7.822636502359109 -0.2678889728715813 0.2838896444359355
5767 7.894218119020603 -0.3115006328172397 0.2259054214014522
5768 7.928418383338505 -0.3730550067212393 0.3079842230337903
5769 7.271256835725525 -0.2227139474374231 -0.2948008234504004
5770 7.292513671453174 -0.1365829923673366 -0.2807567443932297
5771 7.426571204318941 -0.1859377036654994 -0.2742456937076291
5772 7.379673241709284 -0.154397762901044 -0.2120862087952531
5773 6.838692186777417 -0.04113409718979476 0.2325764498286748
5774 6.927384373557354 -0.08226819437969089 0.2486465487121516
5775 6.792802755206216 0.02875720042513228 0.1038069891718794
5776 6.835605510414952 0.0575144008501632 -0.008892372601439144
5777 6.922025520110473 0.04219923614286297 0.2437409995121512
5778 6.881494941986153 -0.01237689676476384 0.1198770880553562
5779 6.876136088539271 0.11209053375779 0.1149715388553558
5780 5.750227351767549 0.4310156464459526 -0.3440175081900259
5781 5.916894018433061 0.4310156464459526 -0.3440175081900259
5782 6.242054429892633 -0.1070743085400176 -0.3267965243201584
5783 6.24602721494562 -0.05353715426996055 -0.271651437633575
5784 6.333333333331359 -0.08333333333341342 -0.3110042339646611
5785 6.41666666666411 -0.1666666666669234 -0.4055021169823305
5786 6.32936054827837 -0.1368704876034705 -0.3661493206512445
5787 6.329360548278641 -0.05353715427027921 -0.3661493206512444
5788 6.416666666664382 -0.08333333333373208 -0.4055021169823305
5789 6.351059766656474 -0.4319667361119655 -0.4021010644375973
5790 6.425529883326259 -0.4659833680559827 -0.4510505322187986
5791 6.425529883326259 -0.4659833680559827 -0.2843838655525942
5792 6.351059766656473 -0.4319667361119654 -0.3187677311044951
5793 6.425529883326259 -0.4659833680559827 -0.3677171988856964
5794 6.258863216659153 -0.4659833680559827 -0.3677171988856965
5795 6.258863216659152 -0.4659833680559827 -0.2843838655525942
5796 4.000000000011986 0.3333333333333335 -0.4166666666668978
5797 4.00000000001423 0.4166666666666667 -0.3333333333337956
5798 3.916666666677091 0.2696149675019884 -0.4362816341695634
5799 3.83333333334444 0.2892299350039766 -0.3725632683391268
5800 3.926222113065175 0.2272163553604103 -0.3604916375869009
5801 4.009555446400071 0.2909347211917553 -0.3408766700842353
5802 3.916666666679335 0.3529483008353217 -0.3529483008364612
5803 4.083333333359045 0.1666666666327137 0.2388354502863241
5804 3.916666666680791 0.08333333331629189 0.2276709006161322
5805 3.916666666669382 -6.798302974049137e-14 0.2165063509459017
5806 4.083333333336226 -6.042210024223784e-15 0.2165063509458631
5807 4.08333333334777 0.08333333331637849 0.416666666652172
5808 4.166666666692533 0.166666666632757 0.333333333304344
5809 4.083333333336361 1.863286989734793e-14 0.4055021169819416
5810 4.166666666669715 3.726573979469587e-14 0.311004233963883
5811 3.916666666669517 -4.330794981891965e-14 0.4055021169819801
5812 3.833333333336028 -8.661589963783929e-14 0.3110042339639602
5813 4.083333333347634 0.08333333331635383 0.2276709006160936
5814 4.000000000014281 0.08333333331633519 0.3221687836341521
5815 4.166666666681124 0.08333333331639711 0.3221687836341135
5816 4.000000000002872 -2.467507992157171e-14 0.3110042339639216
5817 5.166666666657698 -0.2589856938743384 -0.01056908906830027
5818 5.083333333321225 -0.1294928469380286 -0.00528454453078326
5819 5.094107142712563 -0.04297913874535132 -0.008495011664761271
5820 5.188214285440372 -0.0859582774889838 -0.01699002333625629
5821 5.271547618776845 -0.2154511244252936 -0.02227456787377331
5822 5.260773809385507 -0.3019648326179709 -0.01906410073979529
5823 5.083333333325206 -0.2961595135989923 -0.1719512112018479
5824 5.166666666659689 -0.3423190272048202 -0.09390242240383261
5825 5.094107142716544 -0.209645805406315 -0.1751616783358259
5826 5.188214285442362 -0.1692916108194656 -0.1003233566717886
5827 5.177440476049036 -0.1724719856816611 -0.01377955620227828
5828 5.083333333323216 -0.2128261802685104 -0.08861787786631559
5829 5.177440476051025 -0.2558053190121429 -0.09711288953781061
5830 5.094107142714552 -0.1263124720758332 -0.09182834500029358
5831 3.633927098398329 -0.3485837768456914 0.03341546903877522
5832 3.566963549194619 -0.4242918884228457 0.01670773451870003
5833 3.911841702007454 -0.4381454273712981 -0.07071374152380101
5834 3.82368340402537 -0.3762908547425962 -0.1414274830462269
5835 3.900296882527037 -0.4242918884228457 0.01670773451870005
5836 3.800593765064537 -0.3485837768456914 0.03341546903877522
5837 3.645471917878744 -0.3624373157941438 -0.05400600700372583
5838 3.812138584544953 -0.3624373157941438 -0.05400600700372583
5839 3.745175035341244 -0.4381454273712981 -0.07071374152380103
5840 3.733630215860828 -0.4242918884228456 0.01670773451870004
5841 2.666666666675834 0.3725632683376347 -0.2892299350057789
5842 2.583333333343119 0.4362816341688173 -0.2696149675032361
5843 2.916666666677841 0.4362816341688174 -0.2696149675032361
5844 2.833333333343195 0.3725632683376347 -0.2892299350057788
5845 2.75000000001048 0.4362816341688174 -0.2696149675032361
5846 2.58333333334312 0.4362816341688174 -0.3529483008363383
5847 2.750000000010481 0.4362816341688174 -0.3529483008363384
5848 2.420467154399454 0.4710102066171935 0.003954832314206173
5849 2.340934308788503 0.442020413234387 0.007909664629787453
5850 2.253800487732094 0.4710102066171936 0.003954832314206168
5851 2.420467154399454 0.4710102066171936 0.0872881656477669
5852 2.539206767429492 -0.4063654139473528 0.1666666666660753
5853 2.578413534865154 -0.3127308278947055 0.08333333333284354
5854 2.745080201531334 -0.3127308278947055 -7.171763183322355e-13
5855 2.872540100761852 -0.4063654139473527 -1.046135400528669e-12
5856 2.539206767429492 -0.4063654139473528 -1.046153904245747e-12
5857 2.578413534865154 -0.3127308278947055 -7.171855701907741e-13
5858 2.705873434095671 -0.4063654139473528 0.08333333333251459
5859 2.539206767429492 -0.4063654139473528 0.08333333333251455
5860 2.705873434095671 -0.4063654139473528 -1.046144652387208e-12
5861 3.323598363226122 -0.4896382895267832 0.1020049993337443
5862 3.411799181608516 -0.4948191447633916 0.05100249966618457
5863 3.323598363226122 -0.4896382895267832 0.185338332667305
5864 3.411799181608515 -0.4948191447633916 0.217669166333306
5865 3.156931696559942 -0.4896382895267832 0.185338332667305
5866 3.078465848276156 -0.4948191447633916 0.217669166333306
5867 3.245132514942336 -0.4948191447633917 0.1343358329997453
5868 3.411799181608515 -0.4948191447633916 0.1343358329997452
5869 3.245132514942335 -0.4948191447633917 0.217669166333306
5870 2.916666666669492 0.1666666666592513 0.2500000000050211
5871 2.833333333337643 0.208333333326072 0.2500000000026343
5872 2.833333333341358 0.3333333333285952 0.2499999999999341
5873 2.916666666676922 0.4166666666642976 0.2499999999996205
5874 3.000000000008772 0.3749999999974769 0.2500000000020073
5875 3.000000000005056 0.2499999999949538 0.2500000000047076
5876 3.000000000008772 0.3749999999974769 0.08333333333488586
5877 3.000000000005056 0.2499999999949538 0.1666666666711469
5878 2.916666666676923 0.4166666666642976 0.08333333333249911
5879 2.833333333341358 0.3333333333285952 0.1666666666663733
5880 2.916666666673208 0.2916666666617744 0.2500000000023208
5881 2.916666666673208 0.2916666666617744 0.1666666666687601
5882 3.000000000008771 0.3749999999974768 0.1666666666684466
5883 2.916666666676923 0.4166666666642976 0.1666666666660598
5884 6.442053935688563 -0.4467080687101764 -0.2007386661374858
5885 6.384107871381079 -0.3934161374203528 -0.1514773322742782
5886 6.309637754711295 -0.3593995054763355 -0.1858611978261791
5887 6.293113702348991 -0.3786748048221418 -0.2695063972412875
5888 6.10872060235435 -0.4467080687101764 -0.2007386661374859
5889 6.217441204713974 -0.3934161374203528 -0.1514773322742783
5890 6.367583819018776 -0.412691436766159 -0.2351225316893866
5891 6.20091715235167 -0.4126914367661591 -0.2351225316893867
5892 6.275387269021456 -0.4467080687101764 -0.2007386661374858
5893 3.084499716107534 0.2164574383308352 0.07059645239772849
5894 3.042249858054438 0.1707287191616329 0.1602982262025682
5895 2.884988232465417 0.1462676226888552 0.1602487349403742
5896 2.769976464929493 0.1675352453852798 0.07049746987334043
5897 3.042249858044222 0.08739538583265828 -0.006368440464477596
5898 3.084499716102426 0.1747907716663479 -0.01273688093579439
5899 2.884988232455202 0.06293428935988059 -0.006417931726671636
5900 2.769976464924385 0.1258685787207925 -0.01283586346018247
5901 2.999999999991125 0.04166666666345598 0.08333333334036208
5902 2.999999999996233 0.08333333332794329 0.166666666673885
5903 2.927238090518514 0.1919963418580575 0.07054696113553446
5904 3.04224985804933 0.1290620524971456 0.07696489286904529
5905 2.927238090513406 0.1503296751935702 -0.01278637219798842
5906 2.88498823246031 0.1046009560243679 0.07691540160685126
5907 3.232593744494431 -0.4094049375897887 -0.05118122747094284
5908 3.234433998491387 -0.3224189314860596 0.006165913015838118
5909 3.24084950165029 -0.2402886169075256 -0.04099129765413589
5910 3.245424750812236 -0.2451443084327207 -0.1454956488108909
5911 3.24358449681528 -0.3321303145364498 -0.2028427892976718
5912 3.237168993656377 -0.4142606291149837 -0.1556855786276978
5913 3.076917830160737 -0.4987969812311726 -0.03617612265349132
5914 3.153835660329106 -0.4975939624623452 -0.07235224530560755
5915 3.08333333331964 -0.4166666666526386 -0.08333333332346533
5916 3.166666666646911 -0.3333333333052771 -0.1666666666455556
5917 3.239009247653333 -0.3272746230112547 -0.09833843814091686
5918 3.155675914326062 -0.4106079563586161 -0.01500510481882661
5919 3.160251163488009 -0.4154636478838111 -0.1195094559755816
5920 3.162091417484964 -0.3284776417800821 -0.06216231548880061
5921 2.083333333329036 -0.4362816341687857 -0.4362816341693164
5922 2.166666666662785 -0.3725632683375714 -0.3725632683386327
5923 2.249999999995216 -0.4362816341687856 -0.4362816341693164
5924 2.249999999996303 -0.3529483008353368 -0.4362816341693164
5925 2.083333333330123 -0.3529483008353368 -0.4362816341693164
5926 6.583333333332012 0.4785338626199695 0.3118671959527712
5927 6.666666666664717 0.4570677252399389 0.3737343919062354
5928 6.833333333330286 0.457067725239939 0.4570677252397998
5929 6.916666666663147 0.4785338626199694 0.4785338626198998
5930 6.583333333332012 0.4785338626199695 0.4785338626198999
5931 6.666666666664717 0.4570677252399389 0.4570677252397997
5932 6.749999999997579 0.4785338626199694 0.3952005292863355
5933 6.583333333332011 0.4785338626199694 0.3952005292863355
5934 6.749999999997597 0.4785338626199694 0.4785338626198998
5935 5.790972193611076 0.3274002300974994 0.02764218708738625
5936 5.645486096808659 0.4137001150487497 0.01382109354300556
5937 5.812607467000247 0.275731407940655 -0.1742139228356674
5938 5.874532878706869 0.258415876543452 -0.06637532110195024
5939 5.667121370197831 0.3620312928919053 -0.1880350163800481
5940 5.583560685102038 0.4310156464459526 -0.09401750819071161
5941 5.81215276347417 0.4137001150487496 0.01382109354300556
5942 5.729046781904454 0.3447157614947023 -0.08019641464633093
5943 5.895713448569964 0.3447157614947023 -0.08019641464633094
5944 5.750227351767549 0.4310156464459526 -0.09401750819071161
5945 4.622390475131457 0.242614964505324 -0.2563096857323323
5946 4.706832828322823 0.2543338967508076 -0.26924645146934
5947 4.694183454345319 0.2607018859974987 -0.3547888114708985
5948 4.597091727176449 0.2553509429987061 -0.4273944057354492
5949 4.512649373985083 0.2436320107532225 -0.4144576399984415
5950 4.525298747962587 0.2372640215065314 -0.3289152799968831
5951 4.512649373988817 0.4102986774199469 -0.4144576399984415
5952 4.525298747964454 0.3205973548398936 -0.3289152799968831
5953 4.609741101153952 0.248982953752015 -0.3418520457338907
5954 4.60974110115582 0.3323162870853771 -0.3418520457338908
5955 4.51264937398695 0.3269653440865846 -0.4144576399984415
5956 4.597091727178316 0.3386842763320682 -0.4273944057354493
5957 4.166666666694779 0.2499999999660904 0.333333333304344
5958 4.083333333352259 0.2499999999830453 0.416666666652172
5959 3.921586465140371 0.2293974945617653 0.1666666666664079
5960 3.960793232575056 0.2396987472808828 0.3333333333332039
5961 4.021335006677864 0.2829269241762269 0.3660460643072644
5962 4.044126565917574 0.2396987472639279 0.2499999999853759
5963 3.89879490590066 0.2726256714740644 0.2827127309882964
5964 7.333333333330792 0.3333333333329609 -0.3333333333337917
5965 7.416666666664355 0.4166666666664804 -0.4166666666668958
5966 7.083333333329749 0.4166666666664805 -0.4166666666668959
5967 7.166666666663489 0.3333333333329609 -0.3333333333337917
5968 7.416666666664355 0.4166666666664805 -0.2500000000006914
5969 7.333333333330792 0.3333333333329609 -0.2500000000006895
5970 7.249999999997097 0.4166666666664803 -0.4166666666668959
5971 7.416666666664354 0.4166666666664803 -0.3333333333337937
5972 7.249999999997052 0.4166666666664804 -0.3333333333337936
5973 7.371449208430406 -0.1063065598740549 0.2147580331689803
5974 7.310724604213995 -0.1325955923465139 0.2844094129493334
5975 7.33333333333122 -0.1892564165461842 0.4027071951531243
5976 7.416666666664854 -0.2196282082733955 0.4513535975765621
5977 7.477391270881265 -0.1933391758009365 0.3817022177962092
5978 7.454782541764041 -0.1366783516012662 0.2634044355924182
5979 7.477391270881139 -0.02667250913466745 0.3817022177962092
5980 7.454782541763977 -0.05334501826813169 0.2634044355924182
5981 7.416666666664728 -0.05296154160712644 0.4513535975765621
5982 7.333333333331156 -0.1059230832130497 0.4027071951531243
5983 7.394057937547631 -0.1629673840737252 0.3330558153727712
5984 7.394057937547567 -0.07963405074059067 0.3330558153727712
5985 7.477391270881201 -0.110005842467802 0.3817022177962091
5986 7.416666666664791 -0.136294874940261 0.451353597576562
5987 6.90281915325973 -0.446647212885291 0.09232148929828114
5988 6.805638306522098 -0.3932944257705819 0.1846429785979374
5989 6.810997159968743 -0.2677618562937776 0.272881861130272
5990 6.913536860153018 -0.1955820739316823 0.2687992543629502
5991 6.846042584888631 -0.2673937779670359 0.128938772991955
5992 6.777250022336549 -0.3036677083114544 0.2029516204447743
5993 6.943223431626263 -0.3207465650817449 0.03661728369229869
5994 6.971611715811813 -0.4103732825408725 0.01830864184546178
5995 6.908178006706374 -0.3211146434084867 0.1805603718306156
5996 6.976970569258456 -0.2848407130640681 0.1065475243777963
5997 6.879789722520824 -0.2314879259493591 0.1988690136774526
5998 6.874430869074181 -0.3570204954261634 0.110630131145118
5999 7.166666666664257 -0.2892299350051797 -0.3725632683383807
6000 7.08333333333064 -0.2696149675028499 -0.4362816341691903
6001 7.187923502391908 -0.2030989799350933 -0.35851918928121
6002 7.354590169059063 -0.2030989799351222 -0.35851918928121
6003 7.249999999997795 -0.2696149675028788 -0.4362816341691903
6004 4.250000000022316 0.4166666666497118 0.2499999999850433
6005 3.607644144226442 0.2455681730901181 0.2380127360456301
6006 3.710824582106498 0.2971744728348316 0.2930754645054538
6007 3.760330623321564 0.2288471022344613 0.4052965410153831
6008 3.787167821654059 0.2888139374070031 0.3767173669903303
6009 3.657150185441509 0.1772408024897478 0.3502338125555595
6010 3.580806945893948 0.1856013379175762 0.2665919100706829
6011 3.606156242113864 0.2642475486416788 0.3436960668503614
6012 3.682499481661425 0.2558870132138503 0.4273379693352378
6013 3.683987383774003 0.2372076376622897 0.3216546385305066
6014 3.57931904378137 0.2042807134691369 0.3722752408754142
6015 1.665150606589439 0.3767759897386643 0.04905959820987828
6016 1.613822008416927 0.333607184032366 -0.03952548153329852
6017 1.775750935215621 0.2428769540039572 -0.04270352042575057
6018 1.669122172730018 0.2666576661650124 -0.08540704085111295
6019 1.676324205003934 0.3397426920926157 -0.09977026194383416
6020 1.731624369317025 0.2727931742252621 -0.1456518212616486
6021 1.72045077090253 0.3098264718713107 0.003178038892063865
6022 1.225449938596367 0.003912340362200006 0.2900859394279246
6023 5.083333333325564 -0.2696149674976089 -0.2696149675026604
6024 5.166666666660403 -0.2892299350020534 -0.2892299350054575
6025 5.249999999994886 -0.3353894486078813 -0.2111811462074422
6026 5.249999999994528 -0.3619339947092647 -0.1135173899066297
6027 5.083333333326115 -0.462826180270216 -0.1719512112024013
6028 5.166666666660142 -0.4256523605404321 -0.0939024224041093
6029 4.999999999991633 -0.4166666666643882 -0.2500000000004167
6030 4.999999999991179 -0.3333333333287762 -0.2500000000001399
6031 5.166666666660046 -0.3157744811034368 -0.1915661787046451
6032 5.083333333325661 -0.3794928469346042 -0.1719512112021246
6033 5.166666666660499 -0.3991078144390486 -0.1915661787049218
6034 5.083333333326019 -0.3529483008332208 -0.2696149675029371
6035 3.911841702007453 -0.4381454273712981 -0.1540470748569071
6036 4.666666666659305 3.588814321820847e-12 -0.3333333333365331
6037 4.583333333330639 1.708448143228821e-12 -0.4166666666682666
6038 4.666666666663748 -0.2058966016709084 -0.3725632683389437
6039 4.583333333332861 -0.1029483008355402 -0.4362816341694719
6040 4.749999999995479 -0.08333333333162542 -0.4166666666682666
6041 4.7499999999977 -0.186281634168874 -0.4362816341694719
6042 4.666666666661525 -0.1029483008336598 -0.3529483008377384
6043 6.258863216659153 -0.4659833680559827 -0.4510505322187986
6044 5.858048421850063 -0.1884289989068096 0.01954746666680331
6045 5.794579396130174 -0.1238424617883538 0.1102580541658366
6046 5.97383914918442 -0.2510051786710903 0.1429456263882393
6047 5.947678298377185 -0.2520103573481778 0.03589125277800467
6048 5.797075451601972 -0.2417673601822521 0.04722333925935231
6049 5.884209272657297 -0.187423820229722 0.126601840277038
6050 5.886705328129096 -0.3053487186236203 0.06356712537055365
6051 5.583560685102038 0.4310156464459526 -0.1773508415238177
6052 4.009965537529542 -0.3830570764854669 -0.03672929559711652
6053 4.019931075069546 -0.2661141529709337 -0.07345859119285791
6054 3.921807239547458 -0.321202503856765 -0.1074430371195424
6055 3.910262420067041 -0.3073489649083125 -0.02002156107704135
6056 7.809684445157364 0.1227991697077754 0.185477329657912
6057 7.904842222578682 0.06139958485320014 0.2177386648286095
6058 7.904842222578683 0.06139958485320013 0.05107199816148808
6059 7.809684445157364 0.1227991697077754 0.1021439963243513
6060 7.799060341599283 -0.0001010479633500524 0.1936440862307547
6061 7.904842222578682 0.06139958485320013 0.1344053314950488
6062 7.799060341599283 -0.0001010479633500594 0.110310752897194
6063 7.52508307264884 -0.3679654496327909 -0.1035670195147326
6064 7.571981035258495 -0.3995053903972463 -0.1657265044271085
6065 0.2381233239352945 -0.2922543276533824 -0.467516012175398
6066 0.2409098199333192 -0.1469296793792456 -0.4531158539002052
6067 0.1657488272410619 0.4285611380057806 -0.2907971623393307
6068 0.08287441362053097 0.4642805690028903 -0.270398581170012
6069 0.2495410802878913 0.4642805690028903 -0.1870652478369059
6070 0.2495410802878913 0.4642805690028903 -0.270398581170012
6071 1.833333333329003 -0.3333333333292497 0.1666666666621642
6072 1.916666666662145 -0.4166666666646248 0.08333333333039454
6073 1.833333333329003 -0.3333333333292497 0.2499999999957249
6074 1.916666666662145 -0.4166666666646248 0.249999999997516
6075 1.666666666662823 -0.3333333333292497 0.2499999999957249
6076 1.583333333329785 -0.4166666666646248 0.249999999997516
6077 1.749999999995965 -0.4166666666646248 0.1666666666639552
6078 1.916666666662145 -0.4166666666646248 0.1666666666639552
6079 1.749999999995965 -0.4166666666646248 0.2499999999975159
6080 0.5784135348679658 -0.3127308278944116 0.08333333333284353
6081 0.5392067674334745 -0.4063654139472058 0.1666666666660752
6082 0.7058734340998751 -0.4063654139472058 -1.046142436701971e-12
6083 0.7058734340998751 -0.4063654139472058 0.08333333333251453
6084 0.5392067674334744 -0.4063654139472058 0.08333333333251454
6085 6.515769479193381 -0.4172361202971029 -0.4133888459177124
6086 6.531538958390716 -0.3344722405942057 -0.3267776918354248
6087 6.457068841720931 -0.3004556086501884 -0.2778282240542234
6088 6.366829245853809 -0.3492028564090682 -0.3154899103553097
6089 6.515769479193381 -0.4172361202971029 -0.2467221792515079
6090 6.531538958390716 -0.3344722405942057 -0.2434443585023225
6091 6.441299362523595 -0.3832194883530856 -0.3644393781365111
6092 6.51576947919338 -0.4172361202971029 -0.3300555125846101
6093 6.441299362523594 -0.3832194883530855 -0.2811060448034088
6094 5.333333333331939 -0.1666666666629012 0.1666666666668211
6095 5.416666666665883 -0.08333333333157951 0.08333333333306675
6096 5.575732357883119 -0.3586870798991362 0.09124299796380311
6097 5.412866178940557 -0.3043435399466795 0.1706214989821892
6098 5.416666666661603 -0.416666666664741 0.08333333333260837
6099 5.333333333329799 -0.3333333333294819 0.1666666666665918
6100 5.579532845604165 -0.4710102066171976 0.003954832314222266
6101 5.659065691214923 -0.4420204132343952 0.007909664629819641
6102 5.496199512274501 -0.2210102066153578 0.08728816564843495
6103 5.416666666663742 -0.2499999999981602 0.08333333333283757
6104 5.49619951227236 -0.3876768732819386 0.08728816564820574
6105 5.579532845606305 -0.3043435399506169 0.003954832314451449
6106 6.296801752995615 -0.280286625023711 -0.1954578692762944
6107 6.267441698917629 -0.2204490439168929 -0.2886997401415181
6108 6.250917646555327 -0.2397243432626992 -0.3723449395566265
6109 6.263753648271007 -0.3188372237153236 -0.3627482681065112
6110 6.037698274785051 -0.1389441951205339 -0.3209394558866642
6111 6.137889959812348 -0.1497778289653043 -0.351440533446703
6112 6.067058328863034 -0.198781776227352 -0.2276975850214405
6113 6.196610067968315 -0.2694529911789406 -0.1649567917162555
6114 6.280277700633309 -0.2995619243695173 -0.2791030686914028
6115 6.180086015606012 -0.2887282905247469 -0.248601991131364
6116 6.150725961528028 -0.2288907094179288 -0.3418438619965877
6117 6.167250013890331 -0.2096154100721224 -0.2581986625814792
6118 5.754953433384268 0.06894101421764923 -0.1645772988173596
6119 5.752817744338946 0.1809939767777535 -0.2233149116933721
6120 5.730663372311267 0.2614339111992171 -0.2122474333589507
6121 5.710644689328909 0.2298208830605762 -0.1424423421485169
6122 5.855213061955899 0.1514763258239683 -0.2178380025306577
6123 5.772919534151224 0.1748420903729518 -0.1452376267343704
6124 5.875231744938257 0.1830893539626092 -0.2876430937410915
6125 5.812956900115941 0.2380681466502335 -0.284847809155238
6126 5.732799061356588 0.1493809486391127 -0.1535098204829382
6127 5.815092589161262 0.1260151840901292 -0.2261101962792256
6128 5.795073906178904 0.09440215595148835 -0.1563051050687917
6129 5.792938217133583 0.2064551185115927 -0.2150427179448042
6130 0.1666666666673604 0.4166666666668977 -0.0833333333344812
6131 0.1666666666673604 0.4166666666668977 -0.1666666666675873
6132 7.844243796241036 -0.4190139329179348 -0.0716980070524891
6133 7.922121898120517 -0.4595069664589674 -0.03584900352693211
6134 7.755455231453411 -0.4595069664589674 0.04748432980662858
6135 7.755455231453411 -0.4595069664589674 -0.03584900352693211
6136 7.405298779787326 0.1432300570721267 -0.01520408273030335
6137 7.543976568424467 0.1604731606389379 -0.09985299059066099
6138 7.538436238040148 0.2018108428036466 -0.2063345989675749
6139 7.394218119018689 0.225905421401544 -0.2281672994841313
6140 7.255540330381548 0.2086623178347327 -0.1435183916237736
6141 7.261080660765866 0.1673246356700241 -0.03703678324685968
6142 7.422206997048674 0.3753289845017718 0.02314827504243468
6143 7.344413994099429 0.2506579690035436 0.04629655008624448
6144 7.416666666664355 0.4166666666664805 -0.08333333333447927
6145 7.333333333330792 0.3333333333329609 -0.1666666666675834
6146 7.399758449403008 0.1845677392368353 -0.1216856911072173
6147 7.483091782736571 0.2679010725703548 -0.03835235777411315
6148 7.338873663715111 0.2919956511682523 -0.06018505829066949
6149 7.477551452352251 0.3092387547350635 -0.1448339661510271
6150 7.894218119020536 0.2259054214014544 -0.2281672994841351
6151 7.788436238041072 0.2018108428036018 -0.2063345989675769
6152 7.894218119020536 0.2259054214014544 -0.06150063281792296
6153 7.788436238041072 0.2018108428036018 -0.1230012656344708
6154 7.894218119020535 0.1425720880678937 -0.1448339661510291
6155 7.894218119020535 0.1425720880678937 -0.06150063281792295
6156 7.894218119020535 0.2259054214014544 -0.144833966151029
6157 6.000000000001434 0.3333333333331024 -0.4166666666668978
6158 6.000000000002105 0.4166666666665512 -0.3333333333337956
6159 5.916894018432389 0.3476823131125037 -0.3440175081900259
6160 6.000000000002105 0.4166666666665512 -0.4166666666668977
6161 3.623996653344824 -0.3158538483862099 0.3987587953102419
6162 3.561998326670824 -0.2829269241930617 0.4493793976551209
6163 3.895331660003788 -0.2829269241931195 0.449379397655121
6164 3.790663320011306 -0.3158538483862388 0.3987587953102419
6165 3.727887269801679 -0.2083524597827171 0.3744046009281647
6166 3.706941124910251 -0.2785666161810376 0.3612713969467638
6167 3.665888943127679 -0.175425535589569 0.4250252032730438
6168 3.582944471562251 -0.2127127677947412 0.4625126016365219
6169 3.728664993337306 -0.2829269241930906 0.4493793976551209
6170 3.644942798236252 -0.2456396919878894 0.4118919992916428
6171 3.811609464902733 -0.2456396919879183 0.4118919992916429
6172 3.749611138228733 -0.2127127677947701 0.4625126016365219
6173 3.264365079202216 0.09145019372301041 0.006248218789892443
6174 3.257182539604597 0.1707250968572718 0.128124109395079
6175 3.208916524724862 0.254062052494368 0.1602982261978067
6176 3.167833049442746 0.2581241049972027 0.07059645239534776
6177 3.175015589040366 0.1788492018629413 -0.05127943820983882
6178 3.223281603920101 0.09551224622584518 -0.08345355501256647
6179 3.083333333326338 0.08333333332982353 0.08333333333798133
6180 3.166666666666657 0.1666666666606784 0.1666666666691235
6181 3.216099064322481 0.1747871493601065 0.0384223355926201
6182 3.173849206264276 0.08739176352641696 0.04479077606393687
6183 3.132765730982161 0.09145381602925173 -0.04491099773852203
6184 3.125583191384541 0.1707287191635131 0.07696489286666457
6185 6.093354880782889 -0.03907486463025919 0.3101675513972588
6186 6.161720628509954 -0.08343358400918777 0.3703351027950446
6187 6.153390917490931 -0.0851948689256401 0.4536684361285537
6188 6.076695458744842 -0.04259743446316383 0.4768342180642768
6189 6.008329711017776 0.001761284915764753 0.416666666666491
6190 6.016659422036799 0.003522569832217067 0.333333333332982
6191 6.008329711016433 -0.1649053817506747 0.416666666666491
6192 6.016659422036128 -0.07981076350100266 0.333333333332982
6193 6.076695458743499 -0.2092641011296033 0.4768342180642768
6194 6.15339091749026 -0.1685282022588598 0.4536684361285536
6195 6.085025169763863 -0.04083614954671153 0.3935008847307678
6196 6.085025169763194 -0.1241694828799312 0.3935008847307678
6197 6.008329711017103 -0.08157204841745498 0.4166666666664909
6198 6.076695458744169 -0.1259307677963835 0.4768342180642768
6199 7.29251367145296 0.04969864180164699 -0.2611417768909353
6200 7.271256835725094 0.1498493209005442 -0.2555708884458114
6201 7.559693073768014 0.1016601637047494 -0.2119054874126988
6202 7.436731790474419 0.02560406320374962 -0.239309076374379
6203 7.437923502392348 0.1498493209005124 -0.4222375551120198
6204 7.375847004786586 0.04969864180163111 -0.3444751102240394
6205 7.560884785685943 0.2259054214015122 -0.3948339661503396
6206 7.621769571373775 0.2018108428036307 -0.2896679323006791
6207 7.416666666664483 0.2499999999994096 -0.4166666666668959
6208 7.333333333330856 0.2499999999994255 -0.3333333333337917
6209 7.415474954746553 0.1257547423026468 -0.2337381879292551
6210 7.35459016905872 0.1498493209005283 -0.3389042217789155
6211 7.498808288080181 0.1257547423026309 -0.3170715212623593
6212 7.477551452352317 0.2259054214015281 -0.3115006328172354
6213 7.599160842256809 -0.1496737747678825 0.1668463939333708
6214 7.515667327451812 -0.1148456510847392 0.1559765236609991
6215 7.477391270881394 -0.3600058424671987 0.04836888446195902
6216 7.454782541764105 -0.2200116849343973 0.09673776892529316
6217 7.563359129219259 -0.1228052582503314 0.08737395301741355
6218 7.502474343531551 -0.2279712920999896 0.02813519828170764
6219 7.538276056569101 -0.2548398086175406 0.1076076391976649
6220 7.585967858336549 -0.2627994157831328 0.03900506855407941
6221 7.249999999997115 0.333333333332945 -0.4166666666668959
6222 7.416666666664419 0.3333333333329449 -0.4166666666668959
6223 6.126877222332972 0.2158359450811951 0.3227647234912946
6224 6.18030307314466 0.178189333997858 0.3921687175585687
6225 6.247813994986016 0.1078575260227926 0.3644143414205164
6226 6.261899066015681 0.07517232913106425 0.26725597121519
6227 6.287246321302165 0.2793680893577311 0.3859496991854445
6228 6.260487622629258 0.209955406136126 0.4237612054056437
6229 6.194388144174326 0.1455041371061297 0.2950103473532423
6230 6.207061771817567 0.2476020172194631 0.3543572113383696
6231 6.274572693658923 0.1772702092443977 0.3266028352003172
6232 4.639847496757513 -0.3473618673152868 0.1620828968280643
6233 4.550506046147586 -0.2889866894175322 0.1991657936565246
6234 4.654809850655923 -0.2813098429660487 0.04166666666627585
6235 4.691999399011682 -0.3435234440895449 0.08333333333293988
6236 4.576396315782993 -0.4685790150710138 0.04166666666561789
6237 4.652792631575217 -0.4371580301420275 0.08333333333261091
6238 4.602657948401754 -0.2851482661917905 0.1204162301614002
6239 4.56345118096529 -0.378782852244273 0.1204162301610713
6240 4.615603083219458 -0.3749444290185311 0.04166666666594687
6241 5.41666666667069 0.2696149675019739 -0.4362816341692996
6242 5.333333333338344 0.2892299350042075 -0.3725632683385992
6243 5.250000000006247 0.3529483008353938 -0.4362816341692995
6244 5.416666666671759 0.3529483008353938 -0.4362816341692995
6245 4.833769884798502 0.367267432510696 0.02317085559057958
6246 4.95361062815982 0.3103749943374237 0.1382657925084772
6247 4.979392641518823 0.2576726471081979 0.07484608054880065
6248 4.885333911516506 0.2618627380522445 -0.1036685683287736
6249 4.765493168155187 0.318755176225517 -0.2187635052466712
6250 4.739711154796185 0.3714575234547427 -0.1553437932869946
6251 4.904643047152203 0.4747199568946562 -0.03064136044335609
6252 4.809286094294693 0.4494399137893123 -0.06128272088533706
6253 4.930425060511205 0.4220176096654304 -0.09406107240303267
6254 4.860850121012697 0.3440352193308608 -0.1881221448046902
6255 5.024483790513521 0.4178275187213838 0.08445357647454152
6256 5.04896758101733 0.3356550374427675 0.1689071529504582
6257 4.859551898157504 0.3145650852814703 -0.04024885636909699
6258 4.929126837656012 0.3925474756160399 0.05381221603256056
6259 4.835068107653695 0.3967375665600866 -0.1247024328450136
6260 4.954908851015013 0.3398451283868141 -0.009607495927116017
6261 6.309435917064181 -0.2125870933405742 -0.01144479860409262
6262 6.292710027054763 -0.08504998055061913 0.07932640120288545
6263 6.314266900546382 -0.04194148139017068 0.193421069795378
6264 6.352549664047418 -0.1263700950196772 0.2167445385808925
6265 6.542024344049633 -0.2163303974449569 0.08002266912187687
6266 6.466428385799043 -0.2135645530470703 0.1600453382441419
6267 6.520467470558014 -0.2594388966054053 -0.03407199947061568
6268 6.423314638815805 -0.2997815513679672 -0.06814399894084316
6269 6.3309927905558 -0.1694785941801257 0.1026498699883999
6270 6.444871512307424 -0.2566730522075187 0.0459506696516494
6271 6.428145622298008 -0.1291359394175638 0.1367218694586274
6272 6.406588748806388 -0.1722444385780122 0.02262720086613489
6273 4.009965537529541 -0.3830570764854669 -0.2033959622633287
6274 4.019931075069546 -0.2661141529709337 -0.156791924525964
6275 3.921807239547458 -0.321202503856765 -0.1907763704526485
6276 4.009965537529541 -0.3830570764854669 -0.1200626289302226
6277 6.539206767430771 -0.4063654139476145 -1.046149063395321e-12
6278 6.578413534865495 -0.3127308278952289 -7.171689495960199e-13
6279 6.463610809180182 -0.403599569549728 0.2466893357883403
6280 6.427221618364317 -0.3071991390994559 0.2433786715773737
6281 6.539206767430771 -0.4063654139476145 0.1666666666660753
6282 6.578413534865495 -0.3127308278952289 0.08333333333284355
6283 6.502817576614907 -0.3099649834973425 0.08002266912154789
6284 6.463610809180182 -0.4035995695497279 0.1633560024547796
6285 6.502817576614907 -0.3099649834973425 0.1633560024551086
6286 6.53920676743077 -0.4063654139476145 0.08333333333251457
6287 6.781049958738152 0.05426786557047333 -0.1348770251822386
6288 6.683691651852613 0.02226412986575254 -0.1481623159897195
6289 6.742362497901079 0.1030324527626444 -0.06825266270128469
6290 6.738247203529415 0.02551066514544241 -0.02217766340892006
6291 6.796918049577878 0.1062789880423342 0.05773198987951474
6292 6.481260703123288 -0.3530734826577908 -0.03407199947094465
6293 1.425079652139105 0.2227999999343094 -0.4552135276904714
6294 1.35015930427434 0.1955999998681854 -0.4104270553809427
6295 1.422131143723126 0.298881865387898 -0.44257723162996
6296 1.344262287442383 0.3477637307753624 -0.38515446325992
6297 1.347210795858361 0.271681865321774 -0.3977907593204314
6298 1.445910788885953 0.2362794593761875 -0.3312503814492965
6299 1.442962280469975 0.312361324829776 -0.3186140853887851
6300 1.912228128575434 -0.1824254938760246 0.1755332233867813
6301 1.831114064285647 -0.2162127469349496 0.2127666116903576
6302 1.833333333330089 -0.2499999999958009 0.3333333333292893
6303 1.916666666664318 -0.2499999999977272 0.4166666666646446
6304 1.91666666666649 -0.08333333333083313 0.4166666666646446
6305 1.833333333331175 -0.1666666666623538 0.3333333333292893
6306 1.914447397619876 -0.2162127469368759 0.2960999450257129
6307 1.914447397620962 -0.1328794136034289 0.296099945025713
6308 1.916666666665404 -0.1666666666642801 0.4166666666646446
6309 2.083333333329036 -0.4362816341687856 -0.3529483008362142
6310 1.999999999996374 -0.4166666666665511 -0.4166666666668977
6311 2.040530578121524 -0.3620905337585683 -0.04053057812581648
6312 2.08106115624776 -0.2241810675171364 -0.08106115625025784
6313 2.13665717656575 -0.2934042849756053 -0.05155925844685923
6314 2.096126598439514 -0.431313751217037 -0.09436201365552398
6315 2.040530578121524 -0.3620905337585683 -0.1238639114589226
6316 1.58527065197555 0.2856046784891767 -0.005120108371559393
6317 1.608047893706685 0.2807709786522857 0.1178703445333566
6318 1.659376491879197 0.3239397843585841 0.2064554242765334
6319 1.687927848320574 0.3719422899017734 0.1720500511147942
6320 1.520831136752301 0.4301461261086892 -0.04270352042640853
6321 1.541662273498358 0.3602922522173785 -0.08540704085144193
6322 1.572159734924813 0.4733149318149876 0.04588155931676827
6323 1.644319469843382 0.4466298636299751 0.09176311863491166
6324 1.543608378483436 0.4253124262717983 0.08028693247850742
6325 1.587216756960628 0.3506248525435965 0.16057386495839
6326 1.636599250148062 0.328773484195475 0.08346497137161743
6327 1.564439515229493 0.3554585523804875 0.03758341205347401
6328 1.59299087167087 0.4034610579236767 0.003178038891734871
6329 1.615768113402005 0.3986273580867857 0.1261684917966509
6330 0.8857876183135551 0.0867714765715714 0.3678910474383019
6331 0.9428938091581114 0.1683857382860457 0.4339455237191509
6332 0.9077704150872673 0.2812745582780792 0.3680640994554873
6333 0.8155408301718667 0.3125491165556383 0.2361281989109745
6334 0.7584346393273103 0.2309348548411641 0.1700737226301254
6335 0.7935580333981544 0.1180460348491306 0.2359551468937891
6336 0.7677861772734357 0.2625074389760462 0.3687937726198569
6337 0.7982338023712171 0.1338323269165717 0.3353151718886548
6338 0.7326627832025915 0.3753962589680797 0.3029123483561932
6339 0.7279870142295288 0.3596099669006386 0.2035523233613275
6340 0.824892368117992 0.3441217006905205 0.4348482489007059
6341 0.91244618406033 0.2970608503455203 0.467424124450353
6342 0.8506642242427109 0.1996602965636049 0.3020096231746381
6343 0.8553399932157735 0.215446588631046 0.4013696481695039
6344 0.763110408300373 0.2467211469086051 0.2694337476249912
6345 0.8202165991449294 0.3283354086230794 0.3354882239058403
6346 7.437923502392538 -0.1001506790996868 -0.4222375551120198
6347 7.509904537652479 -0.1663227361631986 -0.3379640595384388
6348 7.41666666666442 0.333333333332945 -0.3333333333337937
6349 7.816340017141119 -0.3543409326093093 0.0233897512087738
6350 7.905314368592708 -0.2328387237310418 -0.08239317109400247
6351 7.810628737185415 -0.2156774474613903 -0.1647863421866298
6352 7.905314368592707 -0.2328387237310418 -0.1657265044271085
6353 7.905314368592707 -0.1495053903979358 -0.1657265044271086
6354 1.831114064289324 -0.04954608027237645 0.1904375123247818
6355 1.912228128577272 -0.09909216054473806 0.1643686737039934
6356 1.752245570494787 -0.2686630248960008 0.07850253566753679
6357 1.751122785248081 -0.1343315124480078 0.1475044433065535
6358 1.758122106134062 -0.1090871325678289 0.05242889374008181
6359 1.754061053067719 -0.05454356628392186 0.134467622342826
6360 1.832236849536029 -0.1838775927203694 0.1214356046857651
6361 1.835175117355667 -0.1040896465562835 0.1083987837220376
6362 1.755183838314424 -0.1888750787319148 0.0654657147038093
6363 2.583333333343709 0.4785338626200342 0.3118671959528283
6364 2.666666666677012 0.4570677252400684 0.3737343919063496
6365 2.833333333344372 0.4570677252400684 0.4570677252399139
6366 2.91666666667843 0.4785338626200342 0.478533862619957
6367 2.583333333343709 0.4785338626200342 0.478533862619957
6368 2.666666666677012 0.4570677252400684 0.4570677252399139
6369 2.750000000011069 0.4785338626200342 0.3952005292863926
6370 2.750000000011068 0.4785338626200341 0.478533862619957
6371 2.583333333343709 0.4785338626200342 0.3952005292863927
6372 0.3932416496861945 0.1770466266458837 -0.1304934570486042
6373 0.4446932049009519 0.1275272843371237 -0.07366302463975756
6374 0.3535547714624486 0.1212616242813238 -0.1878346811296591
6375 0.4459782848625595 0.1015246369947369 -0.2347188272294539
6376 1.282739568264975 0.1819171101790935 -0.1055842526896825
6377 1.266369784133031 0.09095855508955972 -0.1610453018184155
6378 1.22544993859717 0.06820945937531052 -0.07825437778368724
6379 1.200899877193254 0.1364189187505951 0.05999759537977405
6380 1.021289582598293 0.2370227163182562 -0.01670773452057527
6381 1.160199467497606 0.2549491907934417 -0.03341546904076235
6382 0.980369737062432 0.214273620604007 0.06608318951415298
6383 1.078359776425885 0.2094509993649434 0.1321663790286942
6384 1.004919798466348 0.1460641612287224 -0.07216878364930829
6385 1.127459899233717 0.07303208061437416 -0.1443375672982284
6386 1.241819722729115 0.1591680144648443 -0.02279332865495422
6387 1.143829683365662 0.163990635703908 -0.08887651816949536
6388 1.119279621961746 0.2322000950791925 0.04937545499396589
6389 1.102909837829801 0.1412415399896587 -0.006085594134767135
6390 1.395099570368678 -0.03610757958359784 -0.2562501743078131
6391 1.54019914073627 -0.07221515916722161 -0.2959939976684777
6392 1.62353247406974 -0.07221515916694379 -0.3904918806860949
6393 1.561766237035617 -0.03610757958304217 -0.4452459403430474
6394 1.416666666668025 5.816083077042694e-13 -0.4055021169823829
6395 1.333333333334556 3.037652164705893e-13 -0.3110042339647657
6396 1.458328940163306 0.1936255855507204 -0.157575824500033
6397 1.354164470082196 0.09681279277537318 -0.1870410877235908
6398 1.478432903702148 -0.03610757958332 -0.3507480573254303
6399 1.499264040449788 0.06070521319174941 -0.2267849110842554
6400 1.437497803415666 0.096812792775651 -0.2815389707412079
6401 1.582597373783257 0.06070521319202723 -0.3212827941018725
6402 1.752245570492949 -0.3519963582272874 0.08966708535032468
6403 1.751122785244405 -0.3009981791105809 0.1698335426721293
6404 1.668912237159911 -0.4353296915626625 0.08966708535211573
6405 1.584456118578329 -0.4676648457813313 0.1698335426757114
6406 1.751122785244509 -0.4676648457813313 0.08650020934215064
6407 1.834456118577547 -0.3843315124459561 0.0865002093403596
6408 1.667789451911367 -0.3843315124459561 0.1698335426739203
6409 6.754857563658748 -0.2080978834963039 -0.0650514003965917
6410 6.892094825017274 -0.1970995251497644 -0.1301028007927952
6411 6.683081874857254 -0.262110225550466 -0.1162602575270573
6412 6.748543447414285 -0.3051242092580886 -0.2325205150537263
6413 6.672652889079537 -0.192324680215841 -0.170076126459328
6414 6.744428577881031 -0.1383123381616789 -0.1188672693288624
6415 6.82031913621578 -0.2511118672039265 -0.1813116579232608
6416 3.136685031577159 -0.1996588040132765 -0.05447075710625553
6417 3.037095810665973 -0.1638846826442224 -0.1724545677151302
6418 2.958337726500649 -0.2520737075167789 -0.1936255855497949
6419 2.979168863246509 -0.3760368537583895 -0.09681279277558499
6420 3.07875808415346 -0.0784776417947977 0.02117101783876582
6421 3.157516168320901 -0.1569552835885641 0.04234203567069245
6422 2.999999999988135 -0.1666666666673542 4.10109908992547e-12
6423 2.999999999990252 -0.3333333333336771 1.363002303600184e-12
6424 3.057926947411834 -0.2878478288858329 -0.07564177494092025
6425 3.057926947409717 -0.1211811622195101 -0.07564177493818215
6426 3.078758084155577 -0.2451443084611206 0.02117101783602773
6427 2.979168863244392 -0.2093701870920666 -0.09681279277284688
6428 3.604453327818887 0.0005003751477237218 -0.4045465356987236
6429 3.708906655635035 0.001000750295275553 -0.309093071397447
6430 3.500000000010115 0.08333333332322511 -0.416666666665591
6431 3.500000000017491 0.1666666666462783 -0.3333333333311821
6432 3.500000000002739 1.432372738937223e-13 -0.3333333333335626
6433 3.500000000002739 1.145842679998547e-13 -0.1666666666671251
6434 3.604453327818887 0.0005003751476950687 -0.237879869032286
6435 3.604453327826262 0.08383370847077695 -0.3212132023643146
6436 3.500000000010115 0.08333333332319642 -0.2499999999991536
6437 2.209336679990666 0.3991871817198588 0.3154254619765836
6438 2.104668339999495 0.4495935908599294 0.2827127309879453
6439 2.104668339999495 0.4495935908599294 0.1993793976543846
6440 2.271335006666855 0.4495935908599295 0.2827127309879452
6441 2.642516565695986 0.05283649810711689 -0.01283586346259161
6442 2.630068433998401 -0.08312987186747066 -0.006417931731489912
6443 2.625508562343374 -0.1688772681835955 0.08984834357025008
6444 2.63339682238593 -0.1186582945251328 0.1796966871408884
6445 2.645844954083515 0.01730807544945477 0.1732787554097867
6446 2.650404825738542 0.1030554717655796 0.0770124801080467
6447 2.437755524860603 0.04555207750808527 0.07886346743354009
6448 2.546360111127086 0.1171774727948948 0.0298048361199234
6449 2.42530739316302 -0.09041429246650226 0.08528139916464178
6450 2.521463847731918 -0.1547552671542802 0.04264069958212678
6451 2.637956694040958 -0.03291089820900796 0.0834304118391484
6452 2.533911979429503 -0.01878889717969269 0.0362227678510251
6453 2.541800239472059 0.03143007647877001 0.1260711114216634
6454 2.529352107774475 -0.1045362934958175 0.1324890431527651
6455 1.810986136510742 0.4466298636299751 0.1750964519684724
6456 1.905493068259533 0.4733149318149875 0.2125482259838897
6457 1.644319469843382 0.4466298636299751 0.1750964519684724
6458 1.572159734924812 0.4733149318149875 0.2125482259838897
6459 1.710275045150796 0.4253124262717982 0.2469535991456288
6460 1.615768113402005 0.3986273580867858 0.2095018251302115
6461 1.782434780069365 0.3986273580867857 0.2095018251302115
6462 1.738826401592173 0.4733149318149875 0.2125482259838897
6463 3.334821235453447 0.2313206244428237 0.2276500025287793
6464 3.419642470899917 0.2126412488941142 0.2053000050572929
6465 3.378558995617801 0.2167033013969489 0.1155982312548339
6466 3.252654284889216 0.2394447294484932 0.04824645492386138
6467 3.375583191396589 0.4207287191666792 -0.006368440469953808
6468 3.25116638277861 0.3414574383333583 -0.01273688093853249
6469 3.501487902125175 0.3979872911151349 0.06098333586101875
6470 3.50297580423578 0.2959745822302697 0.1219666717234126
6471 3.416666666678704 0.4166666666638444 0.08333333333250512
6472 3.333333333342841 0.3333333333276888 0.1666666666663854
6473 3.293737760171331 0.2353826769456584 0.1379482287263203
6474 3.292249858060725 0.3373953858305236 0.07696489286392644
6475 3.377071093507195 0.3187160102818141 0.05461489539244006
6476 3.418154568789311 0.3146539577789793 0.144316669194899
6477 1.907891213689346 0.01956750348560388 -0.2746636955458817
6478 1.953945606845575 0.009783751743145722 -0.3873318477729408
6479 2.040530578125869 -0.02875720042477648 -0.3738639114582331
6480 2.081061156249933 -0.05751440085024053 -0.2477278229164662
6481 1.994476184969639 -0.01897344868231832 -0.2611957592311739
6482 1.953945606844489 -0.0735495815903013 -0.3873318477729408
6483 2.040530578124783 -0.1120905337582235 -0.3738639114582331
6484 2.465245958473017 0.07553589980692128 0.3715717394936572
6485 2.430491916943916 0.1510717996133269 0.2431434789873143
6486 2.368493590270488 0.2673320571397511 0.1925228766423882
6487 2.341249305126162 0.3080564148597696 0.2703305348038051
6488 2.376003346655263 0.2325205150533641 0.398758795310148
6489 2.43800167332869 0.1162602575269399 0.449379397655074
6490 2.46524595847578 0.2422025664734176 0.3715717394936572
6491 2.430491916945297 0.2344051329465751 0.2431434789873143
6492 2.403247631799589 0.1917961573333455 0.320951137148731
6493 2.465245958474398 0.1588692331401694 0.3715717394936572
6494 2.438001673330072 0.199593590860188 0.4493793976550739
6495 2.403247631800971 0.2751294906665936 0.3209511371487311
6496 6.510554951698128 -0.1405324724327555 0.2322141218926707
6497 6.630277475847802 -0.07026623621632705 0.2243602364189343
6498 6.482721701960289 0.01160320616672879 0.2617760092894303
6499 6.43677706475437 -0.09959775124122752 0.2509220083279187
6500 6.607822684352787 -0.1580280979562297 0.3643151248551745
6501 6.49932755595062 -0.1844134033027068 0.3021915661107908
6502 6.653767321558704 -0.04682714054827337 0.3751691258166862
6503 6.591216830362455 0.03798851151320585 0.323899568033814
6504 6.727545208502462 -0.08776186173980127 0.3564612393814381
6505 6.738772604249969 -0.04388093086984995 0.286483795163318
6506 6.556499588904045 -0.02933151502479913 0.2430681228541822
6507 6.619050080100295 -0.1141471670862784 0.2943376806370545
6508 6.545272193156538 -0.07321244589475046 0.3130455670723024
6509 6.664994717306212 -0.00294620967832205 0.305191681598566
6510 5.920887771505519 -0.172325975800222 -0.4685823356509717
6511 5.841775543014299 -0.09465195160009715 -0.4371646713019433
6512 5.675108876348662 -0.01131861826682012 -0.4371646713019434
6513 5.587554438174244 -0.00565930913366788 -0.4685823356509716
6514 5.666666666663845 -0.2058966016713182 -0.3725632683387293
6515 5.583333333331836 -0.1029483008359169 -0.4362816341693647
6516 5.754221104838263 -0.2115559108044704 -0.341145603989701
6517 5.758442209680672 -0.1142669191022214 -0.373446305471308
6518 5.833333333329483 -0.2892299350045953 -0.3725632683387293
6519 5.91666666666311 -0.269614967502471 -0.4362816341693647
6520 5.754221104839881 -0.08899264246694494 -0.4685823356509716
6521 5.749999999997474 -0.186281634169194 -0.4362816341693646
6522 5.670887771506253 -0.1086076099690692 -0.4048639698203363
6523 5.837554438171891 -0.1919409433023462 -0.4048639698203363
6524 6.705873434098392 -0.07303208061421355 0.1443375672966692
6525 6.661746868199307 -0.1460641612285285 0.07216878364814051
6526 6.791478944515868 -0.01551767976415171 -0.08106115624996786
6527 6.704549623408044 -0.1173069608034975 -0.04053057812517803
6528 6.651317882421591 -0.07627861589390346 0.01835291471586977
6529 6.694120637630329 -0.04752141546887252 -0.09434644705744877
6530 6.74867618930713 -0.04427488018918262 0.03163820552335069
6531 1.479168863253954 -0.09681279277470949 -0.3760368537587727
6532 1.458337726506412 -0.1936255855502784 -0.2520737075175453
6533 1.395835529920484 -0.09681279277498733 -0.2815389707411555
6534 1.479168863253162 -0.180146126108185 -0.3760368537587727
6535 1.416666666667234 -0.08333333333289385 -0.4055021169823828
6536 1.166666666665 -0.3725632683376382 -0.2058966016722592
6537 1.083333333331593 -0.4362816341688191 -0.1029483008368172
6538 1.083333333331593 -0.4362816341688192 -0.2696149675030293
6539 1.166666666665 -0.3725632683376382 -0.2892299350053653
6540 1.416666666663967 -0.4362816341688192 -0.2696149675030293
6541 1.333333333331188 -0.3725632683376382 -0.2892299350053653
6542 1.083333333331592 -0.4362816341688192 -0.1862816341699232
6543 1.24999999999778 -0.4362816341688192 -0.1862816341699232
6544 1.24999999999778 -0.4362816341688192 -0.2696149675030293
6545 0.09122390947627321 -0.251448508457162 -0.04884817232483178
6546 0.1824478189525464 -0.252897016915017 -0.09769634464828844
6547 0.09122390947627322 -0.4181151751242906 -0.1321815056579378
6548 0.09122390947627322 -0.3347818417907263 -0.1321815056579378
6549 0.09122390947627321 -0.3347818417907263 -0.04884817232483179
6550 0.6388905005027585 -0.01392210993559577 0.2630497917704409
6551 0.7337859639858786 -0.004382447539249342 0.2824431814639468
6552 0.7727411275479829 -0.07429399108583226 0.1176569538927088
6553 0.6583680822838107 -0.04887788170888723 0.1806566779848219
6554 0.7695848108058654 0.1382435704513997 0.08121880069205283
6555 0.6567899239127519 0.05739089905972875 0.1624376013844938
6556 0.8839578560700376 0.1128274610744547 0.01821907659993982
6557 0.8855360144410962 0.006558680305838699 0.03643815320026782
6558 0.8644802742889854 0.1477832328477461 0.1006121903855588
6559 0.846580850878992 0.07647022385242161 0.2012243807715058
6560 0.7532635457669307 -0.03933821931254079 0.2000500676783278
6561 0.751685387395872 0.0669305614560752 0.1818309910779998
6562 0.7711629691769242 0.03197478968278372 0.09943787729238082
6563 0.8660584326600442 0.04151445207913016 0.1188312669858868
6564 0.1585899650518136 -0.4546356674191879 0.4592048295228812
6565 0.07929498252590682 -0.4773178337095939 0.4796024147614406
6566 0.4126283158585624 -0.477317833709594 0.3129357480943119
6567 0.3252566317181414 -0.4546356674191879 0.3758714961893169
6568 0.4126283158585624 -0.477317833709594 0.4796024147614406
6569 0.3252566317181414 -0.4546356674191879 0.4592048295228812
6570 0.2459616491922346 -0.477317833709594 0.3962690814278762
6571 0.2459616491922533 -0.477317833709594 0.4796024147614406
6572 0.4126283158585624 -0.477317833709594 0.3962690814278762
6573 0.8333333333331915 -0.1666666666666035 -0.2276709006316288
6574 0.9166666666656882 -0.3333333333333017 -0.238835450316161
6575 0.8546683399909216 -0.2827127309883762 -0.2717623745093213
6576 0.7892067674337789 -0.2396987472805076 -0.155502116982726
6577 4.171586465149404 0.2293974945446325 0.08333333331857987
6578 4.127459899248684 0.1563654139306131 0.1555021169673174
6579 4.171586465137995 0.1460641612282726 0.07216878364834937
6580 0.08287441362053095 0.2976139023366858 -0.270398581170012
6581 0.1657488272410619 0.3452278046726783 -0.2907971623393307
6582 0.2495410802878913 0.3809472356697881 -0.187065247836906
6583 0.19680444511101 0.2898025586546693 -0.2495065443222645
6584 6.512373023004961 -0.102363595639114 0.1708993392056536
6585 6.398494301253335 -0.01516913761172094 0.2275985395424041
6586 1.166666666665378 -0.2499999999962878 0.3333333333321418
6587 1.083333333332528 -0.249999999997884 0.4166666666660709
6588 1.083333333332404 -0.3118671959529471 0.4785338626199325
6589 1.166666666665129 -0.3737343919064138 0.4570677252398649
6590 1.249999999997979 -0.3737343919048176 0.3737343919059358
6591 1.249999999998103 -0.3118671959497545 0.3118671959520742
6592 1.416666666663907 -0.4166666666648972 0.4166666666660709
6593 1.333333333331067 -0.3333333333297944 0.3333333333321418
6594 1.416666666663783 -0.4785338626199602 0.4785338626199325
6595 1.333333333330818 -0.4570677252399204 0.4570677252398649
6596 1.166666666665253 -0.3118671959513508 0.3952005292860034
6597 1.249999999998218 -0.3333333333313906 0.4166666666660708
6598 1.333333333330943 -0.3952005292848573 0.3952005292860034
6599 1.249999999998093 -0.3952005292864537 0.4785338626199325
6600 1.392116605264109 0.06820945937586621 0.3994165228477451
6601 1.284233210526724 0.136418918750873 0.2988330456954902
6602 1.225449938598625 0.2348761260422777 0.3994165228477451
6603 1.392116605264901 0.1515427927090575 0.3994165228477451
6604 1.225449938597834 0.1515427927090864 0.3994165228477451
6605 1.49999999999833 -0.3333333333330469 0.3333333333328714
6606 1.499999999999912 -0.1666666666660937 0.4166666666664356
6607 1.58333333333295 -0.08333333333071853 0.4166666666646446
6608 1.666666666664405 -0.1666666666622965 0.3333333333292893
6609 1.583333333333826 -0.1666666666623649 0.2499999999960029
6610 1.666666666664843 -0.2083333333281197 0.2499999999949684
6611 1.50000000000237 -0.08333333333078689 0.3333333333313583
6612 1.500000000001933 -0.04166666666496372 0.4166666666656791
6613 1.500000000000788 -0.24999999999774 0.249999999997794
6614 1.499999999998767 -0.37499999999887 0.2499999999985505
6615 1.583333333331367 -0.2499999999976717 0.3333333333310803
6616 1.583333333331805 -0.2916666666634948 0.2499999999967594
6617 1.583333333333388 -0.1249999999965417 0.3333333333303237
6618 1.50000000000035 -0.2083333333319169 0.3333333333321148
6619 0.9236268750167056 0.4582065115343556 -0.2766300227192232
6620 0.8472537500292491 0.4164130230687112 -0.303260045437753
6621 1.000000000003664 0.41666666666684 -0.3333333333337956
6622 1.000000000003166 0.33333333333368 -0.4166666666668978
6623 1.000000000005327 0.3333333333299727 -0.3333333333297734
6624 0.9236268750183682 0.3748731781974882 -0.2766300227152011
6625 0.9236268750162075 0.3748731782011957 -0.3599633560523254
6626 0.6095604758233544 0.001719071619834517 0.433945523719151
6627 0.7191209516461765 0.003438143238465803 0.3678910474383019
6628 0.7762271424902347 0.00171907161977722 0.433945523719151
6629 0.7762271424897366 -0.08161426171372664 0.433945523719151
6630 0.247179746717956 0.1205311658562129 0.1665639316599895
6631 0.2600994206286287 0.1561442596349246 0.2426457306278188
6632 0.269565918233634 0.251967689573481 0.2505100295666091
6633 0.2661127419279665 0.3121780257333256 0.18229252953757
6634 0.08755318854076634 0.290796120631519 0.2046916765023817
6635 0.1751063770815327 0.3315922412623446 0.1593833530054563
6636 0.09100636484643379 0.2305857844716744 0.2729091765314208
6637 0.1820127296928676 0.2111715689426554 0.2958183530635345
6638 0.07808669093576109 0.1949726906929626 0.1968273775635914
6639 0.1561733818715222 0.1399453813852319 0.1436547551278758
6640 0.2566462443229612 0.2163545957947692 0.1744282305987797
6641 0.1656398794765275 0.2357688113237882 0.151519054066666
6642 0.1785595533872001 0.2713819051025 0.2276008530344954
6643 0.1690930557821949 0.1755584751639436 0.2197365540957051
6644 0.6095604758228381 -0.1649475950472301 0.433945523719151
6645 0.7191209516459183 -0.07989519009506652 0.3678910474383019
6646 0.6095604758230962 -0.08161426171369779 0.433945523719151
6647 0.7762271424894784 -0.164947595047259 0.433945523719151
6648 0.1509997943829381 -0.3608090073137883 0.162311859794303
6649 0.07549989719146903 -0.3054045036565477 0.206155929896805
6650 0.3033599601739786 -0.2636204299643494 0.1905332425327794
6651 0.2649298258741928 -0.3399169704676892 0.1545005161122902
6652 0.2278600629825096 -0.2915492596406731 0.2343773126352814
6653 0.1139300314912548 -0.3957746298203365 0.2421886563172942
6654 0.07549989719146905 -0.388737836990112 0.206155929896805
6655 0.1139300314912548 -0.3124412964867722 0.2421886563172942
6656 0.1894299286827238 -0.2845124668104486 0.1983445862147922
6657 0.1894299286827238 -0.3678458001440129 0.1983445862147922
6658 0.07145665726870856 -0.3755876609869179 -0.3008493455091936
6659 0.1626805667449818 -0.2937028361112086 -0.2663641844995441
6660 0.09122390947627321 -0.3347818417907263 -0.2155148389910439
6661 0.2805966981578407 -0.2291079631532368 0.4088553229844229
6662 0.07808669093576109 0.1949726906929626 0.03016071089646995
6663 0.1561733818715222 0.1399453813852319 0.06032142179431503
6664 0.1656398794765275 0.2357688113237882 0.06818572073310529
6665 0.08755318854076632 0.290796120631519 0.1213583431688209
6666 0.07808669093576108 0.1949726906929626 0.1134940442300307
6667 2.547095027480337 0.1438535597112834 0.4231816769038422
6668 2.594190054954412 0.03770711942230669 0.3463633538076845
6669 2.713761694145726 0.06052022637797796 0.4231816769038422
6670 2.547095027478956 0.06052022637803525 0.4231816769038421
6671 2.916666666677841 0.4362816341688174 -0.3529483008363384
6672 2.558362916149511 0.2167338724714585 -0.1691493060059883
6673 2.60666380677154 0.2027683702765815 -0.09420155059984081
6674 2.676784888532687 0.3378891321248287 -0.09077353143702371
6675 2.593423457030084 0.2842942533955821 -0.1674352964245797
6676 2.503354008516098 0.4102331248887785 -0.08136568713829534
6677 2.50670801702179 0.320466249777557 -0.1627313742752156
6678 2.5867154400187 0.4638280036180251 -0.004703922150739291
6679 2.673430880026995 0.4276560072360502 -0.009407844300103474
6680 2.551654899138127 0.3962676226939015 -0.006417931732147839
6681 2.603309798265848 0.292535245387803 -0.01283586346292057
6682 2.641724347652114 0.2703287512007051 -0.09248754101843225
6683 2.555008907643819 0.30650074758268 -0.08778361886906808
6684 2.590069448524392 0.3740611285068036 -0.08606960928765951
6685 2.638370339146422 0.3600956263119266 -0.01112185388151202
6686 2.166922263384266 0.05152067977494869 0.338719477261889
6687 2.076403514688558 0.09861861439786521 0.300309175937431
6688 2.122502469133506 0.172680265820432 0.2128376559023058
6689 2.25912017227416 0.1996439826200823 0.1637764371916386
6690 2.214728881060364 0.03118997115444438 0.1725810240357622
6691 2.100306823526607 0.08845326008761305 0.2172399493243676
6692 2.213021217829213 0.1255823311975155 0.2512479572267638
6693 2.236924526667262 0.1154169768872633 0.1681787306137004
6694 2.190825572222315 0.04135532546469652 0.2556502506488256
6695 3.750000000014277 0.436281634168655 -0.2696149675033589
6696 4.585770049456418 0.2117540518752474 -0.1353723020719091
6697 4.633591976972744 0.1926120714906543 -0.02737168414849361
6698 4.718034330164111 0.2043310037361379 -0.04030844988550133
6699 4.75465475583915 0.2351919163662146 -0.1612458335459245
6700 4.655268801604819 0.3597385912092591 -0.1424070275499869
6701 4.596608461772455 0.2953173117345498 -0.1928899737726557
6702 4.703090729121146 0.3405966108246661 -0.0344064096265714
6703 4.692252316805108 0.2570333509653637 0.02311126207417524
6704 4.670212402647783 0.223472984120731 -0.1483090678089168
6705 4.644430389288781 0.2761753313499568 -0.08488935584924023
6706 4.681050814963821 0.3070362439800334 -0.2058267395096635
6707 4.728872742480148 0.2878942635954403 -0.09782612158624798
6708 5.249999999993578 -0.4362816341688326 -0.352948300836316
6709 6.515769479193381 -0.4172361202971029 -0.08005551258529579
6710 6.531538958390716 -0.3344722405942057 -0.1601110251692165
6711 6.570745725825442 -0.2408376545418201 -0.1601110251688875
6712 6.594183014062832 -0.2299669481923318 -0.08005551258463785
6713 6.70933667997956 -0.3987587953104742 -0.2325205150540554
6714 6.604668339987802 -0.449379397655237 -0.1162602575277152
6715 6.725106159176896 -0.315994915607577 -0.312576027637976
6716 6.636207298382473 -0.2838516382494427 -0.2763712826955566
6717 6.554976246628105 -0.3236015342447173 -0.08005551258496683
6718 6.620437819185137 -0.3666155179523399 -0.1963157701116359
6719 6.643875107422527 -0.3557448116028515 -0.1162602575273863
6720 6.659644586619862 -0.2729809318999543 -0.1963157701113069
6721 3.407813717379335 -0.3079631196961414 0.2130487669420857
6722 3.321605631111532 -0.396210276993158 0.1830281329716948
6723 3.49800726787632 -0.4065719874663749 0.0810231336365754
6724 3.496014535761729 -0.3131439749327498 0.162046267274526
6725 3.409806449493926 -0.4013911322297665 0.1320256333041351
6726 3.409806449493925 -0.4013911322297665 0.2153589666376958
6727 3.498007267876319 -0.4065719874663748 0.1643564669701361
6728 2.846364078987873 -0.2852486283034861 0.2849532172731085
6729 2.766179529504342 -0.3170147004414312 0.3165457051191969
6730 2.663203420780814 -0.3055525956669369 0.2320921286433943
6731 2.640411861540815 -0.2623244187544976 0.116046064321503
6732 2.720596411024347 -0.2305583466165525 0.0844535764754145
6733 2.823572519747875 -0.2420204513910467 0.1689071529512172
6734 2.89533166000185 -0.4495935908597921 0.1160460643208451
6735 2.79066332001133 -0.3991871817195842 0.2320921286430653
6736 2.743387970264345 -0.2737865235289918 0.2004996407973058
6737 2.870847869494861 -0.367421109581639 0.2004996407969767
6738 2.848056310254864 -0.3241929326691997 0.08445357647508556
6739 2.767871760771332 -0.3559590048071448 0.1160460643211741
6740 4.223776429339852 -0.2134643535204189 -0.3892244259438187
6741 4.231235045922868 -0.2952859144312489 -0.3520101682871941
6742 4.316240328614535 -0.2923397047531502 -0.3007406105043722
6743 4.393786994723187 -0.2075719341642216 -0.2866853103781748
6744 4.386328378140171 -0.1257503732533916 -0.3238995680347995
6745 4.301323095448502 -0.1286965829314903 -0.3751691258176214
6746 4.243980937585303 -0.2105475975409879 -0.1466567768437911
6747 4.230149375171069 -0.1710951950752884 -0.2865477302221172
6748 4.308781712031519 -0.2105181438423203 -0.3379548681609967
6749 4.237607991754086 -0.2529167559861183 -0.2493334725654925
6750 4.315154657862736 -0.1681489853971897 -0.2352781724392952
6751 4.322613274445753 -0.2499705463080198 -0.1980639147826707
6752 3.245424750829779 -0.0730372735124092 0.2410621793045207
6753 3.240849501659061 -0.1542350994473698 0.1522876164035699
6754 3.248032041258841 -0.1528968533919707 0.003799478396648015
6755 3.259789830029338 -0.07036078140161083 -0.05591409670932306
6756 3.264365079200056 0.01083704453334982 0.03286046619162773
6757 3.257182539600276 0.009498798477950626 0.1813486041985496
6758 3.416666666668658 0.002720184140907766 0.1099455807346988
6759 3.333333333334576 0.0054403682817296 0.2198911614700851
6760 3.423849206268438 0.004058430196306957 -0.03854255727222308
6761 3.347698412534137 0.008116860392527982 -0.0770851145437586
6762 3.41209141749794 -0.07847764179405287 0.02117101783374798
6763 3.324182834993142 -0.1569552835881917 0.04234203566818352
6764 3.252607290429558 -0.07169902745701 0.0925740412975988
6765 3.32875808416386 -0.07575745765323103 0.1311165985691343
6766 3.340515872934357 0.006778614337128791 0.07140302346316324
6767 3.33594062376364 -0.07441921159783185 -0.01737153943778754
6768 5.5619983266693 -0.4495935908599235 0.2827127309879487
6769 5.623996653345193 -0.3991871817198468 0.3154254619765903
6770 5.659065691214923 -0.4420204132343952 0.09124299796338034
6771 5.579532845604164 -0.4710102066171976 0.1706214989813437
6772 5.333333333329799 -0.3333333333294819 0.2500000000001525
6773 5.416666666661602 -0.4166666666647409 0.2499999999997298
6774 5.395331660005692 -0.2829269241894053 0.2827127309887942
6775 5.540663320013389 -0.3158538483845877 0.315425461977013
6776 5.641531172280057 -0.420603797477121 0.2033342299699853
6777 5.478664993337495 -0.3662602575246643 0.2827127309883715
6778 5.49619951227236 -0.3876768732819386 0.1706214989817664
6779 5.558197838948255 -0.337270464141862 0.2033342299704081
6780 5.479168863254631 0.09681279277508946 -0.3760368537588353
6781 5.458337726509434 0.1936255855506946 -0.2520737075176706
6782 5.458337726510504 0.2769589188841132 -0.2520737075176706
6783 5.479168863256769 0.2634794594419267 -0.3760368537588353
6784 5.333333333337275 0.2058966016707889 -0.3725632683385992
6785 5.416666666668551 0.1029483008351366 -0.4362816341692995
6786 5.312502196592079 0.302709394446394 -0.2486001220974345
6787 5.375004393178159 0.2965738863863469 -0.1883553416869702
6788 5.479168863255699 0.1801461261085081 -0.3760368537588352
6789 5.395835529923355 0.1997610936107417 -0.3123184879281349
6790 5.416666666669618 0.1862816341685552 -0.4362816341692995
6791 5.395835529924424 0.2830944269441604 -0.3123184879281348
6792 6.099631361145864 0.2736688787177249 0.145086830772025
6793 6.125811350770446 0.2938552012709176 0.03681293212002947
6794 6.17981591063046 0.3054349508559929 0.1766793186190999
6795 6.282792019355563 0.2939728460816872 0.09222574214429699
6796 6.202607469870967 0.2622067739434192 0.06063325429722209
6797 4.860850121012697 0.3440352193308608 -0.2714554781377963
6798 4.930425060511205 0.4220176096654304 -0.2607277390692448
6799 5.000000000005011 0.4166666666705985 -0.208333333331318
6800 5.00000000000031 0.3333333333411969 -0.1666666666619427
6801 4.930425060501802 0.2553509430066273 -0.1773944057304942
6802 4.860850121007996 0.2607018860014592 -0.229788811468421
6803 5.000000000002073 0.2500000000038163 -0.3749999999975225
6804 4.999999999998841 0.2500000000078058 -0.249999999995045
6805 5.000000000006775 0.3333333333332179 -0.4166666666668978
6806 5.000000000008243 0.416666666666609 -0.3333333333337956
6807 4.930425060506504 0.3386842763360288 -0.2190610723998695
6808 4.930425060509736 0.3386842763320393 -0.3440610724023471
6809 4.930425060505034 0.2553509430026378 -0.3023944057329718
6810 5.000000000003542 0.3333333333372074 -0.2916666666644203
6811 4.099495629241662 -0.22514997808496 -0.1783905614025894
6812 4.169094645873773 -0.3011287267135194 -0.2465932360165794
6813 4.079564554161653 -0.4590358251140262 -0.1882653035442126
6814 4.089530091701658 -0.3420929015994931 -0.141661265806848
6815 4.089530091701657 -0.3420929015994931 -0.224994599139954
6816 1.759337895546331 -0.2836851009602464 0.4208398459915144
6817 1.748800088979334 -0.1979747611128715 0.4221496419913077
6818 1.825508188274407 -0.1581762808435488 0.4489729586607341
6819 1.912754094136477 -0.2040881404216012 0.474486479330367
6820 1.923291900703474 -0.2897984802689761 0.4731766833305737
6821 1.846583801408401 -0.3295969605382987 0.4463533666611473
6822 1.756625234035016 -0.2897984802651234 0.3065100166598629
6823 1.763250468074172 -0.3295969605363724 0.3630200333257919
6824 1.74608742746802 -0.2040881404177485 0.3078198126596563
6825 1.742174854940179 -0.1581762808416225 0.3656396253253786
6826 1.836045994841404 -0.2438866206909238 0.4476631626609406
6827 1.752712661507175 -0.2438866206889974 0.3643298293255853
6828 1.839958567369245 -0.2897984802670497 0.3898433499952183
6829 1.829420760802248 -0.2040881404196748 0.3911531459950117
6830 5.583333333330764 -0.1862816341691651 -0.4362816341693647
6831 5.749999999996403 -0.2696149675024421 -0.4362816341693646
6832 6.612619924352281 -0.1407848976244096 -0.2911047046628273
6833 6.677931411116511 -0.02986143435751075 -0.3420428715725176
6834 6.573325042507401 -0.09039585752308166 -0.1876872504491793
6835 6.560316740047726 -0.1710521092071951 -0.2139268941011582
6836 6.625628226811955 -0.06012864594029621 -0.2648650610108485
6837 6.701518785146702 -0.1729281749825439 -0.3273094496052468
6838 6.649215600842148 -0.2031953865653293 -0.2501316390435776
6839 5.325652784357869 0.08974561820051913 -0.02252341640979481
6840 5.412826392178848 0.04487280910013065 -0.01126170820524118
6841 5.42626253790302 0.01966186178176223 0.1798651421031782
6842 5.463131268951424 0.009830930890752203 0.08993257105124532
6843 5.391995255433652 0.1416856018756498 -0.05396522863051394
6844 5.375957661130444 0.05470373999114068 0.0786708628466917
6845 5.442300132206228 0.1066437236662714 0.04722905062597258
6846 3.750000000012032 0.3529483008353217 -0.4362816341695633
6847 3.916666666679335 0.3529483008353217 -0.4362816341695634
6848 6.341157242422448 -0.1909770955038193 -0.3346832532555403
6849 6.44423284000525 -0.2213427281975639 -0.2874248955043387
6850 6.425529883326804 -0.2993167013896049 -0.4510505322187986
6851 6.351059766656745 -0.3486334027787765 -0.4021010644375973
6852 6.515769479193925 -0.250569453630725 -0.4133888459177124
6853 6.531538958390988 -0.2511389072610167 -0.3267776918354248
6854 6.353993244138129 -0.2700899759564438 -0.325086581805425
6855 6.338223764941064 -0.269520522326152 -0.4116977358877126
6856 6.441299362523866 -0.2998861550198967 -0.364439378136511
6857 6.428463360808186 -0.2207732745672721 -0.3740360495866263
6858 3.623996653342852 -0.399187181719572 0.3987587953102419
6859 3.56199832666688 -0.449593590859786 0.4493793976551209
6860 3.790663320009061 -0.399187181719572 0.3987587953102419
6861 3.895331659999299 -0.449593590859786 0.4493793976551209
6862 3.728664993335061 -0.3662602575264239 0.4493793976551209
6863 3.561998326668852 -0.3662602575264239 0.4493793976551209
6864 3.728664993333089 -0.4495935908597859 0.4493793976551209
6865 4.345982707315409 0.07696534408665071 -0.2254618739634351
6866 4.441965414627751 0.1539306881732455 -0.2344173969793798
6867 4.345982707318299 0.1799136449219741 -0.2562413911504275
6868 4.39010927321613 0.1499974247006701 -0.153293090314401
6869 4.29412656590668 0.1759803814493987 -0.1751170844854487
6870 3.333333333315063 -0.249999999971915 -0.3333333333117639
6871 3.416666666655943 -0.2499999999859143 -0.4166666666558819
6872 3.249999999991144 -0.1666666666524952 -0.4166666666558819
6873 3.333333333323287 -0.1613821221138179 -0.3794928469243064
6874 3.627459899244941 0.4063654139475493 -1.046144652387208e-12
6875 3.754919798475313 0.3127308278950985 -7.17167066473697e-13
6876 3.666666666682816 0.2892299349937537 -0.2892299350047178
6877 3.583333333353842 0.2696149674815426 -0.2696149675007454
6878 3.666666666679383 0.3725632683373098 -0.2058966016729185
6879 3.583333333346975 0.4362816341686549 -0.1029483008371468
6880 3.627459899248374 0.3230320806039931 -0.08333333333284547
6881 3.583333333350408 0.3529483008250987 -0.1862816341689461
6882 3.710793232580781 0.2593137147726481 -0.1862816341686171
6883 3.710793232577347 0.3426470481162042 -0.1029483008368178
6884 5.353703013959139 -0.02331727696235726 0.1713701304341569
6885 5.318012221063659 -0.07612734659748677 0.07294254771320281
6886 5.267707344291084 -0.04108546838810834 -0.02825173154328369
6887 5.253093260413987 0.04676647945639963 -0.03101842807881606
6888 5.303398137186563 0.01172460124702119 0.07017585117767043
6889 5.340266868234965 0.001893670356011155 -0.01975671987426243
6890 5.390571745007541 -0.03314820785336728 0.08143755938222409
6891 6.515769479194468 -0.08390278696434243 -0.4133888459177124
6892 6.531538958391259 -0.1678055739278254 -0.3267776918354248
6893 6.709336679980104 -0.232092128644094 -0.3991871817202636
6894 6.604668339988889 -0.1160460643224767 -0.4495935908601318
6895 6.515769479194195 -0.1672361202975337 -0.4133888459177124
6896 6.620437819185681 -0.1999488512859597 -0.3629824367778442
6897 6.604668339988618 -0.199379397655668 -0.4495935908601318
6898 6.620437819185409 -0.283282184619151 -0.3629824367778441
6899 6.129152130499709 0.3674211095812894 0.2004996407959636
6900 6.075147570639696 0.3558413599962141 0.06063325429689312
6901 5.333333333326967 -0.4570677252400597 0.4570677252399054
6902 5.416666666660186 -0.4785338626200298 0.4785338626199527
6903 5.083333333325974 -0.4785338626200298 0.4785338626199527
6904 5.16666666665986 -0.4570677252400597 0.4570677252399053
6905 5.416666666660187 -0.4785338626200298 0.311867195952824
6906 5.333333333326967 -0.4570677252400597 0.3737343919063409
6907 5.249999999993081 -0.4785338626200298 0.4785338626199527
6908 5.416666666660186 -0.4785338626200298 0.3952005292863883
6909 5.24999999999308 -0.4785338626200298 0.3952005292863883
6910 6.166666666667921 0.3725632683377363 -0.2892299350052873
6911 6.083333333335348 0.4362816341688681 -0.2696149675029903
6912 6.383997113464547 0.4380138412747034 -0.1904869888444509
6913 6.267994226929787 0.3760276825494069 -0.1309739776882085
6914 6.416666666666369 0.4362816341688682 -0.2696149675029903
6915 6.33333333333343 0.3725632683377363 -0.2892299350052873
6916 6.133997113466099 0.3742954754435717 -0.2101019563467479
6917 6.300663780131608 0.3742954754435717 -0.2101019563467479
6918 6.217330446799037 0.4380138412747034 -0.1904869888444509
6919 6.250000000000858 0.4362816341688681 -0.2696149675029903
6920 6.296944142513075 -0.4035995695497279 0.2466893357883403
6921 6.855788124825326 0.1710951950723903 0.4509591223997194
6922 6.927894062410836 0.2105475975359353 0.4754795611998597
6923 6.761227395744923 0.04388093086968266 0.2864837951633249
6924 6.772454791492368 0.08776186173926397 0.3564612393814519
6925 6.844560729077879 0.127214264202809 0.3809816781815923
6926 6.848676023449542 0.2047360518200109 0.3349066788892277
6927 6.765342690116587 0.1214027184868846 0.2404087958709603
6928 6.463610809180182 -0.403599569549728 0.4133560024554691
6929 6.427221618364317 -0.3071991390994559 0.326712004910938
6930 6.496707438293791 -0.2538463519847469 0.2523668275434693
6931 6.602582449039128 -0.2968939953203099 0.2646656477205315
6932 6.533096629109655 -0.3502467824350189 0.3390108250880003
6933 6.463610809180182 -0.4035995695497279 0.3300226691219047
6934 6.533096629109655 -0.3502467824350189 0.2556774917544359
6935 6.583754028285115 -0.1601814028577067 -0.1338713815169086
6936 2.906406953771506 0.1930331956188054 -0.1095991649751306
6937 2.784205869063058 0.2361324800701513 -0.1079346466559161
6938 7.560884785686261 -0.2281672994840798 0.3925720880685809
6939 7.621769571374032 -0.2063345989675527 0.2851441761371617
6940 7.499999999998553 -0.3333333333337379 0.4166666666664357
6941 7.499999999998617 -0.4166666666668689 0.3333333333328714
6942 7.560884785686325 -0.3115006328172107 0.3092387547350166
6943 7.655969835691938 -0.2678889728715523 0.3672229777694999
6944 7.595085050004229 -0.3730550067212104 0.3913175563673547
6945 6.016659422034434 -0.07981076349888797 0.24999999999914
6946 6.008329711013044 -0.1649053817464453 0.249999999998807
6947 5.999999999993349 -0.2499999999961174 0.333333333332316
6948 5.999999999995043 -0.249999999998232 0.416666666666158
6949 5.862489682962895 -0.1794263398532823 0.4415220456433994
6950 5.931244841479817 -0.2147131699268145 0.4707610228216996
6951 5.862489682961201 -0.1794263398511676 0.3581887123095573
6952 5.931244841476428 -0.2147131699225851 0.3040943561540156
6953 5.870819393982591 -0.09433172160361027 0.3581887123098904
6954 5.947904263519206 -0.04452393342747044 0.3040943561546816
6955 6.008329711014738 -0.16490538174856 0.333333333332649
6956 5.939574552499511 -0.1296185516771425 0.3874276894881906
6957 5.931244841478122 -0.2147131699246998 0.3874276894878576
6958 5.939574552497817 -0.1296185516750278 0.3040943561543487
6959 6.499609499002583 -0.1198678059361552 -0.1417037373351571
6960 6.41288565303809 -0.2299960060333422 -0.1219598678731139
6961 6.399877350578416 -0.3106522577174556 -0.1481995115250928
6962 6.473592894083234 -0.281180309304382 -0.194183024639115
6963 6.486601196542908 -0.2005240576202686 -0.1679433809871361
6964 6.497030182320623 -0.2703096029548937 -0.1141275120548653
6965 6.510038484780297 -0.1896533512707803 -0.08788786840288641
6966 6.083333333335349 0.4362816341688682 -0.4362816341691948
6967 6.16666666666792 0.3725632683377363 -0.3725632683383895
6968 6.33333333333316 0.2892299350042586 -0.3725632683383895
6969 6.416666666665826 0.2696149675019128 -0.4362816341691947
6970 6.416666666666369 0.4362816341688682 -0.4362816341691948
6971 6.33333333333343 0.3725632683377363 -0.3725632683383895
6972 6.250000000000587 0.3529483008353905 -0.4362816341691947
6973 6.416666666666097 0.3529483008353904 -0.4362816341691947
6974 6.250000000000817 0.4362816341688682 -0.4362816341691947
6975 7.384209136573453 0.0002291851013629734 0.2223027919496221
6976 7.336244460500088 0.0804758976043219 0.2994989305106169
6977 7.275519856283679 0.05418686513186293 0.36915031029097
6978 7.262759928140632 -0.05234887984355499 0.3616055515103281
6979 7.323484532357042 -0.02605984737109599 0.2919541717299752
6980 7.406817865690615 0.02690169423482722 0.340600574153413
6981 7.346093261474204 0.0006126617623682593 0.410251953933766
6982 4.009965537534031 -0.2163904098188003 -0.3700626289295331
6983 4.01993107507179 -0.1827808196376005 -0.2401252578590662
6984 3.921807239549702 -0.2378691705234317 -0.2741097037857507
6985 3.911841702009697 -0.3548120940379648 -0.3207137415231153
6986 4.009965537531786 -0.2997237431521336 -0.2867292955964308
6987 7.094051040224057 -0.135229735986049 0.2944980293069811
6988 7.172025520110821 -0.147057180402511 0.3242794110183337
6989 7.197545376396915 0.06601430954832489 0.3393689285796173
6990 7.106810968367103 -0.02869399101063107 0.3020427880876229
6991 7.005358853443557 -0.0411340971905499 0.4215722158652095
6992 7.010717706890425 -0.08226819438006847 0.343144431730419
6993 7.096093261473367 0.05357420336840605 0.4588983563572039
6994 7.192186522950045 0.1071484067378434 0.4177967127144078
6995 7.08333333333032 -0.05296154160701187 0.4513535975765621
6996 7.166666666663952 -0.1059230832129924 0.4027071951531243
6997 7.184785448253868 -0.04052143542709303 0.3318241697989756
6998 7.088692186777189 -0.09409563879653042 0.3729258134417716
6999 7.101452114920237 0.01244010617888749 0.3804705722224133
7000 7.179426594806999 0.0006126617624255468 0.410251953933766
7001 5.979168863250409 -0.2093701870921523 -0.4301461261088751
7002 5.95833772650408 -0.1687403741839579 -0.3602922522177502
7003 6.07136541324706 -0.2586868884813528 -0.3811966583276737
7004 5.97916886324974 -0.2927035204253701 -0.3468127927757729
7005 3.843298870871543 -0.04972374315222014 0.1076082717010938
7006 3.936597741740546 -0.09944748630431036 -0.001289807543752769
7007 3.733630215869038 -0.09095855508959896 0.1610453018169103
7008 3.717260431735538 -0.181917110179068 0.1055842526878804
7009 3.77111999448542 0.0005003751475225123 0.07312436493190339
7010 3.792239988968301 0.001000750295174948 -0.07025762108213356
7011 3.864418865354423 -0.0492233680045677 -0.03577371431294316
7012 3.826929086738041 -0.1406822982416892 0.05214722257206382
7013 3.754750210351919 -0.09045817994194653 0.01766331580287343
7014 2.337327098684906 -0.1078539293222973 -0.2533940872794759
7015 2.29366354934072 -0.2083494159143271 -0.2811194948937125
7016 2.460330216008346 -0.1691194809099161 -0.4085562265550798
7017 2.420660432018719 -0.08823896182009174 -0.3171124531101596
7018 2.460330216005583 -0.3357861475767558 -0.2418895598888753
7019 2.420660432017338 -0.1715722951535116 -0.2337791197770573
7020 2.376996882674533 -0.1887344484121216 -0.3448378607243961
7021 2.376996882673151 -0.2720677817455415 -0.2615045273912938
7022 2.460330216006965 -0.2524528142433359 -0.3252228932219775
7023 6.385558793038783 0.2734552362444524 0.3229687987271442
7024 6.457112566102493 0.1981296999095688 0.2977994044890431
7025 6.431141911519798 0.1869988824193053 0.09087667008338851
7026 6.479904125343001 0.1549015229969952 0.1817533401671652
7027 6.37288516539554 0.1713573561311191 0.263621934742017
7028 6.395676724636048 0.1281291792185455 0.1475758704201391
7029 6.408350352279289 0.2302270593318789 0.2069227344052663
7030 7.12414489331081 -0.1408847903012334 -0.2190070225713522
7031 7.218957700245817 -0.09566841379924176 -0.2428598439537057
7032 7.197700864518167 -0.1817993688693282 -0.2569039230108763
7033 7.11436753118455 -0.1621844013669984 -0.3206222888416859
7034 7.0931106954569 -0.2483153564370849 -0.3346663678988565
7035 7.358416405981423 -0.1789696835973696 -0.02023368618089222
7036 7.46683281196529 -0.141433016247871 -0.04046737236151074
7037 7.416666666664973 -0.4055021169822894 -1.007978288143624e-12
7038 7.333333333331263 -0.3110042339645788 -6.408412768804334e-13
7039 7.419141010197842 -0.1334734090822788 0.02813519828207477
7040 7.394057937547684 -0.265507959449488 0.04836888446232615
7041 7.44174973931513 -0.2734675666150802 -0.02023368618125936
7042 6.16666666666725 0.2892299350042875 -0.3725632683383895
7043 6.083333333334005 0.2696149675019706 -0.4362816341691947
7044 6.255835417491796 0.2415117751400158 -0.366596204188684
7045 6.261670834983098 0.1741786477734271 -0.4243475058697838
7046 6.172502084158553 0.2218968076376988 -0.4303145700194893
7047 6.249999999999643 0.1862816341684662 -0.4362816341691947
7048 6.339168750824189 0.1385634743041945 -0.4303145700194893
7049 0.2710475983777433 0.2262062126080928 -0.2859557315555719
7050 0.1881731847572122 0.1785923102721003 -0.2655571503862533
7051 0.1571175668872642 0.2340175562901094 -0.3068477684033194
7052 5.77257010103553 0.2125053516633733 -0.03460374041479975
7053 5.85451419572451 0.2268028484048112 0.003429770108483589
7054 5.794724473063209 0.1320654172419098 -0.04567121874922109
7055 5.854863628840205 0.1891395871143898 -0.107204116211087
7056 7.621769571373711 0.2851441761371661 -0.2063345989675769
7057 7.560884785685815 0.3925720880685831 -0.2281672994841351
7058 7.727551452353175 0.392572088068583 -0.144833966151029
7059 7.560884785685813 0.3925720880685831 -0.144833966151029
7060 6.515769479193651 -0.3339027869639138 -0.4133888459177124
7061 6.620437819185137 -0.3666155179523399 -0.3629824367778441
7062 6.416666666662682 -0.4785338626200443 0.3118671959528061
7063 6.333333333329318 -0.4570677252400885 0.3737343919063052
7064 6.166666666662211 -0.4570677252400885 0.4570677252398696
7065 6.083333333328468 -0.4785338626200443 0.4785338626199348
7066 6.416666666662682 -0.4785338626200443 0.4785338626199348
7067 6.333333333329318 -0.4570677252400885 0.4570677252398695
7068 6.249999999995575 -0.4785338626200442 0.3952005292863704
7069 6.416666666662682 -0.4785338626200442 0.3952005292863704
7070 6.249999999995576 -0.4785338626200442 0.4785338626199348
7071 5.242319451026593 0.1926939190360854 -0.1254717172455319
7072 5.246159725516296 0.2507694107712632 -0.2171583098767153
7073 5.250000000004142 0.2058966016709542 -0.3401625041666424
7074 5.250000000002286 0.1029483008354674 -0.371480105825386
7075 5.246159725512584 0.04487280910028953 -0.2797935131942026
7076 5.242319451024737 0.08974561820059856 -0.1567893189042755
7077 5.079493058842703 0.2115394757748327 -0.09459504153316112
7078 5.158986117689796 0.1730789515378702 -0.06419008307375478
7079 5.083333333332406 0.2696149675100106 -0.1862816341643446
7080 5.166666666669202 0.2892299350082258 -0.2475632683361216
7081 5.24615972551444 0.1478211099357764 -0.2484759115354589
7082 5.162826392179499 0.231154443273048 -0.1558766757049382
7083 5.162826392177644 0.1282061424375611 -0.1871942773636819
7084 5.166666666667345 0.1862816341727389 -0.2788808699948653
7085 2.204631601985508 0.2810926980601194 0.3193917535144723
7086 2.095258183989179 0.2134046235404506 0.2906453140637226
7087 2.276295681380594 0.1192087542946175 0.3674659167126386
7088 2.295150350681215 0.2339947634372029 0.3578020548389302
7089 2.231875887129833 0.2403683403401009 0.2415840953530554
7090 2.322394635825541 0.1932704057171843 0.2799943966775134
7091 2.185776932684887 0.1663066889175341 0.3290556153881806
7092 2.166771378044856 0.2403823313478433 -0.1721565225331527
7093 2.208385689025924 0.2746136169272387 -0.2405007125206773
7094 2.041719022355799 0.06871701525660762 -0.367937444181876
7095 2.083438044709793 0.1374340305125277 -0.235874888363752
7096 2.125052355690861 0.1716653160919231 -0.3042190783512767
7097 2.125052355691947 0.2549986494251429 -0.3042190783512767
7098 2.041719022356886 0.1520503485898273 -0.3679374441818759
7099 5.083333333327487 -0.2696149674999452 -0.3529483008360393
7100 4.999999999993102 -0.3333333333311127 -0.3333333333335188
7101 6.872540100764984 -0.4063654139476145 -0.1666666666672583
7102 6.745080201532602 -0.3127308278952289 -0.08333333333382324
7103 6.872540100764982 -0.4063654139476145 -1.046153689324591e-12
7104 6.745080201532602 -0.3127308278952289 -7.171712625606544e-13
7105 6.705873434097876 -0.4063654139476145 -0.08333333333415223
7106 6.705873434097875 -0.4063654139476145 -1.046151376359956e-12
7107 6.872540100764982 -0.4063654139476145 -0.08333333333415223
7108 1.543608378483436 0.4253124262717982 0.3302869324791932
7109 1.626941711816841 0.4038462888918479 0.3921541284327004
7110 3.91666666668158 0.436281634168655 -0.1029483008371468
7111 3.833333333346685 0.3725632683373098 -0.2058966016729185
7112 3.960793232579546 0.4063654139475493 -0.08333333333415223
7113 3.87745989924465 0.3426470481162042 -0.1029483008368178
7114 3.91666666668158 0.436281634168655 -0.1862816341702529
7115 3.744497808331382 0.05629342235388651 0.2889628056441055
7116 3.738995616660226 0.1125868447079029 0.3614192603422707
7117 3.771335006663877 0.1162602575264284 0.2603836316190527
7118 3.792670013325215 0.2325205150529867 0.3042609122921651
7119 3.689489575445159 0.1809142153082732 0.2491981838323414
7120 3.662652377112666 0.1209473801357314 0.2777773578573942
7121 3.765832814992721 0.1725536798804448 0.3328400863172178
7122 5.500000000004104 0.3333333333331602 -0.4166666666668978
7123 5.500000000005174 0.4166666666665801 -0.3333333333337956
7124 5.416666666671759 0.3529483008353938 -0.3529483008361973
7125 5.500000000005174 0.4166666666665801 -0.4166666666668977
7126 6.383997113464547 0.4380138412747034 -0.1071536555113449
7127 3.875573322299545 -0.08233258303811512 -0.309093071397447
7128 3.937786661147908 -0.1661662915190577 -0.4045465356987235
7129 3.682961696499069 -0.1043117188902983 -0.3085936105549412
7130 3.771119994483397 -0.08283295818566697 -0.4045465356987236
7131 3.84962836316358 -0.187645052223689 -0.3085936105549412
7132 4.294126565903788 0.07303208061407526 -6.846676003924301e-13
7133 6.620437819185137 -0.3666155179523399 -0.2796491034447419
7134 4.333333333345553 0.3725632683373507 -0.2058966016727703
7135 4.416666666679367 0.4362816341686753 -0.1029483008370727
7136 4.08333333334823 0.4362816341686754 -0.2696149675032848
7137 4.166666666679984 0.3725632683373507 -0.2892299350058763
7138 4.08333333334823 0.4362816341686754 -0.1029483008370727
7139 4.166666666679984 0.3725632683373507 -0.2058966016727702
7140 4.250000000013798 0.4362816341686754 -0.1862816341701787
7141 4.250000000013798 0.4362816341686754 -0.1029483008370727
7142 4.083333333348229 0.4362816341686754 -0.1862816341701787
7143 1.499999999997538 -0.4166666666665224 0.3333333333328714
7144 1.49999999999833 -0.3333333333330447 0.4166666666664356
7145 1.333333333331858 -0.2499999999963167 0.3333333333321418
7146 1.41666666666549 -0.2499999999979418 0.4166666666660709
7147 1.499999999999121 -0.2499999999995692 0.4166666666664357
7148 1.416666666665489 -0.2499999999979441 0.3333333333325065
7149 1.416666666666281 -0.1666666666644664 0.4166666666660708
7150 1.416666666664698 -0.3333333333314195 0.3333333333325066
7151 0.08287441362053097 0.3809472356697881 -0.3537319145031143
7152 0.08287441362053097 0.3809472356697881 -0.270398581170012
7153 0.08287441362053094 0.2976139023366858 -0.3537319145031143
7154 3.750000000014277 0.436281634168655 -0.1862816341702529
7155 3.630435703466153 0.2023399961778191 0.1219666717237416
7156 3.756407700585919 0.2107181190102334 0.06098333586167671
7157 3.838253131804636 0.1460641612283886 0.07216878364838797
7158 3.794126565903587 0.07303208061412934 0.1443375672971641
7159 3.712281134684871 0.1376860383959742 0.1331521195104529
7160 3.628947801351604 0.1376860383960462 0.06098333586157691
7161 3.710793232570321 0.0730320806142013 0.07216878364828819
7162 3.631934366283738 -0.2551557643120663 0.1144386026767258
7163 3.562978084965438 -0.2374358633555955 0.1787540017946011
7164 3.566963549194618 -0.4242918884228457 0.1833744011858215
7165 3.633927098398328 -0.3485837768456914 0.1167488023723359
7166 3.564970817080028 -0.3308638758892206 0.09773086815665058
7167 3.564970817080028 -0.3308638758892206 0.1810642014902113
7168 3.566963549194619 -0.4242918884228457 0.1000410678522607
7169 4.00000000001423 0.4166666666666667 0.3333333333328714
7170 4.000000000011986 0.3333333333333335 0.4166666666664356
7171 4.083333333354504 0.3333333333163785 0.3333333333186076
7172 3.93800167333759 0.3662602575265151 0.3660460643215282
7173 1.256701356244951 -0.2071587149342093 -0.3688039009613707
7174 1.253350678121679 -0.2580018087203333 -0.338824401734536
7175 1.333333333331979 -0.2892299350041605 -0.3725632683384675
7176 1.41666666666555 -0.2696149675018638 -0.4362816341692337
7177 1.37500439317205 -0.2965738863860507 -0.188355341686779
7178 1.312502196585229 -0.302709394446254 -0.2486001220972401
7179 1.33668401145525 -0.2383868412180365 -0.4025427675653023
7180 1.3958355299188 -0.2830944269439572 -0.3123184879280064
7181 1.3158528747085 -0.2518663006601299 -0.2785796213240749
7182 4.10244422611991 0.1848177432188526 -0.2847016410041643
7183 4.176222113065824 0.2468313228624393 -0.2967732717563161
7184 4.009555446402315 0.3742680545250887 -0.09087667008492095
7185 4.019110892788155 0.2485361090501772 -0.1817533401684668
7186 4.09288877973407 0.310549688693764 -0.2771583042537246
7187 4.09288877973407 0.310549688693764 -0.1938249709206185
7188 4.009555446402315 0.3742680545250886 -0.174210003418027
7189 0.4472633648239103 -0.3957746298203366 0.07552198965017279
7190 0.3945267296488373 -0.2915492596406731 0.1510439793017207
7191 0.4472633648239104 -0.3957746298203366 0.2421886563172942
7192 0.3945267296488373 -0.2915492596406731 0.2343773126352814
7193 0.3560965953490515 -0.3678458001440128 0.1150112528812315
7194 0.4472633648239103 -0.3957746298203365 0.1588553229837334
7195 0.3560965953490516 -0.3678458001440129 0.1983445862147922
7196 0.9215864651335419 0.2293974945622204 0.1666666666664079
7197 0.9607932325681048 0.2396987472813703 0.3333333333332039
7198 1.058783271932554 0.4015427927086266 0.2327498561806165
7199 1.117566543860946 0.3030855854172532 0.2154997123619259
7200 1.000000000003664 0.41666666666684 0.3333333333328714
7201 1.000000000003166 0.33333333333368 0.4166666666664356
7202 0.960793232569101 0.4063654139476902 0.1666666666660753
7203 0.9215864651340399 0.3127308278953804 0.08333333333284355
7204 1.019576504496995 0.2245748733231568 0.232749856180949
7205 1.019576504497493 0.3079082066563167 0.1494165228473847
7206 1.058783271932056 0.3182094593754666 0.3160831895141807
7207 0.9607932325686029 0.3230320806145303 0.2499999999996396
7208 7.894218119020535 0.05923875473433298 -0.3115006328172373
7209 7.825895920804539 -0.4171551114962421 -0.3725989504256104
7210 7.912947960402269 -0.458577555748121 -0.3112994752131518
7211 7.91294796040227 -0.3752442224150188 -0.394632808546254
7212 7.912947960402269 -0.3752442224150188 -0.3112994752131518
7213 7.91294796040227 -0.2919108890819165 -0.394632808546254
7214 7.485126723176538 0.4151989335829226 0.06979943792715149
7215 7.470253446355159 0.3303978671658451 0.1395988758556781
7216 7.485126723176537 0.4151989335829226 0.1531327712607122
7217 7.556635612422582 0.3099318517703727 0.1208714360900147
7218 7.571508889243962 0.3947329181874502 0.1344053314950488
7219 4.460793232577197 0.4063654139473714 -1.046144652387208e-12
7220 4.421586465141214 0.3127308278947427 -7.17167066473697e-13
7221 4.377459899251901 0.3230320805970832 0.08333333331825087
7222 4.460793232577196 0.4063654139473713 0.08333333333251457
7223 3.167833049443791 0.2777390725021135 -0.1156851817742227
7224 3.208916524726951 0.2932919875041894 -0.2122650421413342
7225 3.042249858061869 0.4207287191666792 -0.173035107136166
7226 3.08449971611125 0.3414574383333583 -0.09607021427163857
7227 3.12558319139441 0.3570103533354343 -0.19265007463875
7228 3.125583191394409 0.3570103533354343 -0.109316741305644
7229 3.042249858061869 0.4207287191666792 -0.08970177380305989
7230 4.500000000011314 0.4166666666666379 0.3333333333328714
7231 4.500000000009446 0.3333333333332757 0.4166666666664356
7232 4.603564709270962 0.2033024485743123 0.4494955019851489
7233 4.707129418534347 0.1566048971487112 0.3989910039702978
7234 4.707129418536214 0.2399382304820733 0.3156576706367334
7235 4.603564709274697 0.3699691152410367 0.2828288353180202
7236 4.782844380023047 0.2929096974343471 0.3652572104811753
7237 4.796769253910388 0.2014085215787285 0.356871858218311
7238 4.679279670759663 0.3396072488599483 0.4157617084960263
7239 4.589639835383621 0.2948036244299309 0.4578808542480132
7240 4.60356470927283 0.2866357819076745 0.3661621686515845
7241 4.589639835385488 0.378136957763293 0.3745475209144488
7242 4.693204544648871 0.3314394063376918 0.3240430228995977
7243 4.693204544647005 0.2481060730043297 0.407376356233162
7244 7.273840588909032 0.1375655057059706 0.1718615731105734
7245 7.281060186667878 0.1491440579066257 0.2742783210910926
7246 7.288376433239158 0.3324457633101056 0.1866061047979076
7247 7.371878301386468 0.2890212820294366 0.1980022092910562
7248 7.23267630487014 0.30415436642961 0.2423716898937099
7249 7.260478044648432 0.2324384882684454 0.3095333794826609
7250 7.225456707111293 0.2925758142289548 0.1399549419131908
7251 7.246038849130739 0.2092813838671351 0.1046998835216225
7252 7.336760315036896 0.1774354547871212 0.2185127359952902
7253 7.308958575258605 0.2491513329482859 0.1513510464063393
7254 7.31617817301745 0.260729885148941 0.2537677943868585
7255 7.253258446889586 0.2208599360677903 0.2071166315021417
7256 0.960793232569101 0.4063654139476902 -0.1666666666672583
7257 0.9215864651340399 0.3127308278953804 -0.08333333333382324
7258 0.9215864651357025 0.229397494558513 -0.08333333332980115
7259 0.9607932325724262 0.2396987472739555 -0.1666666666592141
7260 0.9607932325707635 0.3230320806108229 -0.1666666666632362
7261 0.9607932325707637 0.3230320806108229 -0.08333333333013013
7262 0.9607932325691008 0.4063654139476901 -0.08333333333415223
7263 7.391944588869107 0.1087672944848175 0.2437333454148146
7264 7.329024862741242 0.06889734540366675 0.1970821825300978
7265 0.7569602083493454 0.4582065115343555 -0.1932966893861171
7266 0.6647306234334467 0.4061477364787547 -0.1585659232635048
7267 4.833333333327118 -0.3725632683375177 -0.3725632683389437
7268 4.916666666659603 -0.4362816341687589 -0.4362816341694719
7269 4.583333333329126 -0.2696149675021501 -0.4362816341694719
7270 4.66666666666188 -0.2892299350042133 -0.3725632683389437
7271 4.749999999994365 -0.3529483008354545 -0.4362816341694718
7272 4.916666666661071 -0.3529483008354834 -0.4362816341694718
7273 4.749999999995833 -0.2696149675021789 -0.4362816341694718
7274 4.403721531847567 -0.07687050383996456 0.3175850138102699
7275 5.509903424585648 0.3104270821588447 0.1861986789836045
7276 5.38565244388101 0.3617288510050948 0.09903158796457909
7277 5.47098067299984 0.1060369662193797 0.2709870654376174
7278 5.552567539145063 0.1825811397659871 0.2721764177201237
7279 5.444354152743633 0.3208647704967464 0.05237323522389261
7280 5.428316558440425 0.2338829086122373 0.1850093267010982
7281 5.487018267303046 0.1930188281038888 0.1383509739604118
7282 2.916666666675077 0.3118671959534831 0.478533862619957
7283 2.833333333342696 0.3737343919067929 0.4570677252399139
7284 2.750000000008808 0.373734391904366 0.3737343919066631
7285 2.750000000007301 0.3118671959486293 0.3118671959534554
7286 2.583333333342202 0.4166666666642976 0.4166666666667492
7287 2.666666666673998 0.3333333333285952 0.3333333333334984
7288 2.833333333341189 0.3118671959510562 0.3952005292867061
7289 2.750000000009393 0.3952005292867586 0.478533862619957
7290 2.750000000007886 0.3333333333310221 0.4166666666667492
7291 2.666666666675504 0.3952005292843317 0.3952005292867061
7292 1.083333333333027 -0.1666666666643802 0.4166666666660709
7293 1.083333333331209 -0.2499999999953265 0.3333333333288716
7294 0.1820127296928676 0.2945049022757576 0.3791516863970988
7295 0.0910063648464338 0.3972524511378788 0.4395758431985494
7296 0.1820127296928676 0.2111715689426554 0.3791516863970988
7297 0.0910063648464338 0.2305857844716743 0.4395758431985494
7298 0.3486793963599698 0.2111715689426265 0.3791516863970988
7299 0.4243396981806383 0.2305857844716165 0.4395758431985494
7300 0.257673031513536 0.3139191178047477 0.4395758431985494
7301 0.0910063648464338 0.3139191178047551 0.4395758431985494
7302 0.257673031513536 0.2305857844716454 0.4395758431985494
7303 3.92158646513648 0.07533960974496549 0.05892150059040702
7304 3.960793232567275 -0.06841702235271688 0.1178430011812022
7305 4.044126565902275 0.002307529130768184 0.1310902842391446
7306 4.000000000001226 -0.07072455148349109 0.2032590678879208
7307 3.877459899235431 0.002307529130706261 0.1310902842391832
7308 3.960793232570432 0.07303208061419128 0.1443375672971255
7309 4.08593749999287 -0.4166666666688958 0.1644113921777163
7310 4.171874999996204 -0.3333333333377916 0.07882278435612565
7311 4.252604166659946 -0.4166666666688958 0.0810780588441556
7312 4.252604166659946 -0.4166666666688958 -0.002255274489405098
7313 4.085937499992871 -0.4166666666688958 0.08107805884415559
7314 3.60466834000523 0.4495935908598483 0.1160460643208424
7315 3.709336679995891 0.3991871817196967 0.2320921286430599
7316 3.732128239235602 0.3559590048073976 0.1160460643211714
7317 3.771335006672532 0.4495935908598483 0.1160460643208424
7318 3.794126565912243 0.4063654139475493 -1.046144652387208e-12
7319 7.924449156979795 0.3037275736198843 -0.3692897153777172
7320 7.920705017473628 0.310651167042462 0.4796024147614527
7321 7.841410034947255 0.3713023340856169 0.4592048295229054
7322 7.841410034947256 0.4546356674191813 0.4592048295229054
7323 7.920705017473628 0.4773178337095906 0.4796024147614527
7324 7.920705017473628 0.3939845003760262 0.4796024147614527
7325 7.82554724005231 0.3720507518970408 0.3640077462571909
7326 7.825547240052309 0.2887174185634765 0.3640077462571909
7327 3.687786661162614 0.1867820093060413 -0.2574948365338779
7328 7.606896294552332 0.2003431097200887 -0.0532018277059442
7329 7.531138232043055 0.2229699552344281 0.07809824303913027
7330 7.617520398110479 0.2025039398389558 0.05937080327346685
7331 7.546011508864433 0.3077710216515056 0.00829880511060364
7332 7.166666666663602 0.2499999999994544 -0.3333333333337917
7333 7.083333333329975 0.2499999999994673 -0.4166666666668958
7334 7.209180338119333 0.04969864180165997 -0.3444751102240394
7335 7.10459016905784 0.1498493209005701 -0.4222375551120197
7336 7.249999999997228 0.2499999999994384 -0.4166666666668959
7337 7.271256835725094 0.1498493209005412 -0.4222375551120197
7338 7.187923502391467 0.1498493209005572 -0.3389042217789155
7339 7.219916376726975 0.3339134963936635 0.03347333353627686
7340 7.234958188362102 0.2919567481965524 -0.1082633332322054
7341 7.068291521694622 0.4586234148635915 0.05840333343400294
7342 7.136583043393235 0.417246829727183 0.116806666869381
7343 7.083333333329749 0.4166666666664805 -0.08333333333447927
7344 7.166666666663489 0.3333333333329609 -0.1666666666675834
7345 7.240498518746421 0.2506190660318438 -0.001781724855291404
7346 7.151624855028362 0.375290081530072 -0.02492999989910121
7347 7.15716518541268 0.3339523993653634 0.08155160847781273
7348 7.172206997047807 0.2919956511682523 -0.06018505829066948
7349 7.894218119020602 -0.2281672994841375 0.3925720880685809
7350 7.788436238041203 -0.2063345989675816 0.2851441761371617
7351 7.727551452353432 -0.2281672994841086 0.3925720880685809
7352 7.822636502359108 -0.2678889728715812 0.3672229777694999
7353 7.083333333329749 0.4166666666664805 -0.2500000000006914
7354 7.166666666663488 0.3333333333329609 -0.2500000000006895
7355 7.249999999997051 0.4166666666664804 -0.1666666666675853
7356 7.249999999997052 0.4166666666664804 -0.08333333333447929
7357 7.083333333329747 0.4166666666664804 -0.1666666666675853
7358 1.798528176946756 0.2380432541670662 0.08028693247916538
7359 1.714676656192287 0.2569902664912305 0.1605738649587189
7360 1.520831136749135 0.09681279277564236 -0.04270352042595015
7361 1.541662273496775 0.193625585550855 -0.08540704085121274
7362 1.627459899234738 0.07303208061458712 -5.877710160907974e-13
7363 1.75491979846798 0.1460641612287445 -4.879809130312354e-13
7364 1.691899414461153 0.2618239663281214 0.03758341205380299
7365 1.648291035982378 0.1698448733897998 -0.04270352042585036
7366 1.56443951522791 0.188791885713964 0.03758341205370321
7367 1.671068277713513 0.1650111735529088 0.08028693247906558
7368 3.498007267884205 -0.07323865413292696 0.4143564669708255
7369 3.496014535765672 -0.1464773082660258 0.328712933941651
7370 3.583333333336005 7.128557003947361e-14 0.4055021169819801
7371 3.666666666669272 -2.931913970864267e-14 0.3110042339639602
7372 3.581340601217472 -0.07323865413302755 0.3198585839528056
7373 3.499495169998754 -0.008584696351182711 0.3086731361660943
7374 3.584821235450555 0.06465395778181553 0.2998187861772489
7375 5.56199832667358 -0.1162602575267619 0.1160460643212856
7376 5.623996653347333 -0.232520515053266 0.2320921286432588
7377 5.641531172282198 -0.2539371308105402 0.1200008966366538
7378 5.639035116810399 -0.136012232416642 0.1830356115431381
7379 3.999999999995225 -0.3081157696335995 0.201176334514434
7380 3.999999999992381 -0.4040578848167997 0.2255881672568705
7381 3.916277804890727 -0.3793794344614656 0.2958459349693933
7382 3.832555609791917 -0.2587588689229311 0.3416918699394794
7383 3.790663320009061 -0.399187181719572 0.3154254619766776
7384 3.895331659999298 -0.449593590859786 0.2827127309879923
7385 3.790663320011905 -0.3032450665363718 0.2910136292342411
7386 3.895331660004987 -0.2577093604933856 0.2338890655031193
7387 3.916277804893571 -0.2834373192782653 0.2714341022269567
7388 3.811609464903333 -0.2330309101380513 0.304146833215642
7389 3.811609464900489 -0.3289730253212516 0.3285586659580785
7390 3.895331660002143 -0.3536514756765857 0.2583008982455557
7391 3.501487902125175 0.3979872911151349 0.2276500025281402
7392 3.50297580423578 0.2959745822302697 0.2053000050569733
7393 3.606156242115836 0.3475808819749833 0.1770294001832363
7394 3.606156242115836 0.3475808819749832 0.260362733516797
7395 3.501487902125174 0.3979872911151349 0.1443166691945795
7396 3.60466834000523 0.4495935908598483 0.1993793976544031
7397 6.979024146125099 -0.09531024411041859 -0.1706333789175851
7398 6.928716205874395 -0.004519321417612236 -0.1461125566461714
7399 7.023529012809402 0.04069705508437936 -0.1699653780285248
7400 7.168649759995113 -0.004877491106435407 -0.218339021682292
7401 7.009777362123059 -0.0620337222684292 -0.3983847337296663
7402 7.01955472424943 -0.124067444535827 -0.2967694674593325
7403 6.959469421872356 0.02875720042437714 -0.3738639114582526
7404 6.918938843748023 0.05751440084978563 -0.2477278229165051
7405 7.073836953060106 -0.050093867608427 -0.1944862002999385
7406 6.969246783998727 -0.03327652184302071 -0.2722486451879188
7407 7.114367531184437 -0.07885106803383549 -0.320622288841686
7408 7.064059590933735 0.01193985465897087 -0.2961014665702723
7409 3.687786661152153 0.0005003751475944638 0.0009555812830274388
7410 3.815246560386469 0.07353245576178177 0.0009555812831271923
7411 4.999999999997508 -0.08333333333128398 -0.4166666666666211
7412 4.999999999994116 -0.1666666666622242 -0.3333333333332422
7413 5.083333333327293 -0.1666666666621161 -0.3009325691612854
7414 5.166666666663861 -0.08333333333106781 -0.3518651383227075
7415 5.083333333330684 -0.0833333333311759 -0.3842659024946643
7416 5.083333333325301 -0.08333333333163426 -0.217599235825753
7417 4.999999999992125 -0.08333333333174234 -0.2499999999977098
7418 5.271547618777202 -0.1889065783239101 -0.1199383241745857
7419 5.260773809386222 -0.248875740415204 -0.2143916133414202
7420 5.416666666662923 -0.2369103864313291 -0.2718218589033067
7421 5.333333333329083 -0.2728776444689134 -0.2903333807057807
7422 5.260773809387952 -0.1459274395797112 -0.2457092150000452
7423 5.344107142720063 -0.2129084823776196 -0.1958800915389462
7424 5.333333333330813 -0.1699293436334207 -0.3216509823644056
7425 6.286096758487052 0.02342891239328602 0.3877378102060309
7426 6.338464593017752 -0.09368489812794889 0.313902908786219
7427 6.430353867429588 0.1287170166879637 0.3356109107092422
7428 6.332041395692968 0.1346298698012423 0.3985918111675425
7429 6.411242974650568 0.04684757430426736 0.487190903875281
7430 6.322485949303459 0.09369514860939414 0.4743818077505619
7431 6.509555446387186 0.04093472119098874 0.4242100034169807
7432 6.519110892776695 0.0818694423828369 0.3484200068339613
7433 6.384409230223669 0.01751605928000741 0.3247569097477305
7434 6.37485378383416 -0.02341866191184078 0.4005469063307499
7435 6.420798421040078 0.08778229549611552 0.4114009072922616
7436 6.473166255570778 -0.02933151502511938 0.3375660058724497
7437 5.128460639859723 0.2138611798764034 0.1576454447461338
7438 5.183469908198306 0.1742398035886555 0.06193016006589266
7439 5.198751432624628 0.3598479319556137 0.09236324110582736
7440 5.136101402072883 0.3066652440598825 0.1728619852661011
7441 5.284079661743458 0.1041560471698986 0.2643187185788656
7442 5.178765516632298 0.1788193016670249 0.2588397240026202
7443 5.191110670411467 0.2670438677721346 0.07714670058586001
7444 5.233774784970882 0.139197925379277 0.1631244393223791
7445 5.241415547184042 0.2320019895627561 0.1783409798423465
7446 4.916666666659603 -0.4362816341687589 -0.2696149675032674
7447 4.833333333327118 -0.3725632683375177 -0.2892299350058414
7448 4.916666666659602 -0.4362816341687588 -0.3529483008363696
7449 4.916666666661071 -0.3529483008354834 -0.3529483008363696
7450 2.429459931771874 -0.4313137512170371 -0.17769534698863
7451 2.35891986354992 -0.3626275024340742 -0.1053906939765667
7452 2.262793265105694 -0.431313751217037 -0.17769534698863
7453 2.346126598439443 -0.3675953853858227 -0.1973103144910486
7454 2.262793265105694 -0.431313751217037 -0.09436201365552398
7455 2.000000000007238 0.4166666666667823 -0.3333333333337956
7456 2.000000000006152 0.3333333333335645 -0.4166666666668978
7457 2.083333333341213 0.4362816341688781 -0.2696149675031962
7458 2.166666666674103 0.3725632683377562 -0.289229935005699
7459 2.125052355693034 0.3383319827583606 -0.2208857450181744
7460 2.041719022359058 0.3187170152562648 -0.2846041108487737
7461 2.083333333340127 0.3529483008356604 -0.3529483008362985
7462 2.564709998719975 -0.02720974993256622 -0.2605372000006275
7463 2.472850323374534 -0.01728409633141682 -0.2431029398329334
7464 2.420660432020101 -0.004905628486673047 -0.3171124531101596
7465 2.460330216011109 -0.002452814243078688 -0.4085562265550797
7466 2.512520107365543 -0.01483128208782246 -0.3345467132778536
7467 2.512520107364161 -0.09816461542124116 -0.3345467132778536
7468 2.460330216009728 -0.08578614757649738 -0.4085562265550798
7469 6.859890098292968 -0.1540798984150445 0.1087860673411564
7470 6.804945049145223 -0.07703994920747155 0.1626462091431771
7471 6.716691917347053 -0.2231041104361014 0.01830864184611974
7472 6.815763532393882 -0.2271119790293594 0.03661728369262766
7473 6.678178407289718 -0.2996598397181964 0.1846429785982664
7474 6.647899354794969 -0.2593780407805199 0.09232148929893912
7475 6.722304973188804 -0.2266277591038815 0.2568117622467951
7476 6.73615248659314 -0.1133138795518901 0.2366590565959965
7477 6.760818483246137 -0.1500720298217865 0.09047742549464843
7478 6.791097535740886 -0.190353828759463 0.1827989147939757
7479 6.746970969841801 -0.2633859093737779 0.110630131145447
7480 6.692025920694055 -0.186345960166205 0.1644902729474678
7481 6.890550559562699 -0.01952554835740969 -0.06275251440345994
7482 6.902692853501706 -0.1253226979900135 -0.003913294432162172
7483 6.936439991133899 -0.08941684597233673 0.06601694625333544
7484 6.89363723592516 -0.1181740463973677 0.178716308026654
7485 6.847747804353961 -0.04828274878244063 0.0499468473698586
7486 3.501487902132041 0.2313206244280226 -0.1056833308025799
7487 3.502975804239214 0.2126412488867136 0.03863333839161329
7488 3.501487902124665 0.1479872911049407 -0.0223499974705514
7489 3.62894780135898 0.221019371719128 -0.0223499974704516
7490 4.642619427629183 0.4494399137893124 -0.06128272088533707
7491 4.571309713821181 0.4747199568946562 -0.03064136044335609
7492 4.904643047152203 0.4747199568946562 0.1360253062237654
7493 4.809286094294693 0.4494399137893123 0.02205061244822366
7494 4.737976380486692 0.4747199568946562 0.05269197289020464
7495 4.737976380486693 0.4747199568946562 -0.03064136044335609
7496 4.904643047152202 0.4747199568946562 0.05269197289020464
7497 3.6959254250743 -0.2981773677054774 0.1494615333610212
7498 3.690960202546561 -0.3234790701424177 0.248799863163192
7499 3.623996653342852 -0.399187181719572 0.3154254619766776
7500 3.56199832666688 -0.449593590859786 0.2827127309879923
7501 3.900296882527037 -0.4242918884228457 0.1833744011858215
7502 3.800593765064537 -0.3485837768456914 0.1167488023723359
7503 3.62896187587059 -0.3738854792826316 0.2160871321745068
7504 3.795628542536799 -0.3738854792826316 0.2160871321745068
7505 3.733630215860827 -0.4242918884228456 0.1833744011858215
7506 3.728664993333089 -0.4495935908597859 0.2827127309879923
7507 4.345004168321132 0.07123034693806812 -0.4880658717006332
7508 4.422502084161553 0.0356151734689481 -0.4940329358503166
7509 4.25583541749523 0.03561517346900541 -0.4940329358503166
7510 4.255835417497474 0.1189485068023388 -0.4940329358503166
7511 3.16666666667548 0.3333333333276888 0.3333333333335105
7512 3.083333333343984 0.4166666666638444 0.4166666666667552
7513 3.083333333345741 0.4785338626200261 0.3118671959528359
7514 3.166666666678994 0.4570677252400521 0.3737343919063646
7515 3.166666666677237 0.3952005292838705 0.3952005292867197
7516 3.166666666677237 0.3952005292838705 0.3118671959531553
7517 3.08333333334574 0.4785338626200261 0.3952005292864001
7518 3.083333333343983 0.4166666666638444 0.3333333333331909
7519 6.460793232565068 0.4063654139472052 -0.1666666666672583
7520 6.421586465130831 0.3127308278944103 -0.08333333333382324
7521 6.344790346030308 0.3443792552219085 -0.1071536555110159
7522 6.460793232565067 0.4063654139472052 -0.08333333333415222
7523 3.957307645078243 -0.008288646812769127 -0.1988191680455942
7524 3.98031421649641 0.06424305865383767 -0.1276059656803334
7525 3.908545431255473 0.02380871260969154 -0.1079424979617194
7526 5.74999999999573 -0.3529483008356599 -0.4362816341693647
7527 6.157506364903126 0.1139338673628873 -0.4182119978095707
7528 6.047506477331849 0.121022214318936 -0.3543251880682579
7529 5.958337726506633 0.0854070408497607 -0.3602922522179633
7530 5.979168863252692 0.04270352042453657 -0.4301461261089816
7531 6.145835529919263 0.0427035204250593 -0.2411503600736428
7532 6.041671059839918 0.08540704085002206 -0.2657943692002939
7533 6.068337614077908 0.0783186938937119 -0.4241790619592762
7534 6.151670947411194 0.07831869389397328 -0.3296811789416068
7535 6.062502196585977 0.04270352042479793 -0.3356482430913122
7536 0.1785595533872001 0.3547152384356022 0.2276008530344954
7537 0.0910063648464338 0.3139191178047765 0.2729091765314208
7538 0.08755318854076632 0.3741294539646212 0.2046916765023816
7539 3.947752198685668 -0.1325567013378578 -0.2746091646282566
7540 5.862489682963567 -0.09609300652006258 0.4415220456433994
7541 5.93124484148116 -0.04804650326037507 0.4707610228216996
7542 5.820740246939774 -0.0395039497801612 0.3006457611099133
7543 5.910370123469263 -0.01975197489042438 0.4003228805549566
7544 5.751985088422182 -0.08755045303984871 0.2714067839316129
7545 5.772859806434078 -0.1158449814097994 0.3418449261983559
7546 5.829069957958797 -0.03774266486370889 0.2173124277764043
7547 5.92702954550731 -0.01622940505751976 0.2336562138879386
7548 5.939574552500183 -0.04628521834392278 0.3874276894881906
7549 5.918699834488285 -0.01799068997397207 0.3169895472214476
7550 5.84161496495167 -0.06779847815011189 0.3710839033766563
7551 5.849944675970693 -0.06603719323365957 0.2877505700431473
7552 3.771335006668315 0.2829269241932107 0.4493793976550924
7553 2.67109168082337 -0.2553336220084742 0.3219404722140325
7554 2.656188381625928 -0.1618864714375721 0.2957427514627796
7555 2.609093354149091 -0.2224066978152622 0.3725610745589373
7556 2.775760020815565 -0.2224066978152911 0.3725610745589373
7557 0.8320808484994464 -0.1180734972845074 -0.4686369588216218
7558 0.9160404242495626 -0.1840367486419938 -0.4843184794108109
7559 0.9160404242505591 -0.01737008197498608 -0.484318479410811
7560 0.8320808484999446 -0.0347401639510035 -0.4686369588216218
7561 1.089408447161925 -0.1215804960743971 -0.4168407462029479
7562 0.9187648599556275 -0.08684537100070903 -0.4348980922176903
7563 1.17336802291254 -0.1042104140983797 -0.4325222667921369
7564 1.086684011456857 -0.05210520704867419 -0.4662611333960685
7565 1.173368022912041 -0.1875437474318836 -0.4325222667921369
7566 1.08668401145586 -0.2187718737156819 -0.4662611333960685
7567 0.9160404242500606 -0.10070341530849 -0.484318479410811
7568 1.002724435705744 -0.1528086223581955 -0.4505796128068794
7569 1.002724435706242 -0.06947528902469161 -0.4505796128068794
7570 1.086684011456358 -0.1354385403821781 -0.4662611333960683
7571 6.736152486592624 -0.4466472128852909 0.4256548226325312
7572 1.877459899238327 0.3426470481165728 -0.1862816341697213
7573 1.916666666674027 0.4362816341689388 -0.1862816341700502
7574 7.032097095343871 -0.1120842472466398 0.0597655587361085
7575 7.149359043247028 0.006951353129337812 0.0646051919330814
7576 7.187524689558724 0.02195758006913531 -0.01875485030963004
7577 7.108428387967262 -0.08207179336704479 -0.1069545257493144
7578 6.991166440064106 -0.2011073937430224 -0.1117941589462873
7579 6.953000793752409 -0.2161136206828199 -0.02843411670357586
7580 7.070262741655566 -0.09707802030684229 -0.02359448350660295
7581 7.019954801404863 -0.006287097614035939 0.0009263387648107322
7582 6.940858499813402 -0.110316471050216 -0.08727333667487361
7583 7.05812044771656 0.00871912932576154 -0.0824337034779007
7584 7.894218119020603 -0.2281672994841374 0.1425720880678915
7585 3.578508368675035 -0.4381454273712981 -0.4040470748562176
7586 3.65701673735916 -0.3762908547425962 -0.3080941497124352
7587 3.745175035341243 -0.4381454273712981 -0.4040470748562175
7588 3.578508368675035 -0.4381454273712981 -0.3207137415231154
7589 4.419270833327023 -0.4166666666688957 -0.0855886078225112
7590 1.249999999999301 -0.2058966016709629 -0.2780653853208503
7591 1.250000000000194 -0.1029483008354685 -0.2472858681339994
7592 0.915414181832356 -0.1376884647868331 -0.4049185929908556
7593 1.082707090915382 -0.2232666836466451 -0.3568817477492784
7594 1.253350678122573 -0.1550535078848388 -0.3080448845476851
7595 1.082707090916275 -0.1203183828111508 -0.3261022305624275
7596 1.086057769038653 -0.1724235898605211 -0.3868612469761131
7597 1.086057769039547 -0.06947528902502674 -0.3560817297892622
7598 2.249999999997685 -0.2696149675019169 -0.4362816341693164
7599 2.538743750876909 -0.1485169754714613 -0.07522289322200523
7600 2.459867199453001 -0.07793770910086435 -0.1504457864436222
7601 2.552189891351024 -0.3457118011779052 -0.2593238200565694
7602 2.60437978270822 -0.1914236023558104 -0.2686476401124455
7603 2.539206767429492 -0.4063654139473528 -0.1666666666672583
7604 2.578413534865154 -0.3127308278947055 -0.08333333333382326
7605 2.551726874798442 -0.08786336270201378 -0.1678800466113163
7606 2.591396658786687 -0.252077215125258 -0.1759904867231343
7607 2.512520107362779 -0.181497948754661 -0.2512133799447513
7608 2.499536983441246 -0.2421515615241086 -0.1585562265554402
7609 4.664036010764793 0.1777924789430283 0.3097051465767895
7610 4.603564709269095 0.1199691152409505 0.4494955019851489
7611 6.191280353905716 -0.3110879827621079 -0.09186503921812378
7612 6.056398900737832 -0.2820517593936867 -0.08151408002517688
7613 6.174756301543413 -0.3303632821079142 -0.1755102386332322
7614 6.061728614800433 -0.2404167678105193 -0.1546058325233087
7615 5.064944828157504 -0.263788762390179 0.1445888497815651
7616 5.157472414075837 -0.3261336516004135 0.0643676080878739
7617 5.249999999995445 -0.3423190272051731 0.07276424426298025
7618 5.24999999999672 -0.2961595135996979 0.1613821221317778
7619 5.157472414078387 -0.2338146243894634 0.241603363825469
7620 5.064944828158779 -0.2176292487847039 0.2332067276503626
7621 4.990805747407782 -0.4004812910599815 0.2416033638246234
7622 4.981611494823476 -0.3009625821199629 0.2332067276499398
7623 5.08333333332739 -0.416666666664741 0.2499999999997298
7624 5.166666666662692 -0.3333333333294819 0.2500000000001525
7625 5.083333333326115 -0.462826180270216 0.1613821221309323
7626 5.166666666660142 -0.4256523605404321 0.0727642442625575
7627 5.157472414077112 -0.2799741379949385 0.1529854859566714
7628 5.074139080741809 -0.3633074713301975 0.1529854859562487
7629 5.074139080743085 -0.3171479577247225 0.2416033638250462
7630 5.166666666661418 -0.379492846934957 0.161382122131355
7631 7.757782490312499 0.3037275736199132 -0.4526230487108194
7632 4.999999999991179 -0.3333333333287762 -0.1666666666670339
7633 4.999999999991633 -0.4166666666643881 -0.08333333333420451
7634 4.916666666659603 -0.4362816341687589 -0.1029483008370553
7635 4.833333333327118 -0.3725632683375177 -0.2058966016727354
7636 4.916666666659148 -0.3529483008331469 -0.1862816341698846
7637 4.916666666659148 -0.3529483008331469 -0.2696149675029907
7638 4.916666666659602 -0.4362816341687588 -0.1862816341701613
7639 4.999999999991633 -0.4166666666643881 -0.1666666666673106
7640 4.705873434092035 -0.07303208061053797 -0.1666666666699959
7641 4.661746868196099 -0.1460641612265451 -0.08333333333519202
7642 4.661746868198321 -0.2490124620637937 -0.1029483008363973
7643 4.705873434096477 -0.2789286822850351 -0.2058966016724064
7644 4.705873434094256 -0.1759803814477865 -0.1862816341712011
7645 4.789206767426286 -0.1563654139434158 -0.1666666666683504
7646 4.789206767428507 -0.2593137147806643 -0.1862816341695557
7647 7.468218505915192 0.1831000061532774 0.03144708015441346
7648 7.407333720227294 0.2905279180846944 0.09294771297096127
7649 6.702088804526793 0.2381760203996559 -0.01807151352585387
7650 6.641831725941117 0.2437866779476045 -0.1144243801198117
7651 6.554383098236729 0.3329315569970354 -0.2238514978094108
7652 6.527191549118017 0.4164657784985177 -0.2369257489050521
7653 6.587448627703694 0.4108551209505691 -0.1405728823110942
7654 6.67489725540808 0.3217102419011382 -0.03114576462149515
7655 6.677878209156515 0.4285388858930974 -0.3123809315892107
7656 6.588939104577911 0.4642694429465487 -0.281190465794952
7657 6.705069758275227 0.3450046643916151 -0.2993066804935695
7658 6.643322202815334 0.2972009999435841 -0.2550419636036695
7659 6.614640176822405 0.3273208994490868 -0.127498631215453
7660 6.70357928140101 0.2915903423956355 -0.1586890970097117
7661 6.676387732282298 0.3751245638971178 -0.1717633481053529
7662 6.616130653696622 0.3807352214450664 -0.2681162146993108
7663 5.024483790510583 0.2511608520546016 0.4177869098087916
7664 5.048967581015861 0.2523217041093764 0.3355738196175833
7665 5.126877222334026 0.2158359450810077 0.3227647234928746
7666 5.180303073146913 0.1781893339978641 0.3921687175593742
7667 5.024483790507646 0.08449418538782121 0.4177869098087916
7668 5.048967581014392 0.1689883707759862 0.3355738196175833
7669 5.102393431828748 0.2146750930262329 0.4049778136840829
7670 5.10239343182728 0.1313417596928426 0.4049778136840829
7671 5.024483790509114 0.1678275187212114 0.4177869098087917
7672 1.520103963540534 -0.2297331651341801 -0.1973196478605927
7673 1.602701337322198 -0.1690279519425127 -0.2665287344448675
7674 1.561766237035617 -0.03610757958332865 -0.1119126070101725
7675 1.623532474069739 -0.07221515916708701 -0.2238252140196574
7676 1.479168863253954 -0.09681279277499598 -0.04270352042589768
7677 1.458337726506412 -0.1936255855504217 -0.0854070408511078
7678 1.416666666668025 2.95119882129017e-13 -0.07216878364950786
7679 1.333333333334556 1.605210036829631e-13 -0.1443375672983282
7680 1.457601766954606 -0.132920372358889 -0.2267849110842029
7681 1.478432903702148 -0.03610757958346324 -0.1840813906589928
7682 1.540935100288076 -0.1329203723587543 -0.1546161274353826
7683 1.395835529920484 -0.09681279277513055 -0.114872304074718
7684 7.927306379266182 0.03631920936614094 0.3008407824510809
7685 7.854612758532363 0.07263841873365699 0.3516815649028548
7686 7.894218119020602 -0.06150063281792532 0.3925720880685809
7687 7.788436238041203 -0.1230012656344755 0.2851441761371617
7688 7.821524498286782 -0.02518142345040926 0.2767462038532261
7689 7.894218119020603 -0.0615006328179253 0.3092387547350165
7690 7.821524498286783 -0.02518142345040926 0.3600795371867904
7691 7.927306379266181 0.03631920936614093 0.3841741157846452
7692 7.788436238041072 0.2018108428036018 -0.2896679323006791
7693 7.894218119020536 0.2259054214014544 -0.3948339661503396
7694 7.712885395020868 0.2555384164241791 -0.2422909810114985
7695 7.743116432980128 0.333360568642609 -0.3000800635719784
7696 7.818667276000332 0.2796329950220317 -0.3474570148611589
7697 7.727551452353239 0.2259054214014833 -0.3948339661503396
7698 7.652000609333036 0.2796329950220606 -0.347457014861159
7699 1.250000000001899 0.1023695476522638 0.4740027499141085
7700 0.6239966533493323 -0.399187181719593 0.315425461976532
7701 0.5619983266741577 -0.4495935908597964 0.2827127309879195
7702 0.6012050941086491 -0.3559590048070023 0.1993793976546877
7703 0.7286649933405585 -0.4495935908597964 0.1993793976543587
7704 2.465245958478542 0.4088692331399109 0.2049050728265285
7705 2.430491916946679 0.3177384662798217 0.1598101456537499
7706 2.500000000009025 0.4166666666667534 0.3333333333328714
7707 2.500000000007643 0.3333333333335068 0.4166666666664356
7708 2.403247631802352 0.3584628239998403 0.2376178038151668
7709 2.465245958477161 0.3255358998066642 0.2882384061600928
7710 2.438001673332834 0.3662602575266829 0.3660460643215096
7711 1.958385689025848 0.3383319827584215 -0.2208857450181345
7712 1.916666666672941 0.3529483008357212 -0.3529483008362585
7713 1.846583801407314 -0.4129302938717476 0.363020033327583
7714 1.923291900701301 -0.4564651469358738 0.306510016663445
7715 1.923291900701301 -0.4564651469358738 0.4731766833305737
7716 1.846583801407314 -0.4129302938717476 0.4463533666611473
7717 1.923291900702387 -0.373131813602425 0.3898433499970093
7718 1.923291900702387 -0.373131813602425 0.4731766833305736
7719 1.923291900701301 -0.4564651469358738 0.3898433499970093
7720 2.271335006666855 0.4495935908599295 0.3660460643215096
7721 2.104668339999495 0.4495935908599295 0.3660460643215096
7722 0.7957047242711814 -0.03323670015419591 -0.1261184906978657
7723 0.8414094485416682 -0.0664734003084866 -0.03573063044863494
7724 0.8382531317995507 0.1460641612287454 -0.07216878364929094
7725 0.7941265659001226 0.07303208061442007 -0.1443375672981937
7726 0.5807631734107045 0.05200529468560747 -0.08339051180297277
7727 0.6653815867056996 0.02600264734285112 -0.1499484313750346
7728 0.6264678976811913 0.01876859453131678 0.006997348446257984
7729 0.7567910352466731 -0.04047075296573024 0.03082728912342691
7730 0.8398312901706095 0.03979538046012938 -0.05394970704896295
7731 0.7110863109761864 -0.007234052811439563 -0.05956057112580386
7732 0.7095081526051276 0.09903472795717641 -0.07777964772613186
7733 0.7552128768756142 0.06579802780288573 0.0126082125230989
7734 0.3945267296488374 -0.2915492596406731 0.3177106459688458
7735 0.4472633648239103 -0.3957746298203365 0.4088553229844228
7736 0.3071550455084164 -0.268867093350267 0.2973130607302864
7737 0.2725199965430684 -0.3504102972395244 0.3680601525073041
7738 0.3598916806834894 -0.3730924635299304 0.3051244044122992
7739 0.4472633648239104 -0.3957746298203365 0.3255219896508584
7740 0.3598916806834894 -0.3730924635299304 0.3884577377458635
7741 0.5366366075112919 -0.02102678592829661 -0.01122172815407002
7742 0.5771284549068745 -0.120061513884957 -0.005610864077229102
7743 0.5256768996928928 -0.2085054577147482 0.07552198965083075
7744 0.4337334970833285 -0.1979146735878789 0.1510439793020497
7745 0.4851850522973102 -0.1094707297580877 0.06991112557398982
7746 0.4624789302823286 -0.1318112750620419 -0.05445903640101473
7747 0.411027375068347 -0.220255218891833 0.02667381732704509
7748 0.07549989719146902 -0.3054045036565477 0.03948926322968357
7749 0.150999794382938 -0.3608090073137883 0.07897852646074226
7750 0.07549989719146902 -0.3054045036565477 0.1228225965632442
7751 0.075499897191469 -0.3887378369901119 0.03948926322968357
7752 0.07549989719146902 -0.388737836990112 0.1228225965632443
7753 0.08755318854076632 0.3741294539646212 0.1213583431688209
7754 0.5791128507260892 0.297060850345578 0.467424124450353
7755 0.6582257014508717 0.3441217006905493 0.4348482489007059
7756 0.7191209516464347 0.08677147657160027 0.3678910474383019
7757 0.6095604758238706 0.1683857382861035 0.4339455237191509
7758 0.7457795173932096 0.2970608503455491 0.4674241244503529
7759 0.776227142490991 0.1683857382860746 0.4339455237191509
7760 0.6886733265486532 0.2154465886310748 0.4013696481695039
7761 0.3059467539167192 0.1793500033289295 -0.09472188207424717
7762 0.2701034133620012 0.1321340377032153 -0.002119874691043529
7763 0.3573983091314766 0.1298306610201695 -0.03789144966540055
7764 0.3668648067364818 0.2256540909587259 -0.0300271507266103
7765 0.2795699109670065 0.2279574676417716 0.005744424247746731
7766 7.905314368592707 -0.1495053903979357 -0.08239317109400249
7767 7.477391270881394 -0.3600058424671987 0.2150355511290805
7768 7.454782541764105 -0.2200116849343973 0.1800711022588539
7769 7.538276056569101 -0.2548398086175406 0.1909409725312257
7770 7.477391270881394 -0.3600058424671987 0.1317022177955197
7771 7.854612758532364 0.1559717520672177 0.3516815649028549
7772 7.927306379266181 0.2029858760332623 0.3008407824510809
7773 7.854612758532364 0.1559717520672177 0.4350148982364193
7774 7.927306379266181 0.2029858760332623 0.4675074491182096
7775 7.904842222578681 0.2280662515203216 0.3010719981621738
7776 7.927306379266181 0.2029858760332623 0.3841741157846453
7777 7.832148601844863 0.1810521275542769 0.2685794472803834
7778 7.832148601844863 0.1810521275542769 0.3519127806139478
7779 6.448778014249543 0.229196606392928 -0.07025908223818197
7780 6.515176330802491 0.2392969709442405 -0.1405181644759758
7781 6.404651448350214 0.1561645257790883 -0.1424278658870498
7782 6.404651448350842 0.259112826614591 -0.173207383073914
7783 7.401624855029228 0.4586234148635915 0.05840333343400294
7784 7.303249710060538 0.417246829727183 0.116806666869381
7785 7.386751578207847 0.3738223484465141 0.1282027713625295
7786 7.323831852079984 0.3339523993653633 0.08155160847781272
7787 7.416666666664354 0.4166666666664804 -0.1666666666675853
7788 7.477551452352251 0.3092387547350635 -0.2281672994841332
7789 4.873796085197318 -0.01006176951798451 0.3989910039702978
7790 4.936898042596905 -0.130030884759079 0.4494955019851489
7791 4.843068303430015 -0.1853383326683012 0.489638289526773
7792 4.921534151713254 -0.2176691663342373 0.4948191447633865
7793 4.779966346030427 -0.06536921742720667 0.4391337915119219
7794 4.795330236914078 0.02226906414795165 0.3938101487336843
7795 4.676401636765176 -0.1020049993349673 0.489638289526773
7796 4.588200818383575 -0.0510024996675696 0.4948191447633865
7797 4.770231375932066 -0.04669755142574514 0.4494955019851489
7798 4.754867485048415 -0.1343358330009035 0.4948191447633865
7799 4.858432194313666 -0.09770005109314281 0.4443146467485354
7800 4.691765527648827 -0.01436671775980898 0.4443146467485354
7801 4.936898042599843 0.03663578190747414 0.4494955019851489
7802 4.873796085198787 0.07327156381529205 0.3989910039702978
7803 4.770231375933534 0.03663578190753142 0.4494955019851489
7804 4.770231375935403 0.1199691152408932 0.4494955019851489
7805 4.168008975121973 -0.176938007357559 -0.1811307979515025
7806 4.161636029290757 -0.2193071658026894 -0.283807493673204
7807 4.175467591704991 -0.2587595682683889 -0.1439165402948779
7808 2.770511457148334 0.05055582151565247 -0.09907508511839187
7809 2.864157095713301 0.1056378097851157 -0.1032307245038138
7810 2.86469208793725 0.03032505257997573 -0.1894699461620232
7811 1.093004252713099 0.4591718787851473 0.4502930489019373
7812 1.186008505422035 0.4183437575702946 0.4005860978038746
7813 1.117566543860946 0.3030855854172532 0.2988330456954902
7814 1.058783271932554 0.4015427927086266 0.3994165228477451
7815 1.259670919379668 0.3758385454519584 0.4502930489019372
7816 1.15178752464149 0.360714671493774 0.3497095717496824
7817 1.225449938599123 0.3182094593754377 0.3994165228477451
7818 1.751282100525117 -0.2525984413383606 -0.1455580433524233
7819 1.740381041849829 -0.3415661838249853 -0.2615062518421842
7820 1.65298665544861 -0.45368928420774 -0.334969640221528
7821 1.576493327722678 -0.47684464210387 -0.2924848201111107
7822 1.587394386397966 -0.3878768996172453 -0.1765366116213497
7823 1.674788772799185 -0.2757537992344906 -0.103073223242006
7824 1.545732112906049 -0.2481691518344769 -0.09527698580509941
7825 1.653957636053227 -0.2058999253431064 -0.06244341033388089
7826 1.458337726504829 -0.3602922522172316 -0.168740374184443
7827 1.479168863250788 -0.4301461261086158 -0.2093701870925682
7828 1.534831054230761 -0.3371368943211016 -0.2112251942948604
7829 1.632155518702651 -0.3838354103163558 -0.2943398273134027
7830 1.663887714123898 -0.3647215417211153 -0.219021431731767
7831 1.643056577377939 -0.2948676678297311 -0.1783916188236418
7832 1.566563249652007 -0.3180230257258611 -0.1359067987132245
7833 1.55566219097672 -0.4069907682124858 -0.2518550072029855
7834 7.303249710060538 0.4172468297271831 0.2001400002029417
7835 7.401624855029228 0.4586234148635915 0.2250700001011244
7836 7.386751578207847 0.3738223484465141 0.2115361046960902
7837 7.401624855029226 0.4586234148635915 0.1417366667675637
7838 6.674897255408081 0.3217102419011382 0.218854235378736
7839 6.587448627703694 0.4108551209505691 0.359427117689368
7840 6.499999999998764 0.3333333333330447 0.4166666666664357
7841 6.499999999999035 0.4166666666665223 0.3333333333328714
7842 6.587448627703694 0.410855120950569 0.2760937843558036
7843 6.587448627703422 0.3275217876170914 0.359427117689368
7844 6.587448627703421 0.3275217876170914 0.2760937843558036
7845 6.499999999999034 0.4166666666665223 0.4166666666664357
7846 7.355788124826566 -0.4509591224001124 0.08776186173866002
7847 7.427894062412623 -0.4754795612000562 0.04388093086864245
7848 7.355788124826566 -0.4509591224001124 0.1710951950722207
7849 7.427894062412623 -0.4754795612000562 0.2105475975357639
7850 7.261227395745516 -0.4754795612000562 0.1272142642022031
7851 7.427894062412623 -0.4754795612000562 0.1272142642022031
7852 7.261227395745517 -0.4754795612000562 0.2105475975357638
7853 0.6046683399906172 -0.4493793976550744 -0.3662602575269558
7854 0.6046683399908754 -0.366046064321539 -0.3662602575269558
7855 0.4999999999992414 -0.4166666666664645 -0.4166666666668977
7856 3.916666666674007 0.1666666666666235 0.4055021169819801
7857 3.833333333338272 0.0833333333332468 0.3110042339639602
7858 3.960793232581841 0.1563654139305512 0.1555021169673561
7859 4.000000000016525 0.1666666666496686 0.3221687836341521
7860 3.877459899239321 0.1563654139475061 0.238835450315184
7861 7.00535885344333 0.1255325694764579 0.4215722158652095
7862 7.010717706890311 0.001065138953435421 0.343144431730419
7863 7.00535885344343 0.1255325694759893 0.3382388825304186
7864 7.101452114920221 0.09577343951192283 0.2971372388876224
7865 7.101452114920122 0.09577343951239137 0.3804705722224134
7866 7.26275992814028 0.3035742033688915 0.4588983563572039
7867 7.262759928140393 0.2202408700353849 0.4588983563572039
7868 7.096093261473026 0.3035742033689203 0.4588983563572039
7869 7.738175555911321 0.3947329181874502 0.1344053314950488
7870 7.738175555911322 0.3947329181874502 0.2177386648286095
7871 6.638971639855265 -0.3099610924373931 0.3513096452650625
7872 6.569485819926063 -0.2799805462189132 0.4256548226325312
7873 6.736152486592896 -0.363313879552102 0.4256548226325312
7874 6.56948581992579 -0.363313879552102 0.4256548226325313
7875 5.833788036862002 0.1953646262250094 -0.3547016830462564
7876 5.916894018430376 0.09768231311216093 -0.4273508415231282
7877 5.84177554301497 -0.01131861826687742 -0.4371646713019434
7878 5.920887771506861 -0.005659309133782492 -0.4685823356509716
7879 5.758669561446595 0.08636369484597105 -0.3645155128250716
7880 5.754675808370109 0.1897053170919144 -0.323284018697228
7881 5.820944406268911 0.0313849021583467 -0.367310797410925
7882 5.879225498014742 0.07974773171666576 -0.328874587868935
7883 5.896062881684316 0.140385833537385 -0.3574969676321099
7884 5.900056634760801 0.03704421129144163 -0.3987284617599533
7885 5.837781789938485 0.09202300397906597 -0.3959331771740998
7886 5.816950653192427 0.1347265244042901 -0.3260793032830815
7887 5.91869983448592 -0.1013240233050771 0.2336562138876056
7888 5.841614964949304 -0.1511318114812169 0.2877505700428143
7889 5.667121370196762 0.2786979595584853 -0.3547016830462564
7890 5.583560685099898 0.2643489797791128 -0.4273508415231282
7891 5.750227351765808 0.2643489797790839 -0.4273508415231281
7892 5.750227351765138 0.1810156464456368 -0.4273508415231281
7893 5.916894018431046 0.181015646445608 -0.4273508415231281
7894 6.275387269023605 -0.1133747353767787 -0.1784095667683513
7895 6.300774538048601 -0.2267494707536539 -0.140312782589711
7896 6.145835529918322 -0.04270352042519013 -0.2411503600735362
7897 6.041671059838038 -0.0854070408504768 -0.2657943692000808
7898 6.141862744865334 -0.09624067469524723 -0.2962954467601196
7899 6.271414483970617 -0.1669118896468358 -0.2335546534549347
7900 6.171222798943318 -0.1560782558020654 -0.2030535758948959
7901 5.563542002115401 0.06606928497363468 -0.3575457503126944
7902 5.627084004230976 0.132138569947785 -0.2150915006253887
7903 5.499999999999827 -4.297025698226283e-13 -0.3333333333335626
7904 5.499999999999826 -3.437620558581026e-13 -0.1666666666671251
7905 5.499999999998806 -0.06698104279825866 -0.4177701123669443
7906 5.499999999997785 -0.1339620855960017 -0.3355402247338886
7907 5.56354200211438 -0.0009117578241083224 -0.2753158626796386
7908 5.563542002115401 0.06606928497372061 -0.1908790836462569
7909 5.499999999998805 -0.0669810427981727 -0.2511034457005068
7910 6.217441204713973 -0.3934161374203528 -0.06814399894117215
7911 6.108720602354348 -0.4467080687101764 -0.03407199947127364
7912 5.973839149186466 -0.4176718453417552 -0.02372104027832674
7913 5.947678298378208 -0.3353436906835103 -0.04744208055527836
7914 6.082559751546091 -0.3643799140519315 -0.05779303974822526
7915 6.082559751546092 -0.3643799140519315 -0.1411263730813314
7916 5.973839149186468 -0.4176718453417552 -0.1070543736114329
7917 6.108720602354348 -0.4467080687101764 -0.1174053328043798
7918 7.904842222578683 0.2280662515203216 0.05107199816148808
7919 7.809684445157364 0.2061325030413361 0.1021439963243513
7920 7.799060341599219 0.1206383395889082 -0.01042863465505976
7921 7.799060341599218 0.203971672922469 -0.01042863465505976
7922 7.904842222578681 0.1447329181867609 0.05107199816148808
7923 5.916666666667169 0.1452005292861841 0.4785338626199303
7924 5.833333333335585 0.2904010585730557 0.4570677252398606
7925 5.666666666670345 0.3737343919065317 0.4570677252398606
7926 5.583333333336689 0.3118671959531359 0.4785338626199303
7927 5.916666666668509 0.3118671959530782 0.4785338626199303
7928 5.833333333336254 0.3737343919065028 0.4570677252398606
7929 5.750000000001929 0.22853386261966 0.4785338626199303
7930 5.750000000002599 0.3118671959531071 0.4785338626199302
7931 5.916666666667838 0.2285338626196311 0.4785338626199303
7932 3.7286649933413 -0.1162602575265393 0.2603836316190812
7933 3.707329986680062 -0.2325205150529486 0.304260912292222
7934 3.811998326673144 -0.1869848090099624 0.2471363485611002
7935 3.72827613157149 -0.1623063586546282 0.317394116273623
7936 4.325795775000846 -0.4180716502280526 -0.3765306070870463
7937 4.412897887495807 -0.4590358251140263 -0.4382653035435231
7938 4.246231220828729 -0.4590358251140264 -0.3549319702104209
7939 4.246231220828729 -0.4590358251140264 -0.4382653035435232
7940 5.790663320012298 -0.3991871817198468 0.2320921286430296
7941 5.89533166000351 -0.4495935908599234 0.1160460643208272
7942 5.825732357882028 -0.4420204132343952 0.007909664629819638
7943 5.912866178938375 -0.4710102066171976 0.003954832314222258
7944 5.728664993336404 -0.4495935908599235 0.1993793976543879
7945 5.74619951227127 -0.4710102066171976 0.08728816564778295
7946 5.808197838947162 -0.420603797477121 0.1200008966364246
7947 6.411242974651111 0.2135142409712183 0.487190903875281
7948 6.322485949303731 0.1770284819428696 0.4743818077505619
7949 6.420798421040349 0.171115628829591 0.4114009072922616
7950 6.509555446387456 0.1242680545244642 0.4242100034169807
7951 6.41124297465084 0.1301809076377428 0.487190903875281
7952 6.383353298216113 -0.3299275570632619 -0.2318447109402012
7953 6.457823414885898 -0.3639441890072792 -0.1974608453883004
7954 7.788436238041072 0.2851441761371661 -0.2063345989675769
7955 7.894218119020536 0.3925720880685831 -0.2281672994841351
7956 7.757782490312435 0.4703942402870129 -0.285956382044615
7957 7.652000609332971 0.3629663283555959 -0.2641236815280567
7958 7.727551452353175 0.3925720880685831 -0.2281672994841351
7959 7.818667276000332 0.362966328355596 -0.2641236815280567
7960 5.847540154421999 0.07434374624352137 0.4940758157964182
7961 5.923770077210375 0.03717187312141691 0.4970379078982091
7962 5.878051468429264 0.08637510443707314 0.4244552566675434
7963 5.756102936859774 0.1727502088748338 0.3489105133350867
7964 5.679873014071397 0.2099220819969383 0.3459484212332957
7965 5.72559162285251 0.1607188506812821 0.4185310724639615
7966 5.757103410547208 0.3275729316951602 0.4541056331380697
7967 5.764206821090415 0.219544275530393 0.4726096784163485
7968 5.711384801766096 0.3767761630108165 0.3815229819074039
7969 5.67276960352819 0.3179507381617055 0.327444375955017
7970 5.801821545640887 0.1235469775591776 0.4214931645657524
7971 5.84043674387879 0.1823724024082885 0.4755717705181394
7972 5.718488212309301 0.2687475068460493 0.4000270271856827
7973 5.79471813509768 0.2315756337239447 0.4029891192874736
7974 4.083333333350015 0.1666666666497119 0.4166666666521719
7975 3.916666666671762 0.0833333333332901 0.4055021169819801
7976 7.166666666664371 -0.3725632683383397 -0.2892299350052785
7977 7.083333333330867 -0.4362816341691698 -0.2696149675029859
7978 7.249999999997971 -0.4362816341691699 -0.1862816341698798
7979 7.083333333330867 -0.4362816341691699 -0.1862816341698798
7980 7.249999999997972 -0.4362816341691699 -0.2696149675029859
7981 4.819459298242323 -0.4371580301420276 0.08333333333261091
7982 4.909729649117205 -0.4685790150710137 0.04166666666561789
7983 4.743062982452237 -0.3411422834085315 -0.1642299350057424
7984 4.736125964909839 -0.3734396643107864 -0.01961496750306924
7985 4.666666666660013 -0.3725632683375177 -0.2058966016727354
7986 4.58333333332539 -0.4362816341687589 -0.1029483008370553
7987 4.743062982450098 -0.4685790150710137 0.04166666666561789
7988 4.749999999992497 -0.4362816341687588 -0.1029483008370553
7989 4.826396315784722 -0.4048606492397726 -0.06128163417006225
7990 4.659729649117614 -0.4048606492397726 -0.06128163417006226
7991 1.583333333331368 -0.2499999999976695 0.4166666666646446
7992 1.666666666663614 -0.249999999995772 0.3333333333292893
7993 1.583333333332158 -0.166666666664194 0.4166666666646446
7994 1.583333333330576 -0.3333333333311472 0.3333333333310803
7995 0.9380016733244144 -0.2827127309880614 -0.449593590860058
7996 0.8760033466491498 -0.3154254619766425 -0.399187181720116
7997 0.771335006657774 -0.2827127309880325 -0.4495935908600581
7998 0.9380016733239163 -0.3660460643215678 -0.4495935908600581
7999 1.500000000004661 0.3333333333336223 -0.4166666666668978
8000 1.500000000005452 0.4166666666668111 -0.3333333333337956
8001 1.52083113675151 0.3468127927755004 -0.2927035204257228
8002 1.422131143723917 0.3822151987210867 -0.3592438982968577
8003 0.884420107583307 0.2812385921451784 -0.1932966893817661
8004 0.8844201075816445 0.3645719254820458 -0.1932966893857881
8005 7.154995831680969 -0.4880658717005861 -0.07123034693924557
8006 7.077497915839166 -0.4940329358502931 -0.03561517347031035
8007 7.410831249173379 -0.4940329358502931 -0.2022818401365225
8008 7.321662498348076 -0.4880658717005861 -0.1545636802723516
8009 7.410831249173379 -0.4940329358502931 -0.03561517347031033
8010 7.321662498348076 -0.4880658717005861 -0.07123034693924554
8011 7.244164582506272 -0.494032935850293 -0.1189485068034164
8012 7.244164582506272 -0.494032935850293 -0.03561517347031035
8013 7.410831249173379 -0.494032935850293 -0.1189485068034164
8014 6.841563922073648 0.3217102419011382 0.05218756871161093
8015 6.920781961034828 0.4108551209505691 0.02609378435511791
8016 6.75411529436926 0.410855120950569 -0.05723954897798817
8017 6.587448627703693 0.410855120950569 -0.05723954897798817
8018 6.754115294369261 0.410855120950569 0.0260937843551179
8019 3.578508368677006 -0.354812094037936 -0.4040470748562175
8020 3.49999999999288 -0.4166666666666378 -0.4166666666668978
8021 5.868008983745756 0.1409815885408668 0.09463173430946792
8022 5.799559677078021 0.04086283193548437 0.1478001879871689
8023 5.910370123469263 -0.01975197489019519 0.06698954722116493
8024 5.820740246939774 -0.03950394978004661 0.1339790944430174
8025 5.808219261084455 0.04624415737796535 0.04553074545176321
8026 5.829399830946207 -0.03412262433756562 0.03170965190761171
8027 5.889189553607509 0.06061480682533577 0.08081064076531641
8028 0.5293300246801946 0.0676921517789074 0.3291042680512899
8029 0.5146650123407506 0.158846075889757 0.4145521340256449
8030 0.5293300246799364 -0.01564118155422706 0.3291042680512899
8031 0.5146650123402343 -0.007820590776511913 0.4145521340256449
8032 0.6095604758236125 0.08505240495296897 0.433945523719151
8033 0.6242254881630565 -0.006101519157880628 0.3484976577447959
8034 0.6242254881633147 0.07723181417525385 0.3484976577447958
8035 0.5146650123404923 0.07551274255662255 0.4145521340256448
8036 4.254919798475646 0.3127308278947427 -7.171670664736969e-13
8037 4.127459899246061 0.4063654139473714 -1.046144652387208e-12
8038 4.210793232586334 0.3230320805970831 0.08333333331825088
8039 4.294126565911628 0.4063654139473714 -1.046144652387208e-12
8040 0.7612273957492262 0.210547597537056 -0.4754795612000706
8041 0.7569602083485891 0.2915398448680645 -0.4432966893854277
8042 1.500000000001495 5.72962973362697e-13 0.1666666666662083
8043 1.500000000001495 7.162071861503231e-13 0.3333333333331041
8044 1.583333333334789 4.247747446103942e-13 0.2388354503149608
8045 1.475449938597403 0.06820945937557477 0.3049186398296019
8046 1.392116605264109 0.06820945937572298 0.2327498561808493
8047 1.674788772801206 -0.1507537992333606 0.06359344342390422
8048 1.587394386402007 -0.1378768996149853 0.1567967217104708
8049 1.479168863254829 -0.1801461261063558 0.1239631462392523
8050 1.45833772650685 -0.2352922522161016 -0.002073707518532794
8051 1.587394386397966 -0.3878768996172453 -0.009869944955137539
8052 1.674788772799185 -0.2757537992344906 -0.01973988990889996
8053 1.479168863250788 -0.4301461261086158 -0.04270352042635605
8054 1.458337726504829 -0.3602922522172316 -0.08540704085133698
8055 1.499999999998767 -0.3749999999988701 0.08333333333142905
8056 1.500000000000788 -0.24999999999774 0.1666666666642332
8057 1.566563249654028 -0.1930230257247311 0.03075986795268571
8058 1.587394386399986 -0.2628768996161154 0.07346338837766661
8059 1.566563249652007 -0.3180230257258611 -0.05257346538011846
8060 1.479168863252808 -0.3051461261074858 0.04062981290644813
8061 6.450364246786754 0.1428176259480875 -0.05381586893265891
8062 6.518348795876914 0.06653901005455963 -0.1076317378649296
8063 6.362111114988097 -0.00324653527959173 -0.1981534362303946
8064 6.474222229977586 -0.006493070559279995 -0.1798005215137975
8065 6.414899059903005 0.08394792274732768 0.002883331404091638
8066 6.370772494003676 0.01091584213348806 -0.06928545224477621
8067 6.406237680887426 0.06978554533424788 -0.1259846525815267
8068 4.261670834988175 0.0712303469381499 0.3935679886824864
8069 4.255835417495621 0.0356151734691029 0.3050371698141555
8070 4.255835417518441 0.2022818401018226 0.3273662691546164
8071 4.261670834999584 0.1545636802545098 0.4047325383527169
8072 4.422502084161559 0.03561517346895102 0.4940329358502725
8073 4.345004168321143 0.07123034693807395 0.4880658717005449
8074 4.255835417507031 0.1189485067854628 0.316201719484386
8075 4.339168750828589 0.03561517346902697 0.399535052832214
8076 4.33916875084 0.1189485067853868 0.4106996025024444
8077 3.034365752314435 -0.1662681866361768 0.2788527336865038
8078 3.142182876157465 -0.0790538171068127 0.3043447379459877
8079 3.331340601216044 -0.0677982858513406 0.3009142951078065
8080 3.412681202431591 -0.1437571241252326 0.2719918480101415
8081 3.304864078588561 -0.2309714936545968 0.2464998437506577
8082 3.115706353529982 -0.2422270249100688 0.2499302865888388
8083 3.322190102874609 -0.2301939377212619 0.1233651693059049
8084 3.408105953260874 -0.2249549500601933 0.1832172851091907
8085 3.223523477373012 -0.1550126553807047 0.2754222908483226
8086 3.137607626986747 -0.1602516430417733 0.2155701750450368
8087 3.218948228202295 -0.2362104813156654 0.1866477279473718
8088 3.326765352045326 -0.1489961117863012 0.2121397322068557
8089 0.5292255828008209 -0.2841612394458298 -0.3317750965173064
8090 0.5292255828005628 -0.3674945727793653 -0.2484417631842041
8091 3.501487902128607 0.3146539577715788 -0.0223499974707806
8092 3.628947801355547 0.3043527050626842 0.06098333586134773
8093 0.2409098199335774 0.1030703206209535 -0.4531158539002052
8094 6.824844673373079 -0.1544479767417862 0.2527291554794733
8095 0.4459782848630758 0.2681913036610025 -0.06805216056324563
8096 3.815461572564926 0.1892923381406876 0.1882148479702765
8097 3.85466833999961 0.1995935908598051 0.3548815146370726
8098 4.474109730355362 -0.3204076743465185 0.2408324603230924
8099 4.487054865173065 -0.4102038371732593 0.2454162301611997
8100 4.576396315782993 -0.4685790150710138 0.2083333333327393
8101 4.652792631575217 -0.4371580301420275 0.1666666666661716
8102 4.738732191479557 -0.3918663043781605 0.2998123032507771
8103 4.733960569423498 -0.3988016747956009 0.2124061516251905
8104 4.662335875687333 -0.4232872893071468 0.3414789699173448
8105 4.581167937839051 -0.4616436446535733 0.2957394849583259
8106 4.64939074086963 -0.333491126480406 0.3368952000792375
8107 4.555277668203644 -0.2820513190000918 0.2865719452821112
8108 4.56345118096529 -0.378782852244273 0.203749563494632
8109 4.644619118813571 -0.3404264968978464 0.2494890484536509
8110 4.657564253631275 -0.4302226597245872 0.2540728182917582
8111 4.568222803021348 -0.3718474818268326 0.2911557151202185
8112 4.909729649116296 -0.30191234839979 -0.1250000000000409
8113 4.819459298241869 -0.3538246968064157 -2.18478013458423e-13
8114 4.810265045658017 -0.337639321202009 0.158270030491488
8115 4.891341143948594 -0.2695415971909767 0.1915400609833721
8116 4.900535396532446 -0.2857269727953833 0.03327003049166563
8117 4.773075497302258 -0.2754257200785126 0.116603363824824
8118 4.78226974988611 -0.2916110956829193 -0.04166666666688253
8119 5.666666666662824 -0.2728776444690613 -0.2903333807056736
8120 5.583333333329794 -0.2369103864314029 -0.2718218589032532
8121 5.587554438172202 -0.1396213947291539 -0.3041225603848602
8122 5.675108876347641 -0.07829966106456314 -0.3549347836688875
8123 5.670887771505233 -0.1755886527668122 -0.3226340821872805
8124 5.583333333330815 -0.1699293436336599 -0.3540517465363089
8125 5.587554438173223 -0.07264035193141088 -0.3863524480179159
8126 6.999999999996122 0.4166666666664933 0.4166666666664356
8127 6.586150909948719 -0.143298316830642 0.1521914527704056
8128 6.632095547154634 -0.03209735942268564 0.1630454537319172
8129 3.895331660001543 -0.3662602575264527 0.4493793976551209
8130 3.490922770778105 -0.1707787746793524 -0.2424127084122116
8131 3.495461385390422 -0.08538938733959026 -0.3712063542061058
8132 3.423849206268438 0.004058430196364263 -0.3718758906050981
8133 3.347698412534136 0.008116860392556635 -0.2437517812101961
8134 3.34315979792182 -0.07727252694720549 -0.1149581354163019
8135 3.414771977043804 -0.16672034448316 -0.1142885990173097
8136 3.495461385390422 -0.08538938733964754 -0.03787302087323085
8137 3.490922770778105 -0.170778774679381 -0.07574604174577414
8138 3.419310591656121 -0.08133095714339789 -0.2430822448112039
8139 3.495461385390422 -0.0853893873396189 -0.2045396875396683
8140 3.419310591656121 -0.08133095714342652 -0.07641557814476636
8141 3.423849206268438 0.004058430196335609 -0.2052092239386606
8142 4.144211875172256 -0.08776186173967189 0.4509591223999371
8143 4.072105937587631 -0.04388093086983594 0.4754795611999685
8144 4.155439270920986 -0.04388093086981731 0.38098167818191
8145 4.083333333334116 -0.08333333333331475 0.4055021169819415
8146 4.072105937585386 -0.1272142642031693 0.4754795611999685
8147 3.82232894999596 0.1959201780412797 0.4559171433602907
8148 3.911164475002851 0.2229600890206399 0.4779585716801453
8149 3.849166148328455 0.2558870132138216 0.4273379693352378
8150 3.744497808335821 0.2229600890206688 0.4779585716801454
8151 5.375004393176303 0.19362558555086 -0.2196729433457138
8152 5.312502196588366 0.09681279277542024 -0.3112353254149217
8153 5.308661922100519 0.1416856018757293 -0.1882311311249946
8154 5.308661922102376 0.2446339027112162 -0.156913529466251
8155 5.312502196590223 0.1997610936109071 -0.2799177237561781
8156 0.3188664278289434 -0.06096347516946096 0.2572864891673952
8157 0.2959427611841224 0.0653969391220877 0.2880070093815217
8158 0.1820127296928676 0.1278382356095493 0.2958183530635345
8159 0.0910063648464338 0.06391911780546222 0.2729091765314208
8160 0.09100636484643379 0.06391911780546221 0.4395758431985494
8161 0.1820127296928676 0.1278382356095493 0.3791516863970988
8162 0.2049363963376886 0.00147782131800063 0.265097832849408
8163 0.2049363963376886 0.001477821318000623 0.3484311661829723
8164 0.1139300314912548 -0.06244129648608647 0.3255219896508585
8165 0.0910063648464338 0.06391911780546222 0.3562425098649851
8166 2.661746868199081 -0.2490124620634778 -0.1029483008362797
8167 2.705873434097344 -0.2789286822848974 -0.2058966016721712
8168 2.666666666661681 -0.3725632683375447 -0.2058966016725003
8169 2.583333333327754 -0.4362816341687723 -0.1029483008369377
8170 2.583333333327754 -0.4362816341687724 -0.2696149675031498
8171 2.666666666661681 -0.3725632683375447 -0.2892299350056063
8172 2.622540100763417 -0.342647048116125 -0.1029483008366087
8173 2.622540100763417 -0.3426470481161251 -0.1862816341697148
8174 2.539206767429491 -0.4063654139473528 -0.08333333333415224
8175 2.583333333327754 -0.4362816341687723 -0.1862816341700438
8176 2.916666666660115 -0.4362816341687724 -0.1029483008369377
8177 2.833333333327861 -0.3725632683375447 -0.2058966016725002
8178 2.916666666660115 -0.4362816341687723 -0.1862816341700437
8179 2.749999999993935 -0.4362816341687723 -0.1862816341700437
8180 2.749999999993935 -0.4362816341687723 -0.1029483008369377
8181 6.209336679983635 0.3158538483861086 0.3987587953101636
8182 6.104668339992198 0.2829269241928811 0.4493793976550817
8183 6.104668339993542 0.4495935908597787 0.4493793976550818
8184 6.209336679984306 0.3991871817195575 0.3987587953101636
8185 6.104668339993542 0.4495935908597787 0.2827127309879531
8186 6.209336679984306 0.3991871817195575 0.3154254619765992
8187 6.000000000002106 0.4166666666665512 0.3333333333328714
8188 6.000000000001434 0.3333333333331024 0.4166666666664356
8189 6.10466833999287 0.3662602575263298 0.4493793976550818
8190 6.104668339992871 0.36626025752633 0.3660460643215174
8191 6.104668339993541 0.4495935908597787 0.3660460643215174
8192 6.000000000002105 0.4166666666665512 0.4166666666664356
8193 7.093110695457013 -0.3316486897702448 -0.2513330345657543
8194 7.00977736212351 -0.3953670556010749 -0.1483847337303557
8195 2.561998326669489 -0.4495935908597921 0.4493793976550952
8196 2.62399665334515 -0.3991871817195842 0.3987587953101903
8197 2.728664993335669 -0.4495935908597921 0.449379397655095
8198 2.561998326670871 -0.3662602575263722 0.449379397655095
8199 3.000000000005419 0.2083333333309258 0.416666666669136
8200 3.00000000000338 0.1666666666616782 0.3333333333382719
8201 3.000000000010811 0.4166666666667245 0.3333333333328714
8202 3.000000000009134 0.3333333333334489 0.4166666666664356
8203 2.916666666671531 0.2083333333284989 0.3333333333358852
8204 3.000000000007095 0.2916666666642014 0.3333333333355716
8205 2.916666666675246 0.3333333333310221 0.3333333333331849
8206 7.416666666664973 -0.4055021169822894 -0.1666666666672201
8207 7.333333333331263 -0.3110042339645788 -0.08333333333374691
8208 7.24416458250596 -0.3050371698148718 -0.03561517346957606
8209 7.238329165014366 -0.3935679886828755 -0.07123034693887841
8210 7.327497915839668 -0.3995350528325824 -0.1189485068030493
8211 7.327497915839669 -0.3995350528325824 -0.0356151734699432
8212 7.416666666664972 -0.4055021169822894 -0.08333333333411407
8213 2.958916524726304 0.3373953858309767 0.07696489286392041
8214 2.836715440017857 0.3804946702823227 0.07862941118313493
8215 7.261227395745516 -0.4754795612000562 0.04388093086864243
8216 1.841455439465366 -0.2757537992344906 -0.103073223242006
8217 1.920727719730327 -0.3878768996172453 -0.1765366116213497
8218 1.895099570364812 -0.3694409129169485 -0.278579273676843
8219 1.790199140734337 -0.2388818258338969 -0.3071585473529926
8220 1.710926860469376 -0.1267587254511422 -0.233695158973649
8221 1.73655500983489 -0.145194712151439 -0.1316524969181557
8222 1.895099570366985 -0.2027742462500508 -0.4452459403430474
8223 1.790199140735424 -0.1555484925004481 -0.3904918806860949
8224 1.815827290099851 -0.2573178125341938 -0.2051158852974994
8225 1.920727719731413 -0.3045435662837965 -0.2598699449544519
8226 1.815827290100938 -0.1739844792007449 -0.2884492186306015
8227 1.895099570365899 -0.2861075795834996 -0.3619126070099452
8228 2.58333333334082 0.3333333333310509 0.4166666666667492
8229 1.742174854942017 -0.07484294751033597 0.3544750756425908
8230 1.746087427471696 -0.03742147375517541 0.2854907132940805
8231 1.749999999999537 -0.0833333333313014 0.2276709006283581
8232 1.749999999997699 -0.1666666666625879 0.2388354503111459
8233 1.579420760805109 -0.03742147375459254 0.474486479330367
8234 1.658841521608723 -0.07484294751004453 0.4489729586607341
8235 1.746087427469858 -0.1207548070864619 0.2966552629768684
8236 1.662754094136564 -0.1207548070861705 0.3911531459950117
8237 1.666666666666244 -0.08333333333100994 0.3221687836465013
8238 1.662754094138403 -0.03742147375488397 0.3799885963122238
8239 1.416666666663907 -0.4166666666648971 0.1666666666653815
8240 1.743228012633665 0.3049927720344198 0.1261684917969798
8241 0.2265729974692276 0.06777999859980972 -0.2094043302363571
8242 0.2304165351382554 0.07634903533865542 -0.05946109877209848
8243 0.07808669093576109 0.02830602402675045 -0.1365059557697422
8244 0.1561733818715222 0.05661204805212578 -0.02301191153879104
8245 0.2662598756929734 0.1235650009643696 -0.1520631061553021
8246 0.1523298442024943 0.04804301131328008 -0.1729551430030496
8247 0.1881731847572123 0.09525897693899427 -0.2655571503862533
8248 0.1920167224262401 0.10382801367784 -0.1156139189219947
8249 3.75000000001006 0.2696149675020173 -0.4362816341695633
8250 4.1370153456319 0.28063346847246 -0.09087667008459199
8251 3.970348678965385 0.2806334684726379 -0.09087667008459199
8252 4.088253131809131 0.3127308278949207 -7.171670664736968e-13
8253 3.416161836664673 -0.005864512210389507 0.2519520502345848
8254 3.414673934550124 -0.07051846999213378 0.357635381039316
8255 1.426337586047819 0.4591718787851473 0.2836263822348086
8256 1.352675172089395 0.4183437575702946 0.3172527644703102
8257 1.469945964525011 0.3844843050569456 0.2805799813811305
8258 1.426337586047819 0.4591718787851474 0.366959715568373
8259 0.4269165534206143 0.2205526808705243 0.2532955417402407
8260 0.3499678239799578 0.2061550171420803 0.2860115356679445
8261 0.3465146476742904 0.2663653533019249 0.2177940356389053
8262 0.3370481500692851 0.1705419233633686 0.2099297367001151
8263 0.257890576142601 -0.4181151751242906 -0.1321815056579379
8264 5.671392748286334 -0.02874129889514193 -0.2372264572942314
8265 5.585696374143081 -0.01437064944782879 -0.3686132286471157
8266 5.58356068509776 0.09768231311227552 -0.4273508415231282
8267 5.667121370195693 0.1953646262250667 -0.3547016830462564
8268 5.760805250491916 -0.02568926771413326 -0.3057778999490591
8269 5.758947186460752 -0.03440060802829416 -0.2058087929452031
8270 5.669257059241014 0.08331166366496234 -0.2959640701702438
8271 5.756811497415431 0.07765235453181012 -0.2645464058212156
8272 5.671115123272177 0.09202300397912325 -0.3959331771740998
8273 5.673250812317498 -0.02002995858098103 -0.3371955642980873
8274 5.666666666671415 0.4570677252399516 0.4570677252398606
8275 5.583333333338829 0.4785338626199758 0.4785338626199303
8276 5.58333333333776 0.3952005292865559 0.4785338626199302
8277 5.75000000000367 0.3952005292865269 0.4785338626199303
8278 4.58333333332539 -0.4362816341687589 -0.4362816341694719
8279 4.666666666660012 -0.3725632683375177 -0.3725632683389437
8280 4.749999999992497 -0.4362816341687588 -0.4362816341694718
8281 4.583333333327257 -0.3529483008354545 -0.4362816341694718
8282 4.936898042602781 0.2033024485742546 0.4494955019851489
8283 4.873796085200255 0.1566048971486823 0.3989910039702978
8284 4.961381833106589 0.1211299672956391 0.3672824117939405
8285 4.961381833108057 0.2044633006290293 0.3672824117939404
8286 4.936898042601312 0.1199691152408643 0.4494955019851489
8287 3.16666666667757 0.3725632683375103 -0.3725632683389638
8288 3.083333333345029 0.4362816341687552 -0.4362816341694818
8289 3.250000000012389 0.4362816341687552 -0.3529483008363797
8290 3.250000000012388 0.4362816341687552 -0.4362816341694819
8291 5.296464602283535 -0.1568357357718912 0.2565992377187539
8292 5.342929204569076 -0.06367147154955946 0.2631984754369325
8293 5.250401618649469 -0.04748609594479994 0.2548018392618261
8294 5.11140943044432 -0.1244649845623721 0.2398059653685412
8295 5.14326559299032 -0.1414917039708555 0.4023458462881717
8296 5.057841417614746 -0.1714677885753999 0.313577968881714
8297 5.282257781195469 -0.06451281535328326 0.4173417201814566
8298 5.335825794025043 -0.01751001134025551 0.3435697166682838
8299 5.235793178909928 -0.157677079575615 0.410742482463278
8300 5.242896589453961 -0.2038385397849189 0.3303712412319267
8301 5.203937016363928 -0.1406503601671316 0.2482026015436475
8302 5.150369003534355 -0.1876531641801594 0.3219746050568203
8303 5.196833605819895 -0.09448889995782771 0.3285738427749989
8304 5.289361191739502 -0.1106742755625872 0.3369704789501052
8305 5.416666666660328 -0.462826180270216 -0.005284544536189166
8306 5.333333333327249 -0.4256523605404321 -0.01056908907100322
8307 5.166666666660143 -0.4256523605404321 -0.01056908907100323
8308 5.083333333326115 -0.462826180270216 -0.005284544536189185
8309 5.249999999993221 -0.4628261802702159 -0.005284544536189176
8310 5.249999999993221 -0.4628261802702159 0.07804878879737155
8311 5.083333333326115 -0.4628261802702159 0.07804878879737152
8312 6.448205625058238 -0.1678055739275068 -0.2322798088177553
8313 6.349102812528422 -0.08390278696370515 -0.2243930798823735
8314 6.528777781654142 -0.003246535280229036 -0.3871492022657335
8315 6.557555563310608 -0.006493070559598648 -0.2742984045314669
8316 6.461213927517912 -0.08714932224339342 -0.2060401651657764
8317 6.432436145861445 -0.08390278696402378 -0.3188909629000429
8318 6.544547260850933 -0.08714932224371204 -0.3005380481834459
8319 6.445444448321118 -0.003246535279910383 -0.292651319248064
8320 4.493538481201256 -0.004904098296915183 -0.2628776468330932
8321 4.515743301570673 0.1129959669814626 -0.2531252834142089
8322 4.419760594261223 0.1389789237301912 -0.2749492775852566
8323 4.419760594258332 0.03603062289486775 -0.2441697603982642
8324 7.894218119020603 -0.2281672994841374 0.3092387547350165
8325 7.928418383338505 -0.2897216733881371 0.3913175563673547
8326 0.5619983266746741 -0.2829269241927256 0.4493793976550482
8327 0.6239966533495903 -0.3158538483860575 0.3987587953100963
8328 0.7335571291726707 -0.2308014434338939 0.3327043190292472
8329 0.7811192783208346 -0.1128221142883984 0.31727044509335
8330 0.6715588024977543 -0.197874519240562 0.3833249213741991
8331 0.8382254691643948 -0.1978745192405909 0.383324921374199
8332 0.7286649933413145 -0.2829269241927545 0.4493793976550481
8333 1.33333333333265 -0.1666666666629845 0.1666666666652459
8334 1.416666666667072 -0.08333333333127738 0.08333333333227917
8335 1.416666666667072 -0.08333333333113413 0.249999999999175
8336 1.308783271929687 -0.01512387395612739 0.1494165228469201
8337 1.308783271929687 -0.01512387395598413 0.316083189513816
8338 1.166666666666786 -0.1666666666666494 -0.1443375672985574
8339 1.083333333332485 -0.3333333333333247 -0.07216878364996626
8340 1.145835529918414 -0.4301461261086158 -0.04270352042635605
8341 1.291671059838642 -0.3602922522172316 -0.08540704085133698
8342 1.161746868201869 -0.1460641612277799 -0.07216878364930826
8343 1.205873434101478 -0.07303208061387698 -0.1443375672982284
8344 1.224249064787797 -0.242876954003071 -0.04270352042569808
8345 1.330877827273334 -0.2666576661644592 -0.08540704085100799
8346 1.078413534867569 -0.3127308278944552 -7.171450176602935e-13
8347 1.039206767432877 -0.4063654139472276 -1.046133627980506e-12
8348 1.229168863252714 -0.2634794594419405 -0.1148723040749472
8349 1.122540100767177 -0.2396987472805522 -0.07216878364963727
8350 1.268375630687406 -0.1698448733891681 -0.1148723040746182
8351 1.185042297353105 -0.3365115400558433 -0.04270352042602706
8352 3.021418721302322 0.1300989062578934 -0.1031812332416197
8353 1.875532071978521 0.1558479129712886 -0.05399851443986628
8354 1.868684446255818 0.09259958409967534 -0.1079970288793444
8355 1.919178921590148 0.2446973967060554 -0.1375524116846995
8356 1.956457861766042 0.1515328476131372 -0.08860262528827956
8357 1.831405506079924 0.1857641331925935 -0.1569468152757643
8358 2.429459931771874 -0.431313751217037 -0.09436201365552398
8359 7.62040904937297 0.09612666057436844 0.1505128807876854
8360 7.526291431009893 0.008054566586386258 0.1478097670881564
8361 7.668100851140418 0.08816705340877627 0.08191031014409991
8362 7.621675034544787 -0.007864647744798101 0.01060462580098533
8363 7.609784945814888 -0.02677355709675699 0.1586796373605281
8364 7.57398323277734 9.495942079408223e-05 0.07920719644457083
8365 7.657476747582335 -0.03473316426234917 0.09007706671694261
8366 2.790663320011331 -0.3991871817195842 0.315425461976626
8367 2.89533166000185 -0.4495935908597921 0.2827127309879665
8368 2.89533166000185 -0.4495935908597921 0.3660460643215308
8369 2.728664993335669 -0.4495935908597921 0.3660460643215308
8370 1.75000000000558 0.352948300835721 -0.4362816341693607
8371 1.916666666672941 0.3529483008357212 -0.4362816341693608
8372 7.303249710060602 0.3339134963936476 0.2834733335365061
8373 7.401624855029355 0.2919567481965206 0.391736666768253
8374 7.499999999997982 0.4166666666664646 0.3333333333328714
8375 7.499999999998045 0.3333333333329291 0.4166666666664356
8376 7.386751578207912 0.2904890151129786 0.2948694380296546
8377 7.485126723176602 0.3318656002493872 0.3197994379278373
8378 7.401624855029293 0.3752900815300561 0.3084033334346887
8379 7.41666666666508 -0.4362816341691699 -0.4362816341691904
8380 7.333333333331476 -0.3725632683383397 -0.3725632683383807
8381 7.416666666665079 -0.4362816341691699 -0.3529483008360881
8382 7.249999999997972 -0.4362816341691699 -0.3529483008360881
8383 7.318291521695663 0.375290081530072 -0.02492999989910121
8384 7.234958188361925 0.4586234148635915 0.05840333343400293
8385 1.769772896945794 -0.08086739412483974 -0.1757810664035424
8386 1.849045177211841 -0.1096571611741456 -0.3325777881159883
8387 7.579099769110144 0.2015181429497781 0.3706402203796113
8388 7.818667276000332 0.2796329950220317 -0.2641236815280568
8389 7.894218119020535 0.3092387547350188 -0.2281672994841351
8390 7.587371684138907 0.4773178337095906 0.4796024147614527
8391 7.674743368279894 0.4546356674191812 0.4592048295229054
8392 7.687946091865003 0.239305085400782 0.4350148982364193
8393 7.59397304593146 0.369652542700391 0.4675074491182096
8394 7.754038350806267 0.3939845003760262 0.4796024147614527
8395 7.848011396739809 0.2636370430764173 0.4471098638796623
8396 7.681344730072447 0.3469703764099816 0.4471098638796623
8397 7.760639712598821 0.2863192093668266 0.4675074491182097
8398 4.00000000001423 0.4166666666666667 -0.4166666666668977
8399 3.375583191403456 0.2540620524795669 -0.1730351071335525
8400 3.251166382782043 0.2581241049898022 -0.09607021427033183
8401 3.377071093510629 0.2353826769382579 -0.02871843793935927
8402 3.375583191400022 0.337395385823123 -0.08970177380175315
8403 4.405439270920277 -0.04388093086995055 0.4754795611999685
8404 4.310878541838578 -0.08776186173972918 0.450959122399937
8405 4.238772604253954 -0.04388093086989325 0.4754795611999685
8406 4.250000000002683 -3.867314189038724e-14 0.4055021169819416
8407 4.322105937587308 -0.04388093086987461 0.3809816781819101
8408 4.642619427629183 0.4494399137893124 -0.1446160542184431
8409 4.571309713821181 0.4747199568946562 -0.1973080271095682
8410 4.512649373988817 0.4102986774199469 -0.08112430666602494
8411 4.525298747964454 0.3205973548398936 -0.1622486133306748
8412 4.583959087796818 0.3850186343146029 -0.1950990004411119
8413 4.583959087796818 0.3850186343146029 -0.1117656671080059
8414 4.512649373988817 0.4102986774199468 -0.164457639999131
8415 4.571309713821181 0.4747199568946562 -0.1139746937764622
8416 0.5712600181742593 -0.2949618115399295 0.3076141182945192
8417 0.4565250563240118 -0.2411428505004696 0.2670900436238939
8418 0.4864701322584015 -0.3021400437675423 0.1588553229840625
8419 0.5092616914990848 -0.345368220680133 0.2749013873059067
8420 0.548468458933576 -0.2517336346273388 0.191568053972675
8421 0.6666666666673072 4.642621436981822e-13 -0.311004233964731
8422 0.5833333333339197 8.337470511056555e-13 -0.4055021169823655
8423 0.5078905761433489 -0.08478184179052467 -0.2876836226396139
8424 0.5820482533723119 0.0260026473432206 -0.2444463143926691
8425 0.5066054961817412 -0.05877919444813782 -0.1266278200499175
8426 1.589958567370523 -0.2897984802689184 0.4731766833305737
8427 1.679917134741925 -0.3295969605382699 0.4463533666611473
8428 1.679917134741134 -0.4129302938717476 0.4463533666611473
8429 1.58995856736894 -0.4564651469358738 0.4731766833305736
8430 1.666666666662823 -0.3333333333292497 0.3333333333292893
8431 1.583333333329785 -0.4166666666646248 0.4166666666646446
8432 1.589958567369732 -0.3731318136023961 0.4731766833305736
8433 1.583333333330576 -0.3333333333311472 0.4166666666646446
8434 1.673291900701978 -0.3731318136004986 0.3898433499952183
8435 1.67329190070277 -0.2897984802670209 0.3898433499952182
8436 5.803238980136609 -0.1184611363458728 0.007988611630430908
8437 5.884209272659662 -0.1040904868985024 0.04326850694398411
8438 2.916666666677841 0.4362816341688174 -0.1029483008370239
8439 2.833333333343195 0.3725632683376347 -0.2058966016726727
8440 2.756764213359709 0.3639376414048676 -0.1123561451357523
8441 2.753382106684129 0.3363912719556598 -0.2106005238220369
8442 2.895835529927118 0.3123184879270421 -0.199761093611428
8443 2.836715440018775 0.4001096377868425 -0.1076522229863881
8444 2.815884303268052 0.2761464915450672 -0.2044650157607921
8445 6.076695458746182 0.1240692322037303 0.4768342180642768
8446 6.153390917491601 -0.001861535592193014 0.4536684361285536
8447 6.048967581014442 0.2523217041095727 0.3355738196160137
8448 6.024483790507603 0.2511608520546131 0.4177869098080068
8449 6.048967581013772 0.1689883707761256 0.3355738196160137
8450 6.024483790506261 0.08449418538771902 0.4177869098080068
8451 6.125663039759861 0.1263909363136493 0.3124080376802905
8452 6.177874707998441 -0.0007006835372335013 0.3714553459365605
8453 6.07669545874551 0.04073589887028324 0.4768342180642768
8454 6.101179249253021 0.1252300842586898 0.3946211278722837
8455 6.024483790506933 0.1678275187211661 0.4177869098080068
8456 6.101179249252352 0.04189675092524276 0.3946211278722837
8457 6.771335006655067 -0.2827127309888882 -0.4495935908601318
8458 6.771335006655338 -0.1993793976556969 -0.4495935908601318
8459 7.066172444892861 -0.3858528437409287 0.06218957271547934
8460 7.177894062411807 -0.3809816781823455 0.04388093086900957
8461 7.054945049145209 -0.3158753995231618 0.01830864184582892
8462 3.583333333339089 0.1029483008354362 -0.4362816341695634
8463 3.666666666675439 0.2058966016707005 -0.3725632683391268
8464 3.687786661155236 0.103448675982988 -0.3408281698682869
8465 3.583333333346465 0.1862816341584894 -0.3529483008351545
8466 1.990589843998009 0.2638110326805211 0.2579325830750843
8467 1.995294922003166 0.3819055163402605 0.2539662915371956
8468 1.995294922003166 0.3819055163402606 0.08729962487007424
8469 1.990589843998009 0.2638110326805212 0.1745992497415236
8470 2.099963261994336 0.33149910720019 0.2866790225258339
8471 2.099963261994337 0.33149910720019 0.2033456891922732
8472 1.995294922003166 0.3819055163402605 0.1706329582036349
8473 4.576396315782993 -0.4685790150710137 0.1249999999991786
8474 4.487054865173066 -0.4102038371732592 0.1620828968276389
8475 6.754115294369261 0.410855120950569 -0.1405728823110942
8476 6.755605771243479 0.4642694429465487 -0.2811904657949519
8477 7.538276056568973 -0.08817314195127494 0.27427430586479
8478 7.548900160127054 0.0347270757198505 0.2661075492919472
8479 6.499126460609958 0.1107202665257774 0.0370608011511178
8480 5.416666666662326 -0.3118671959535366 0.4785338626199527
8481 5.333333333328036 -0.3737343919068131 0.4570677252399053
8482 5.39533166000286 -0.4066613160999831 0.4064471228949826
8483 5.540663320011973 -0.3777210443398766 0.3772926579301072
8484 5.5619983266693 -0.4495935908599235 0.4493793976550773
8485 5.623996653345193 -0.3991871817198468 0.3987587953101546
8486 5.47866499333715 -0.3447941201467066 0.42791326027503
8487 5.561998326670369 -0.3662602575266768 0.4493793976550773
8488 5.478664993336079 -0.4281274534799532 0.4279132602750299
8489 5.416666666661256 -0.3952005292867833 0.4785338626199527
8490 4.473442606552834 0.3166640913673182 -0.08112430666569596
8491 4.460793232577196 0.4063654139473713 -0.08333333333415223
8492 6.358800094365876 0.2040425530228474 0.3607803049473433
8493 6.346126466722635 0.101944672909514 0.301433440962216
8494 0.7906633200149111 -0.3158538483835289 0.315425461972897
8495 0.8953316600053156 -0.2829269241876683 0.2827127309806495
8496 0.8382254691630752 -0.1978745192380333 0.2999915880369998
8497 0.895331660006635 -0.2829269241902258 0.3660460643178488
8498 0.2542198552081267 0.4574627872977234 0.03802500983526022
8499 0.07424315326673325 -0.06359634604565598 -0.4531158539002052
8500 0.2409098199333192 -0.06359634604568486 -0.4531158539002052
8501 0.1139300314912548 -0.3957746298203366 0.4088553229844229
8502 0.2278600629825095 -0.2915492596406731 0.3177106459688458
8503 0.1585899650518136 -0.3713023340856236 0.4592048295228812
8504 0.07929498252590682 -0.3106511670424653 0.4796024147614406
8505 0.1139300314912547 -0.3124412964867721 0.4088553229844229
8506 0.1932250140171616 -0.3730924635299305 0.3884577377458635
8507 0.07929498252590682 -0.3939845003760296 0.4796024147614405
8508 0.1932250140171616 -0.2897591301963662 0.3884577377458635
8509 0.424339698180122 0.06391911780534761 0.4395758431985494
8510 0.3486793963597117 0.127838235609492 0.3791516863970988
8511 0.3716030630045327 0.001477821317943329 0.3484311661829723
8512 0.2576730315132779 0.06391911780540491 0.4395758431985494
8513 5.463131268949282 -0.1568357357759161 0.423265904385037
8514 5.42626253790195 -0.06367147155157191 0.3465318087700741
8515 5.50329932803984 -9.01131081178369e-05 0.2468546893250307
8516 5.617204849225063 -0.02967301888900793 0.2239116654949503
8517 5.654073580272395 -0.1228372831133521 0.3006457611099133
8518 5.577036790134504 -0.1864186415568061 0.4003228805549566
8519 5.587127922298929 -0.2226895841622561 0.3220246996951917
8520 5.488260864576773 -0.09659839574474191 0.2959112064251513
8521 5.540168059087172 -0.09325437733246199 0.3235887849399937
8522 5.525129595624106 -0.189762659969086 0.3726453020401143
8523 5.639035116809328 -0.2193455657499761 0.3497022782100339
8524 5.602166385761996 -0.126181301525632 0.2729681825950709
8525 7.353238275669489 -0.06030720066536543 -0.129439559094497
8526 7.392706044158153 -0.07016236403348068 0.007833547147065148
8527 7.282337496493732 0.06717395657112689 -0.0426076716919835
8528 7.298054001837277 0.008360959636938357 -0.1546601685140213
8529 7.4403978459256 -0.07812197119907287 -0.06076902349652036
8530 7.337521770325942 -0.001494203731176903 -0.01738706227245917
8531 7.385213572093389 -0.009453810896769079 -0.08598963291604467
8532 7.126136088539383 0.195423867091359 -0.2071972447920443
8533 7.002272177081537 0.1408477341832765 -0.164394489583401
8534 7.131676418923701 0.1540861849266503 -0.1007156364151303
8535 7.042802755205643 0.2787572004248785 -0.1238639114589401
8536 6.07669545874011 -0.2092641011253739 0.3101675513965928
8537 6.153390917488565 -0.1685282022567451 0.3703351027947116
8538 6.260554951697882 -0.2238658057662382 0.326712004910938
8539 6.13027747584731 -0.2369329028832924 0.413356002455469
8540 6.260554951696188 -0.2238658057641235 0.243378671577096
8541 6.130277475843921 -0.236932902879063 0.246689335787785
8542 6.076695458741803 -0.2092641011274886 0.3935008847304348
8543 6.130277475845616 -0.2369329028811777 0.3300226691216269
8544 6.20697293459407 -0.196197004012549 0.3901902205197458
8545 6.206972934592376 -0.1961970040104343 0.3068568871859038
8546 6.554383098236729 0.3329315569970354 -0.1405181644763048
8547 6.527191549118017 0.4164657784985177 -0.07025908223883995
8548 6.614640176822405 0.3273208994490868 -0.04416529788234692
8549 6.527191549118017 0.4164657784985177 -0.153592415571946
8550 6.300181829516717 -0.009256284498442319 0.2905794400007045
8551 5.083333333325661 -0.3794928469346041 -0.08861787786901858
8552 5.083333333326115 -0.462826180270216 -0.08861787786929526
8553 0.3177114309077308 0.07404565865560966 -0.09523267374645551
8554 0.2435537536787676 -0.03673883047813564 -0.1384699819934002
8555 5.666666666671415 0.4570677252399516 0.3737343919062963
8556 5.583333333338829 0.4785338626199758 0.3118671959528017
8557 5.916666666669852 0.4785338626199758 0.4785338626199303
8558 5.833333333336926 0.4570677252399516 0.4570677252398606
8559 5.583333333338829 0.4785338626199758 0.395200529286366
8560 5.750000000004276 0.4785338626199758 0.4785338626199303
8561 5.750000000004341 0.4785338626199758 0.395200529286366
8562 6.572303396544379 -0.2566121963826334 0.1723441584212042
8563 6.608692587360244 -0.3530126268329055 0.1756548226321709
8564 6.487984781683779 0.3228311924457229 -0.07025908223851096
8565 6.487984781683779 0.3228311924457229 -0.153592415571617
8566 5.322485949307545 0.1770284819430604 0.4743818077505827
8567 5.411242974655289 0.2135142409714003 0.4871909038752913
8568 5.244576307989379 0.2135142409714292 0.4871909038752913
8569 5.41124297465422 0.1301809076379817 0.4871909038752913
8570 4.971940749725994 0.2971253285394226 0.2934546738655964
8571 4.870430127930849 0.3407681009146941 0.333548618304818
8572 4.922973168715439 0.2948036244298731 0.4578808542480132
8573 4.845946337425572 0.3396072488599193 0.4157617084960263
8574 4.884355001818191 0.2492669250590756 0.3251632660419537
8575 4.947456959220716 0.2959644764846479 0.3756677640568047
8576 4.859871211312913 0.2481060730043008 0.407376356233162
8577 4.657111220273702 -0.2468313228626154 -0.2967732717562696
8578 4.56422244055277 -0.1848177432189542 -0.2847016410041235
8579 4.490444553608194 -0.2076013878584889 -0.4242100034173258
8580 4.480889107220015 -0.1652027757168909 -0.3484200068346517
8581 4.573777886942815 -0.1438830220272472 -0.3604916375867977
8582 4.583333333330994 -0.1862816341688451 -0.4362816341694719
8583 4.490444553610061 -0.1242680545251839 -0.4242100034173257
8584 4.573777886940948 -0.2272163553605521 -0.3604916375867977
8585 5.259595871236711 0.01966186178173358 0.3465318087700741
8586 5.129797935618805 0.009830930890694898 0.423265904385037
8587 5.006095285333161 -0.04980173006524585 0.2343269707922958
8588 5.03977332842715 0.1018404130494527 0.2438438501093353
8589 4.981611494826415 -0.1342959154534109 0.3165400609835042
8590 4.990805747413657 -0.06714795772687732 0.408270030491752
8591 5.154281726125551 0.09432511627885987 0.3410528141938287
8592 5.120603683031562 -0.05731702683583863 0.3315359348767891
8593 5.145087473538309 0.02717715855232636 0.2493228446855807
8594 5.015289537920403 0.01734622766128764 0.3260569403005437
8595 0.4047899906013641 -0.4589209943204822 -0.4675160121753981
8596 0.3095799812037449 -0.4178419886409644 -0.435032024350796
8597 0.2381233239350364 -0.4589209943204822 -0.3841826788422958
8598 0.4047899906013641 -0.4589209943204822 -0.3841826788422958
8599 0.46376401024342 -0.3244805890714965 -0.1321815056576089
8600 7.832148601844865 0.09771879422071619 0.2685794472803834
8601 1.166666666665498 -0.2892299350041316 -0.3725632683384675
8602 1.083333333332589 -0.269614967501806 -0.4362816341692337
8603 0.9993737575824723 -0.2036517161443195 -0.4206001135800447
8604 1.17001734478877 -0.2383868412180076 -0.4025427675653022
8605 7.690170100009907 -0.4127766801086831 0.449301779401838
8606 7.595085050004294 -0.4563883400543415 0.474650889700919
8607 7.7617517166714 -0.4563883400543415 0.474650889700919
8608 7.595085050004229 -0.3730550067212105 0.474650889700919
8609 7.086019227086662 -0.2075088830061227 0.3132719303947854
8610 7.15596189383603 -0.2916154744426584 0.3618272131939423
8611 7.233936373722794 -0.3034429188591204 0.391608594905295
8612 7.24196818686019 -0.2311637718390467 0.3728346938174907
8613 7.083333333330544 -0.2196282082733377 0.4513535975765621
8614 7.166666666664064 -0.1892564165461553 0.4027071951531243
8615 7.075301520193149 -0.2919073552934114 0.4701274986643664
8616 7.150603040389273 -0.3338147105863027 0.4402549973287329
8617 7.005358853443781 -0.2078007638568757 0.4215722158652095
8618 7.010717706890537 -0.1656015277132314 0.343144431730419
8619 7.163993706973425 -0.2193363274225847 0.343053312106138
8620 7.088692186777301 -0.1774289721296934 0.3729258134417716
8621 7.158634853526668 -0.261535563566229 0.4214810962409285
8622 7.080660373639907 -0.249708119149767 0.3916997145295759
8623 2.506708017019027 0.1537995831110622 -0.3293980409414239
8624 2.503354008510572 0.07689979155578895 -0.4146990204707119
8625 2.607733791219438 0.0521428558663014 -0.2666799939162596
8626 2.55889790837346 0.1414211152663184 -0.2553885276641977
8627 2.555543899865005 0.06452132371104517 -0.3406895071934857
8628 2.463684224519564 0.07444697731219459 -0.3232552470257917
8629 2.515874115873997 0.06206850946745081 -0.2492457337485655
8630 2.083333333333381 -0.102948300834994 -0.4362816341693164
8631 2.166666666664958 -0.2058966016706755 -0.3725632683386327
8632 2.123863911457445 -0.131705501260458 -0.3101455456275495
8633 2.083333333332295 -0.186281634168441 -0.4362816341693164
8634 3.333333333335455 0.0939024224109458 -0.425652360536849
8635 3.416666666672054 0.1719512112055163 -0.4628261802684245
8636 3.500000000014058 0.2499999999898351 -0.416666666665591
8637 3.500000000019463 0.2499999999795833 -0.3333333333311821
8638 3.416666666682864 0.1719512111850128 -0.2961595135996065
8639 3.33333333334086 0.09390242240069407 -0.3423190272024399
8640 3.416666666677459 0.1719512111952646 -0.3794928469340155
8641 3.416666666670083 0.08861787787221133 -0.4628261802684245
8642 3.416666666675487 0.08861787786195958 -0.3794928469340155
8643 3.500000000012086 0.1666666666565301 -0.416666666665591
8644 1.66666666667237 0.3725632683378778 -0.2892299350056193
8645 1.583333333339307 0.4362816341689388 -0.2696149675031563
8646 1.583333333339307 0.4362816341689389 -0.1029483008369442
8647 1.66666666667237 0.3725632683378778 -0.2058966016725132
8648 1.583333333339307 0.4362816341689388 -0.1862816341700502
8649 1.750000000006667 0.4362816341689388 -0.1862816341700502
8650 1.750000000006667 0.4362816341689388 -0.1029483008369442
8651 0.5025768552412827 0.2399668963995144 0.3137196985416913
8652 0.5012884276212947 0.2449834482000605 0.4068598492708456
8653 0.5172418675807267 0.1488129722886648 0.2282718325673363
8654 0.5306184523001826 0.06267559997836128 0.2359641173221356
8655 0.6121373310638467 0.1583526346850112 0.2476652222608423
8656 0.7204093792664226 0.08175492477105414 0.2747508967091475
8657 0.6108489034438587 0.1633691864855573 0.3408053729899966
8658 0.5159534399607386 0.1538295240892109 0.3214119832964906
8659 0.6255139157833027 0.07221526237470771 0.2553575070156415
8660 1.905671944643817 -0.02997857678699186 -0.06189708385147998
8661 1.949507068754519 -0.08930840880204576 0.03820137561586253
8662 1.956354694477222 -0.02606007993043248 0.09219989005534064
8663 1.919367196089222 0.09651808095623471 0.04609994502747623
8664 1.787278940178622 0.009783751742677449 0.09033905285743932
8665 1.824557880355869 0.01956750348536974 -0.03582824523069157
8666 1.794126565901325 0.07303208061429074 0.1443375672969174
8667 1.838253131801274 0.1460641612285963 0.07216878364826461
8668 1.91251957036652 0.03326975208462143 -0.007898569412001875
8669 1.868393004466571 -0.03976232852968416 0.06427021423665094
8670 1.831405506078571 0.08281583235698305 0.01817026920878654
8671 1.875240630189273 0.02348600034192913 0.118268728676129
8672 0.0910063648464338 0.2305857844716743 0.356242509864985
8673 0.0910063648464338 0.3139191178047765 0.3562425098649851
8674 7.927306379266181 0.1196525426997016 0.3841741157846452
8675 7.927306379266182 0.1196525426997017 0.4675074491182097
8676 7.727551452353238 0.1425720880679226 -0.3948339661503396
8677 7.560884785686006 0.1425720880679799 -0.3948339661503396
8678 6.689121458159101 0.08776186173894371 0.4509591223997194
8679 6.594560729078388 0.04388093086904214 0.4754795611998597
8680 6.594560729078659 0.1272142642025176 0.4754795611998597
8681 6.604116175467898 0.08481565206089028 0.3996895646168403
8682 7.292513671453069 -0.1058034751804562 -0.177808443557464
8683 7.27125683572531 -0.1611549130636621 -0.08890422177886885
8684 7.331981439941732 -0.1156586385485714 -0.04053533731590186
8685 7.27679716610952 -0.04699047824626761 -0.06575594673542617
8686 7.646852644024126 0.08384539317104199 -0.1432349518147222
8687 7.611050930986641 -0.01002547786366524 -0.1019680051784257
8688 7.421015285130872 0.08441706013793815 -0.1272565795523412
8689 7.523891360730529 0.007789292670042185 -0.1706385407764023
8690 7.508174855386983 0.06660228960423073 -0.05858604395436452
8691 3.426825010497537 0.1333663457598528 0.08342411445210629
8692 3.349186314648686 0.07277081817430089 -0.01610177868159391
8693 3.425337108382987 0.06871238797807985 0.0224407785899416
8694 3.342003775048906 0.07143257211890169 0.1323863593253279
8695 3.418154568783207 0.06737414192268067 0.1709289165968635
8696 5.079493058835466 0.04487280909915663 -0.01126170820029364
8697 5.158986117686178 0.08974561820003212 -0.02252341640732104
8698 5.129797935608041 0.009830930889778189 0.08993257105619284
8699 5.259595871231329 0.01966186178127522 0.1798651421056519
8700 5.173600201563276 0.001893670355524148 -0.01975671987178867
8701 5.209290994458754 0.05470373999065366 0.07867086284916547
8702 5.22390507833585 -0.03314820785385428 0.08143755938469782
8703 2.958916524722588 0.2123953858284536 0.1602982262001814
8704 3.042249858058153 0.2957287191641561 0.07696489286630717
8705 2.666666666674453 0.2892299350043881 -0.372563268338881
8706 2.583333333340357 0.2696149675023241 -0.4362816341694405
8707 2.833333333339842 0.2058966016710826 -0.372563268338881
8708 2.916666666671135 0.1029483008357132 -0.4362816341694405
8709 2.635523224693409 0.1739031663243322 -0.3622721208922144
8710 2.750000000005746 0.1862816341690187 -0.4362816341694405
8711 2.802189891358798 0.09056983299102672 -0.3622721208922144
8712 3.000000000010811 0.4166666666667245 -0.3333333333337956
8713 3.000000000009134 0.3333333333334489 -0.4166666666668978
8714 2.916666666676164 0.3529483008355419 -0.3529483008363384
8715 3.00000000001081 0.4166666666667245 -0.4166666666668977
8716 7.042802755205642 0.2787572004248785 -0.2071972447920462
8717 6.959469421871902 0.362090533758398 -0.123863911458942
8718 6.771335006654908 -0.4493793976552371 -0.1995935908608213
8719 6.771335006654908 -0.4493793976552371 -0.2829269241939273
8720 6.604668339987801 -0.4493793976552371 -0.1995935908608213
8721 1.10466833999202 -0.1160460643217239 -0.2605978248248236
8722 0.9593366799829524 -0.2320921286434737 -0.3046892987024988
8723 0.9593366799820595 -0.3350404294789682 -0.3354688158893497
8724 1.104668339990234 -0.3219426659927127 -0.3221568591985255
8725 1.083333333332485 -0.3333333333333247 -0.2388354503161784
8726 1.166666666666786 -0.1666666666666494 -0.2276709006316635
8727 1.104668339991127 -0.2189943651572183 -0.2913773420116746
8728 1.166666666665893 -0.2696149675021439 -0.2584504178185144
8729 1.021335006656826 -0.3856610318238937 -0.3025418916961895
8730 1.021335006657719 -0.2827127309883991 -0.2717623745093386
8731 3.083333333340631 0.2499999999972934 0.4166666666667552
8732 3.166666666673804 0.2499999999944133 0.3333333333335105
8733 3.166666666671765 0.2083333333251657 0.2500000000026464
8734 3.083333333336553 0.1666666666587981 0.2500000000050271
8735 3.083333333338591 0.2083333333280458 0.3333333333358912
8736 3.083333333340268 0.2916666666613213 0.2500000000023268
8737 3.083333333342307 0.3333333333305689 0.3333333333331909
8738 3.141260280739104 -0.2045144955384715 -0.1589751082630105
8739 3.06250219657378 -0.292703520411028 -0.1801461260976752
8740 2.975516209481146 -0.08449418538920118 0.08445357648023277
8741 2.951032418976276 -0.1689883707773711 0.1689071529536263
8742 2.880428360800174 -0.02281310695624423 0.08984834357506835
8743 2.76085672161433 -0.04562621391145713 0.1796966871432975
8744 2.728484671066903 -0.1803393729580897 0.1743019200460528
8745 2.848056310252747 -0.1575262660028768 0.08445357647782363
8746 2.855944570295303 -0.1073072923444141 0.174301920048462
8747 2.752968461571774 -0.09584518756991987 0.08984834357265921
8748 7.083333333330431 -0.1362948749401748 0.4513535975765621
8749 7.249999999997586 -0.1362948749402037 0.4513535975765621
8750 7.249999999997698 -0.2196282082733666 0.4513535975765621
8751 7.382676604178047 -0.1954912461344535 0.1406186997953107
8752 7.333179395709276 -0.310964964867311 0.1361307462019941
8753 7.405285333295335 -0.3354854036672549 0.09224981533197658
8754 7.405285333295335 -0.3354854036672548 0.1755831486655373
8755 6.572105937582892 -0.2105475975368731 0.4754795611998528
8756 6.644211875168923 -0.1710951950733128 0.4509591223997055
8757 6.810878541835644 -0.1710951950733418 0.4509591223997055
8758 6.905439270916333 -0.2105475975369309 0.4754795611998527
8759 6.805638306521986 -0.309961092437422 0.3513096452650625
8760 6.902819153259504 -0.2799805462189711 0.4256548226325312
8761 6.711077577441296 -0.2705086899738328 0.3267892064649152
8762 6.713697695098125 -0.2010757412917927 0.3766139450322367
8763 6.738772604249613 -0.210547597536902 0.4754795611998527
8764 6.736152486592784 -0.2799805462189421 0.4256548226325312
8765 6.808258424178815 -0.2405281437553819 0.4011343838323839
8766 6.641591757512095 -0.2405281437553529 0.401134383832384
8767 6.754115294369106 0.3679228461905081 0.3164948429291677
8768 6.758230588740787 0.3002441045211076 0.1973880979986358
8769 6.670781961036399 0.3893889835705385 0.3379609803092679
8770 6.670781961036399 0.3893889835705385 0.2546276469757035
8771 5.507849404048243 0.09620603532836965 0.1810544943856845
8772 6.828828598585943 0.1373746859394188 -0.4286540256548053
8773 6.914414299291145 0.1936873429694496 -0.4643270128274026
8774 6.922272437909272 0.2976027762795356 -0.4478571324611564
8775 6.844544875822195 0.3452055525595908 -0.3957142649223129
8776 6.758959175116993 0.2888928955295601 -0.3600412777497155
8777 6.751101036498866 0.1849774622194741 -0.3765111581159616
8778 6.833353143042707 0.08453507715325879 -0.2120548357439077
8779 6.788298020461723 0.08279855303132347 -0.3025179371130577
8780 6.91893884374791 0.1408477341832895 -0.2477278229165051
8781 6.959469421872129 0.1954238670913849 -0.3738639114582525
8782 6.836686737204069 0.2412901192495048 -0.412184145288559
8783 6.873883721166927 0.1391112100613542 -0.3381909242856552
8784 6.79615615907985 0.1867139863414095 -0.2860480567468116
8785 6.881741859785052 0.2430266433714401 -0.3217210439194089
8786 7.441749739315132 -0.2734675666150803 -0.1035670195143654
8787 0.0791586158962729 0.4796373658145869 0.310636022241347
8788 0.1583172317925458 0.4592747316291738 0.371272044483387
8789 0.2493235966389796 0.3565271827670526 0.3941812210155008
8790 0.2611713455891405 0.2741422680903445 0.3564543753055745
8791 0.1701649807427067 0.3768898169524657 0.3335451987734608
8792 0.2458252825636332 0.4796373658145869 0.3939693555749114
8793 0.3368316474100671 0.3768898169524657 0.4168785321070252
8794 0.07915861589627289 0.4796373658145869 0.3939693555749113
8795 0.0910063648464338 0.3972524511378787 0.356242509864985
8796 0.1701649807427067 0.3768898169524657 0.4168785321070251
8797 0.3368316474098089 0.2935564836193346 0.4168785321070251
8798 5.103976849347594 0.12936699448778 0.07319186827292007
8799 5.154281726120169 0.09432511627840151 0.1743861475294065
8800 0.4245572428089287 -0.4181151751242906 -0.1321815056579379
8801 0.2805966981575825 -0.3124412964867722 0.4088553229844229
8802 0.4472633648241685 -0.3124412964868011 0.4088553229844229
8803 0.09100636484643382 0.1472524511385683 0.3562425098649851
8804 0.0910063648464338 0.1472524511385683 0.4395758431985494
8805 0.2576730315132779 0.147252451138511 0.4395758431985494
8806 0.4243396981803801 0.1472524511384821 0.4395758431985494
8807 0.4536697228595261 0.04827793624991732 0.2686801112498393
8808 0.3633444086994138 0.1200176448317768 0.2937038204227438
8809 0.3375050608780684 0.04879145727435336 0.141540222487085
8810 0.4407500489488534 0.01266484247120558 0.1925983122820099
8811 0.4091917419890557 -0.1327031837513205 0.2322627799944907
8812 0.4765933895043471 -0.07808247804163135 0.2379595910357128
8813 0.350424734788741 0.08440455105306507 0.2176220214549144
8814 0.3862680753442347 -0.00634276945977183 0.2629833002086173
8815 0.3733484014335621 -0.04195586323848356 0.1869015012407879
8816 0.2830230872734497 0.02978384534337596 0.2119252104136923
8817 0.500000000001823 0.4166666666668689 0.3333333333328714
8818 0.5000000000015647 0.3333333333337378 0.4166666666664356
8819 0.4243396981808963 0.3139191178047476 0.4395758431985494
8820 0.4243396981808963 0.3139191178047476 0.3562425098649851
8821 0.5000000000018228 0.4166666666668689 0.4166666666664356
8822 0.0910063648464338 0.1472524511385683 0.2729091765314208
8823 0.5770139369930025 0.2712414546770446 0.1817837979971786
8824 0.6501625911247343 0.3075325647551211 0.1429880481818201
8825 0.7562082260864095 0.2243809427617032 0.07352651593725353
8826 0.6300367544738401 0.2296656436803357 0.1470530318748952
8827 0.6852859851955785 0.1946437447630876 0.2088694724454838
8828 0.7031854086055718 0.2659567537584121 0.1082572820595368
8829 0.7383088026764161 0.1530679337663787 0.1741387063232006
8830 0.8114574568081478 0.1893590438444551 0.1353429565078421
8831 0.9278940624158485 0.1272142642038642 -0.4754795612000706
8832 0.1657488272410619 0.4285611380057806 -0.3741304956724329
8833 0.08287441362053097 0.4642805690028903 -0.4370652478362164
8834 0.4162077469552516 0.4642805690028903 -0.4370652478362165
8835 0.3324154939084223 0.4285611380057805 -0.3741304956724329
8836 0.2495410802878913 0.4642805690028903 -0.3537319145031143
8837 0.2495410802878913 0.4642805690028903 -0.4370652478362165
8838 0.4162077469552516 0.4642805690028903 -0.3537319145031143
8839 0.4162077469549935 0.3809472356697591 -0.4370652478362165
8840 0.5000000000018229 0.4166666666668689 -0.4166666666668978
8841 0.2495410802876332 0.3809472356697591 -0.4370652478362165
8842 0.08287441362053097 0.3809472356697666 -0.4370652478362165
8843 0.08287441362053098 0.4642805690028903 -0.3537319145030929
8844 0.7920437708990336 -0.249462210619156 -0.3835056611309269
8845 0.7700825218241818 -0.1507862282730885 -0.4182305496816798
8846 0.5827070909167982 -0.01737008197487149 -0.484318479410811
8847 0.6654141818330641 -0.03474016395094621 -0.4686369588216218
8848 0.6046683399916499 -0.116046064320939 -0.449593590860058
8849 0.7093366799827676 -0.2320921286430813 -0.399187181720116
8850 0.8540420975742982 -0.2167494796305749 -0.4339120702708689
8851 0.7493737575831805 -0.1007034153084327 -0.484318479410811
8852 0.6873754309079159 -0.1334161462970137 -0.4339120702708689
8853 0.771335006658032 -0.1993793976545001 -0.449593590860058
8854 0.07808669093576109 0.02830602402675045 0.03016071089646995
8855 0.1561733818715222 0.05661204805212578 0.06032142179431503
8856 0.07808669093576108 0.1116393573598565 -0.05317262243663614
8857 0.07808669093576108 0.02830602402675046 -0.05317262243663613
8858 0.07808669093576108 0.1116393573598565 0.03016071089646995
8859 0.8333333333331915 -0.1666666666666035 -0.1443375672985227
8860 0.9166666666656882 -0.3333333333333017 -0.07216878364994891
8861 0.8725401007662754 -0.4063654139472058 -0.08333333333415223
8862 0.9166666666656883 -0.3333333333333017 -0.155502116983055
8863 0.7892067674337789 -0.2396987472805076 -0.07216878364961996
8864 0.1920167224262401 0.187161347010946 -0.0322805855888886
8865 1.604164470085364 0.3664277602776281 -0.1456518212619775
8866 1.655493068257876 0.4095965659839264 -0.05706674151880076
8867 0.5744404294111486 0.2189273204868432 0.1026464179826959
8868 0.6274632468919862 0.1773515094901342 0.06791565186041261
8869 0.700611901023718 0.2136426195682107 0.0291199020450542
8870 0.9236268750167057 0.4582065115343556 -0.1932966893861171
8871 5.376003346655903 0.3991871817195431 0.3154254619766522
8872 5.438001673331073 0.4495935908597716 0.2827127309879796
8873 5.209336679990392 0.3991871817195431 0.2320921286430915
8874 5.104668340000051 0.4495935908597716 0.1160460643208582
8875 5.209336679990392 0.3991871817195431 0.3154254619766522
8876 5.104668340000051 0.4495935908597716 0.2827127309879796
8877 5.271335006665562 0.4495935908597715 0.2827127309879797
8878 5.271335006665561 0.4495935908597715 0.1993793976544189
8879 5.104668340000051 0.4495935908597715 0.1993793976544189
8880 0.5902935416819849 0.4582065115343556 -0.4432966893854277
8881 0.6805870833618888 0.4164130230687112 -0.3865933787708553
8882 0.7569602083488474 0.3748731782011956 -0.4432966893854276
8883 0.5902935416817268 0.3748731782012244 -0.4432966893854276
8884 0.590293541681985 0.4582065115343556 -0.3599633560523254
8885 0.9236268750167056 0.4582065115343556 -0.4432966893854277
8886 0.8472537500292491 0.4164130230687112 -0.3865933787708553
8887 0.9236268750162077 0.3748731782011956 -0.4432966893854276
8888 0.756960208349345 0.4582065115343556 -0.4432966893854276
8889 0.9236268750167057 0.4582065115343556 -0.3599633560523254
8890 1.000000000003664 0.41666666666684 -0.4166666666668977
8891 0.7569602083493454 0.4582065115343556 -0.3599633560523254
8892 0.7569602083493454 0.4582065115343556 -0.2766300227192232
8893 0.621255020806287 -0.04702943327105295 -0.07777964772613186
8894 0.07808669093576109 -0.138360642640371 0.03016071089646995
8895 0.1561733818715222 -0.02672128528143494 0.06032142179431503
8896 0.1561733818715222 0.05661204805212579 0.1436547551278757
8897 0.07808669093576111 0.02830602402675046 0.1968273775635914
8898 0.07808669093576109 -0.05502730930681028 0.1134940442300306
8899 0.1920167224270159 -0.1174686057942718 0.1056827005480178
8900 0.1920167224270159 -0.03413527246071113 0.1890160338815786
8901 0.6061723186292223 0.3668341052445235 -0.1217696265361252
8902 1.249999999999507 -0.166666666664409 0.4166666666660708
8903 1.166666666664631 -0.4570677252399205 0.4570677252398649
8904 1.083333333331408 -0.4785338626199602 0.4785338626199325
8905 1.249999999997595 -0.4785338626199603 0.4785338626199325
8906 1.083333333331906 -0.3952005292864537 0.4785338626199325
8907 1.249999999999009 -0.2499999999979129 0.4166666666660709
8908 0.8790380576036784 -0.1999033668208942 -0.05394970704929195
8909 0.7515781583717688 -0.1062687807681 -0.05394970704896296
8910 0.7713350066570178 -0.4493793976550744 -0.3662602575269557
8911 6.438001673324019 0.2829269241928234 0.4493793976550818
8912 6.376003346649544 0.3158538483860798 0.3987587953101636
8913 6.077909641319293 0.2135142409712761 0.487190903875281
8914 6.155819282637822 0.1770284819428985 0.4743818077505619
8915 6.349244647976639 0.2464411651644747 0.4365703015303627
8916 6.182577981310729 0.2464411651645036 0.4365703015303627
8917 6.271335006658109 0.2829269241928523 0.4493793976550818
8918 6.244576307985202 0.2135142409712472 0.487190903875281
8919 0.5146650123397181 -0.1744872574435765 0.414552134025645
8920 0.5293300246796783 -0.09897451488775938 0.3291042680512899
8921 0.4619283771643868 -0.1535952205974485 0.3234074570100679
8922 0.461928377164645 -0.07026188726391618 0.3234074570100678
8923 0.5146650123399762 -0.09115392411004421 0.4145521340256448
8924 1.333333333330818 -0.4570677252399205 0.3737343919063006
8925 1.416666666663783 -0.4785338626199602 0.3118671959528038
8926 1.249999999997595 -0.4785338626199602 0.3952005292863682
8927 1.416666666663783 -0.4785338626199603 0.3952005292863681
8928 0.4390047105200822 0.1394318603607669 0.3541279772241944
8929 0.439004710519824 0.05609852702763245 0.3541279772241944
8930 0.5913283513545946 -0.1319014390810913 0.2784836657063381
8931 0.6386616656895505 -0.2403411058302403 0.3133109293357413
8932 0.6862238148377147 -0.1223617766847448 0.297877055399844
8933 0.5766633390146342 -0.2074141816369084 0.363931531680693
8934 0.6242254881627983 -0.08943485249141295 0.3484976577447959
8935 1.011227395749153 0.1272142642035291 -0.3809816781824534
8936 1.011227395748655 0.04388093087036619 -0.3809816781824535
8937 0.9624703136524386 0.1429606116086825 0.1666953799001
8938 1.001677081087001 0.1532618643278323 0.333362046566896
8939 0.9036870417235484 0.1580844855668959 0.2672788570523548
8940 0.7975867999303943 0.05444064290571266 0.3627101922016805
8941 0.7664921723917899 0.1037240709543282 0.4235838132459082
8942 0.656931696569226 0.1853383326688314 0.4896382895267574
8943 0.5784658482852663 0.217669166334719 0.4948191447633786
8944 0.9117991816185109 0.05100249966833549 0.4948191447633787
8945 0.8235983632358482 0.1020049993356396 0.4896382895267573
8946 0.6880263241078303 0.1360549046202158 0.4287646684825295
8947 0.8546929907744525 0.05272157128702407 0.4287646684825295
8948 0.776227142490493 0.08505240495291166 0.433945523719151
8949 0.7451325149518886 0.1343358330015273 0.4948191447633786
8950 0.8248923681184901 0.4274550340236805 0.4348482489007059
8951 0.912446184061326 0.4637275170118402 0.467424124450353
8952 0.912446184061326 0.4637275170118402 0.3007574577832243
8953 0.8248923681184901 0.4274550340236805 0.3515149155671416
8954 0.9124461840608279 0.3803941836786802 0.4674241244503529
8955 0.9124461840613259 0.4637275170118402 0.3840907911167887
8956 0.9124461840608279 0.3803941836786802 0.3840907911167886
8957 1.000000000003664 0.41666666666684 0.4166666666664356
8958 0.6582257014511298 0.4274550340236805 0.3515149155671417
8959 0.5791128507266055 0.4637275170118402 0.3007574577832243
8960 0.7457795173939658 0.4637275170118402 0.3840907911167887
8961 0.7457795173939658 0.4637275170118402 0.3007574577832244
8962 0.5120948524170191 0.0441847039082618 0.06999707253837099
8963 0.5280449447183287 0.01036146578815981 0.1568267373076529
8964 0.642417989982501 -0.01505464358878522 0.09382701321553991
8965 0.6408398316114423 0.09121413717983078 0.0756079366152119
8966 0.5791128507266055 0.4637275170118402 0.467424124450353
8967 0.6582257014511297 0.4274550340236805 0.4348482489007059
8968 0.5791128507263473 0.380394183678709 0.3840907911167887
8969 0.5791128507266055 0.4637275170118402 0.3840907911167887
8970 0.5791128507263473 0.380394183678709 0.4674241244503529
8971 0.7457795173939654 0.4637275170118402 0.4674241244503529
8972 1.259670919380459 0.4591718787851474 0.4502930489019373
8973 0.46376401024342 -0.3244805890714965 -0.04884817232450281
8974 1.584456118578329 -0.4676648457813313 0.003166876008589954
8975 1.668912237159911 -0.4353296915626625 0.006333752018555031
8976 1.584456118578329 -0.4676648457813313 0.08650020934215065
8977 1.751122785244509 -0.4676648457813313 0.003166876008589954
8978 5.680873487756759 0.1576770795769973 0.4940758157964182
8979 5.590436743879897 0.2038385397883688 0.4970379078982091
8980 5.757103410545136 0.1205052064548929 0.4970379078982091
8981 5.673770077213551 0.2657057357417645 0.4755717705181394
8982 0.7286649933408162 -0.3662602575262611 0.4493793976550482
8983 0.6239966533493323 -0.399187181719593 0.3987587953100963
8984 0.5619983266741577 -0.4495935908597964 0.4493793976550481
8985 0.7286649933405582 -0.4495935908597964 0.3660460643214838
8986 0.7286649933405582 -0.4495935908597964 0.4493793976550482
8987 0.561998326674416 -0.3662602575262611 0.4493793976550482
8988 0.9999999999965418 -0.3333333333278718 0.249999999992037
8989 0.9999999999973633 -0.4166666666639359 0.249999999995672
8990 0.9999999999973634 -0.4166666666639359 0.08333333332855059
8991 0.9999999999965417 -0.3333333333278718 0.1666666666584763
8992 0.8953316600061372 -0.3662602575237324 0.2827127309842845
8993 0.8953316600061371 -0.3662602575237324 0.1993793976507238
8994 0.8953316600069587 -0.4495935908597964 0.1993793976543587
8995 0.9999999999973633 -0.4166666666639359 0.1666666666621113
8996 0.7286649933405583 -0.4495935908597964 0.2827127309879194
8997 0.9999999999978613 -0.3333333333304293 0.3333333333292363
8998 0.5619983266741577 -0.4495935908597964 0.3660460643214837
8999 0.4999999999994996 -0.3333333333329291 0.4166666666664357
9000 0.4999999999992415 -0.4166666666664646 0.3333333333328713
9001 0.561998326674416 -0.3662602575262611 0.3660460643214838
9002 0.4999999999992414 -0.4166666666664645 0.4166666666664356
9003 0.6669597450767738 -0.08026613342534362 0.0126082125230989
9004 1.253350678122341 -0.2187718737157108 -0.4662611333960683
9005 1.253350678122839 -0.135438540382207 -0.4662611333960683
9006 0.9380016733234184 -0.4493793976550744 -0.3662602575269557
9007 0.4472633648241685 -0.3124412964868011 0.3255219896508585
9008 0.509261691499343 -0.2620348873465976 0.358234720639471
9009 6.271335006658779 0.366260257526301 0.4493793976550817
9010 0.9999999999986831 -0.4166666666664934 -0.3333333333337956
9011 0.9999999999991809 -0.3333333333329869 -0.4166666666668978
9012 1.16666666666487 -0.4166666666664933 -0.4166666666668977
9013 0.9999999999986828 -0.4166666666664933 -0.4166666666668977
9014 0.9720206283145898 0.1169130114843793 -0.2143150115159161
9015 0.8053539616477923 0.1169130114844023 -0.2143150115158989
9016 0.9607932325669201 0.07303208061439712 -0.144337567298211
9017 0.1894299286827237 -0.2845124668104485 0.1150112528812315
9018 0.9639495493088568 -0.1395054809224124 0.03643815320026784
9019 1.040784925805559 -0.1793008613820476 0.01821907659993984
9020 1.078413534866747 -0.2293974945583911 0.08333333332920857
9021 1.039206767431234 -0.2396987472750994 0.1666666666588053
9022 1.001578158370045 -0.1896021140987559 0.1015524099295366
9023 1.001578158370867 -0.27293544743482 0.01821907659961085
9024 0.9623713909353533 -0.2832367001515283 0.1015524099292076
9025 1.039206767432055 -0.3230320806111635 0.08333333332887959
9026 6.129152130499039 0.2840877762478407 0.3671663074630886
9027 6.024483790508273 0.3344941853880619 0.3344535764744425
9028 6.129152130499709 0.3674211095812895 0.2838329741295244
9029 0.1690930557821949 0.09222514183083755 0.2197365540957051
9030 0.07808669093576109 0.1116393573598565 0.1968273775635914
9031 0.5757255093732726 0.3595913398107218 0.1082572820592079
9032 0.4047899906016222 -0.3755876609869467 -0.467516012175398
9033 0.2805966981575826 -0.3957746298203365 0.2421886563172942
9034 0.1667238066677422 -0.3068530121144027 -0.009358909093773096
9035 0.09122390947627322 -0.1681151751236013 -0.04884817232483178
9036 0.09122390947627321 -0.251448508457162 -0.1321815056579378
9037 0.07808669093576109 0.1116393573598565 0.1134940442300307
9038 0.07808669093576109 0.02830602402675046 0.1134940442300306
9039 1.088797810389988 0.4655485320542757 -0.2759105649637555
9040 1.177595620775814 0.4310970641085513 -0.3018211299268178
9041 1.344262287443174 0.4310970641085513 -0.2184877965937117
9042 1.422131143724708 0.4655485320542756 -0.1092438982975434
9043 1.366072901600027 0.3485837768457515 -0.03341546904109133
9044 1.433036450803135 0.4242918884228757 -0.01670773452123323
9045 1.255464477057348 0.4655485320542756 -0.1925772316306495
9046 1.266369784135775 0.4242918884228757 -0.1000410678543393
9047 1.355167594521601 0.3898404204771514 -0.1259516328174016
9048 1.18850092785424 0.3898404204771514 -0.2092849661505076
9049 5.459336679988488 0.377721044339519 0.3772926579301468
9050 5.604668339996245 0.4066613160997232 0.4064471228949688
9051 5.466440090531695 0.2696923881747518 0.3957967032084256
9052 5.618875161082659 0.1906040037701888 0.4434552134515264
9053 5.420721481750583 0.318895619490408 0.3232140519777599
9054 5.527437943520434 0.2890104664015013 0.2982899109901949
9055 5.566053141758339 0.3478358912506122 0.3523685169425819
9056 5.611771750539452 0.298632659934956 0.4249511681732476
9057 5.573156552301547 0.239807235085845 0.3708725622208607
9058 0.6880016733250375 -0.1160460643213085 -0.3550957078424235
9059 0.5292255828010791 -0.2008279061122974 -0.3317750965173064
9060 5.233820470494201 0.3170147004409269 0.3165457051190081
9061 5.15363592100767 0.2852486283025391 0.2849532172726915
9062 5.260487622633445 0.2099554061362519 0.423761205405691
9063 5.287246321307088 0.2793680893577833 0.3859496991855078
9064 5.104668339997114 0.2829269241929895 0.4493793976551083
9065 5.209336679988922 0.3158538483861521 0.3987587953102165
9066 5.207061771820557 0.2476020172193955 0.3543572113391912
9067 5.129152130502391 0.2840877762477643 0.3671663074638998
9068 5.182577981315279 0.2464411651646207 0.4365703015303996
9069 1.658841521607932 -0.15817628084352 0.4489729586607341
9070 1.579420760803527 -0.2040881404215435 0.474486479330367
9071 1.579420760804318 -0.120754807088068 0.474486479330367
9072 1.746087427470002 -0.2040881404215723 0.4744864793303669
9073 1.746087427470793 -0.1207548070880969 0.474486479330367
9074 1.662754094135773 -0.204088140419646 0.3911531459950117
9075 1.312502196584601 -0.4301461261086157 -0.1260368537594621
9076 1.312502196584601 -0.4301461261086157 -0.04270352042635605
9077 1.479168863250788 -0.4301461261086157 -0.1260368537594621
9078 2.416666666673172 0.2696149675023848 -0.4362816341694007
9079 2.333333333340082 0.2892299350045096 -0.3725632683388013
9080 2.250000000006106 0.2696149675024136 -0.4362816341694007
9081 2.41666666667179 0.1862816341691367 -0.4362816341694007
9082 1.366072901598445 0.1819171101792281 -0.03341546904086214
9083 1.43303645079997 0.09095855508982892 -0.01670773452077485
9084 1.325153056062584 0.1591680144649789 0.0493754549938661
9085 1.3497031174665 0.09095855508969432 -0.08887651816959516
9086 1.30878327193064 0.06820945937544512 -0.006085594134866902
9087 1.995294921998821 0.04857218300738562 0.4206329582043243
9088 1.990589843995836 0.09714436601408367 0.3412659164086487
9089 1.911885433720796 0.08995215037532486 0.392152654187284
9090 1.995294921999907 0.1319055163406053 0.4206329582043243
9091 1.916590511724868 0.1247133007018465 0.4715196959829596
9092 1.021335006657324 -0.3023276984903871 -0.3858752250292918
9093 1.08333333333209 -0.3529483008353126 -0.3529483008361315
9094 0.9380016733239165 -0.3660460643215679 -0.3662602575269557
9095 1.58445611858237 -0.2176648457790713 0.1698335426741983
9096 1.668912237161931 -0.3103296915615325 0.08966708535135921
9097 1.499999999998767 -0.37499999999887 0.1666666666649898
9098 1.58445611858035 -0.3426648457802013 0.08650020934139413
9099 1.584456118580349 -0.3426648457802013 0.1698335426749548
9100 1.738826401592173 0.4733149318149875 0.04588155931676827
9101 2.293663549347692 0.2034437874276671 -0.2811194948938811
9102 2.337327098688392 0.09804267234869983 -0.2533940872795601
9103 2.126996882677568 -0.002452814242964094 -0.4085562265550798
9104 2.25399376535333 -0.004905628486615749 -0.3171124531101596
9105 2.252049238366624 0.1692125018482715 -0.2127753049063564
9106 2.168715905031561 0.06626420101295596 -0.2764936707369558
9107 2.21033021601263 0.1004954865923515 -0.3448378607244804
9108 2.03230886634983 0.1658613812700037 0.1399951388934393
9109 2.078732966706808 0.1860062135192257 0.01809140317390566
9110 2.168926569490484 0.192825098069654 0.09093392018277213
9111 2.28334862702424 0.1355618091364853 0.04627499489416671
9112 2.146730923883586 0.108598092336835 0.09533621360483392
9113 1.839958567368158 -0.3731318136004986 0.306510016661654
9114 1.916666666663232 -0.333333333331176 0.3333333333310802
9115 1.083333333332031 -0.3333333333313906 0.4166666666660708
9116 1.166666666664755 -0.3952005292848573 0.3952005292860034
9117 1.587394386397966 -0.3878768996172453 -0.09320327828824362
9118 1.499999999997538 -0.4166666666665223 0.4166666666664356
9119 1.416666666663907 -0.4166666666648972 0.3333333333325065
9120 1.416666666664698 -0.3333333333314196 0.4166666666660709
9121 1.749999999995965 -0.4166666666646248 0.3333333333310802
9122 1.75662523403512 -0.4564651469358738 0.3898433499970093
9123 2.169562564115985 0.3239259295746476 0.09520928950123682
9124 2.077723665054418 0.2348212392977146 0.1785540820571049
9125 2.124147765411396 0.2549660715469366 0.05665034633757123
9126 2.214341368195072 0.261784956097365 0.1294928633464377
9127 5.516699281780952 0.05683373490372344 0.3435697166682831
9128 5.644004756707288 0.08417467713467464 0.4173417201814552
9129 5.33913461560536 0.2423514459438006 0.3220246996952535
9130 5.364264211229989 0.1359221193082864 0.2959112064251823
9131 5.598286147926174 0.1333779084503309 0.3447590689507894
9132 5.445851077375211 0.2124662928548939 0.2971005587076886
9133 5.491569686156324 0.1632630615392376 0.3696832099383544
9134 1.583333333329785 -0.4166666666646248 0.3333333333310802
9135 1.756625234035912 -0.3731318136023961 0.4731766833305736
9136 1.75662523403512 -0.4564651469358738 0.4731766833305736
9137 5.698791715370286 0.04687115465759949 0.2251010177774566
9138 5.666473060330285 0.152998233985097 0.2492333938900433
9139 5.89471089046731 0.08989767426997776 0.2577885900005253
9140 5.764432647878797 0.1745114937912861 0.2655771800015777
9141 5.788421591899774 0.06662312954733632 0.3247781372224999
9142 5.886381179448287 0.08813638935352544 0.3411219233340343
9143 5.796751302918797 0.06838441446378862 0.241444803888991
9144 0.593275649119982 0.06988357821320279 -0.3144237586103743
9145 0.5304501569151205 0.1115621943099801 -0.2454445900683516
9146 0.6262959659577856 0.129440477837206 -0.3819799538581186
9147 1.08333333333203 -0.3333333333313906 0.3333333333325065
9148 0.9428938091576132 0.08505240495288281 0.433945523719151
9149 5.931244841480487 -0.1313798365935948 0.4707610228216996
9150 1.058783271932056 0.3182094593754666 0.3994165228477451
9151 1.058783271932554 0.4015427927086265 0.3160831895141808
9152 5.438001673328934 0.2829269241929318 0.4493793976551083
9153 5.376003346654833 0.3158538483861232 0.3987587953102165
9154 5.104668340000052 0.4495935908597716 0.4493793976551083
9155 5.209336679990392 0.3991871817195431 0.3987587953102165
9156 5.271335006663023 0.2829269241929606 0.4493793976551081
9157 5.104668339998583 0.3662602575263805 0.4493793976551082
9158 5.271335006664493 0.3662602575263517 0.4493793976551082
9159 1.333333333330943 -0.3952005292848573 0.311867195952439
9160 1.372540100768417 -0.07303208061360776 -5.877595485469333e-13
9161 1.245080201535339 -0.1460641612276452 -4.879579779435072e-13
9162 1.137196806797953 -0.07785470185249527 0.06608318951415301
9163 1.156773311293646 0.06338683813669223 0.1321663790286942
9164 1.264656706031031 -0.00482262123845776 0.0660831895140532
9165 1.181323372697562 -0.004822621238592395 -0.006085594134767128
9166 1.289206767434947 -0.07303208061374235 -0.07216878364940806
9167 1.366072901600027 0.3485837768457515 0.04991786429246937
9168 1.433036450803135 0.4242918884228757 0.1499589321458882
9169 1.099703117468415 0.4242918884228758 0.1499589321458882
9170 1.199406234932667 0.3485837768457515 0.0499178642924694
9171 1.266369784135775 0.4242918884228758 0.06662559881232748
9172 1.266369784135775 0.4242918884228758 0.1499589321458882
9173 1.099703117468415 0.4242918884228758 0.06662559881232749
9174 1.083333333330711 -0.333333333328833 0.2499999999953072
9175 1.183036450802385 0.1742918884193504 -0.1722098514989084
9176 1.060496350035016 0.2473239690336986 -0.1000410678499882
9177 1.044126565903072 0.1563654139441648 -0.1555021169787213
9178 1.097990039362439 -0.08815595456920355 0.1494165228437497
9179 1.060361430301251 -0.03805932139286013 0.08430226611448099
9180 1.66666666666852 -0.04166666666554657 0.2276709006293926
9181 1.583333333335664 -0.08333333333107831 0.238835450313215
9182 1.500000000001933 -0.0416666666652502 0.08333333333188743
9183 1.50000000000237 -0.08333333333093011 0.1666666666644624
9184 1.583333333335226 -0.04166666666525515 0.3221687836475358
9185 1.500000000001932 -0.04166666666510696 0.2499999999987833
9186 1.583333333335226 -0.04166666666539838 0.15550211698064
9187 1.558630962041602 0.1509693941116301 0.3424559148136646
9188 1.36749038891547 0.1777988861187549 0.27035274167845
9189 1.518982162131631 0.2015685196819266 0.2845564846434623
9190 1.71019889020231 0.1333590603066284 0.290642078777574
9191 1.558707116986149 0.1095894267434567 0.2764383358125616
9192 1.186008505422035 0.4183437575702946 0.3172527644703102
9193 1.093004252713099 0.4591718787851473 0.2836263822348086
9194 1.259670919380459 0.4591718787851473 0.2836263822348086
9195 1.359374036844712 0.3834637672080231 0.1835853143813898
9196 1.192707370177351 0.3834637672080231 0.1835853143813898
9197 5.544718135100925 0.4197084377708649 0.09112192333329323
9198 5.589436270195605 0.3394168755417297 0.1822438466679616
9199 5.73492236699802 0.2531169905904794 0.1960649402123423
9200 5.835690328705756 0.2471086678683642 0.1187641104220546
9201 5.676401636770405 0.4896382895267775 0.1020049993336858
9202 5.588200818388324 0.4948191447633887 0.05100249966615534
9203 5.821887733572821 0.4033384045755272 0.1158260928780665
9204 5.879173011993156 0.3222193748608881 0.0786446867549167
9205 5.721119771865085 0.4093467272976423 0.1931269226683542
9206 5.677637088577685 0.3342360203051184 0.2332463463354921
9207 5.69020423190334 0.3334085528196146 0.1049430168776739
9208 5.632918953483004 0.4145275825342536 0.1421244230008237
9209 5.73368691519074 0.4085192598121384 0.06482359321053602
9210 5.778405050285421 0.3282276975830033 0.1559455165452044
9211 1.416666666667948 -0.1666666666626372 0.2499999999974292
9212 1.333333333333087 -0.2083333333286644 0.2499999999978209
9213 1.41666666666751 -0.1249999999969573 0.1666666666648542
9214 1.41666666666751 -0.1249999999968141 0.33333333333175
9215 1.093004252713098 0.4591718787851473 0.3669597155683729
9216 1.15178752464149 0.3607146714937739 0.2663762384161181
9217 1.907256510662359 0.09714436601384954 0.2467680333905054
9218 1.828628255331867 0.04857218300691735 0.2316371921680378
9219 1.82855210038732 0.08995215037509073 0.2976547711691409
9220 1.788903300477349 0.1405512759453872 0.2397553409989386
9221 1.475373783653647 0.1929227600769395 0.3709362188307049
9222 1.583257178391033 0.1247133007019327 0.4715196959829596
9223 1.749923845057803 0.1247133007018754 0.4715196959829596
9224 1.793608378483115 0.3205129555586302 0.3921541284327004
9225 1.710275045149709 0.3419790929385804 0.4136202658127575
9226 5.979168863255376 0.3760368537583283 -0.2634794594427772
9227 5.958337726507974 0.2520737075166566 -0.2769589188848611
9228 6.029832643386126 0.3140506950330316 -0.2039664482865348
9229 5.957988293392281 0.289736968807078 -0.1663250325652904
9230 1.620612273512035 0.009783751742973825 -0.05399851444006586
9231 1.741224547022575 0.01956750348551793 -0.1079970288794442
9232 1.682378510546157 -0.02632382784078453 -0.1659111214495508
9233 1.582597373783257 0.06070521319188398 -0.154616127435435
9234 1.641443410259675 0.1065965445181865 -0.09670203486532847
9235 1.750000000006667 0.4362816341689388 -0.2696149675031563
9236 1.835578903826091 -0.4353296915626625 -0.07699958131455104
9237 1.917789451910689 -0.4676648457813313 -0.1634997906576222
9238 1.920727719730327 -0.3878768996172453 -0.09320327828824362
9239 1.838517171645728 -0.3555417453985765 -0.09003640227827853
9240 1.917789451910689 -0.4676648457813313 -0.08016645732451613
9241 1.274782769602527 0.1470918883569049 -0.210756712526504
9242 1.191449436271881 0.2304252216866955 -0.2219212622069968
9243 5.333333333330868 -0.2499999999962353 0.3333333333337169
9244 5.41666666666374 -0.2499999999982477 0.4166666666668584
9245 5.379797935616409 -0.1568357357739036 0.3399325710518954
9246 5.478664993338565 -0.2829269241914177 0.3660460643219358
9247 5.441796262291232 -0.1897626599670736 0.2893119687069728
9248 2.000000000007238 0.4166666666667823 -0.4166666666668977
9249 1.754401611046806 0.1650111735527606 0.1524557161278182
9250 1.710793232568031 0.07303208061443894 0.07216878364816481
9251 1.30878327193079 0.08724567369405038 0.3734192727618537
9252 1.583333333339307 0.4362816341689388 -0.3529483008362585
9253 1.37500439317199 -0.2769589188821288 -0.002073707518141094
9254 1.312502196585108 -0.2634794594384102 0.1239631462400357
9255 1.395835529919969 -0.221812792772383 0.123963146239644
9256 1.395835529919531 -0.1801461261067031 0.04062981290706905
9257 1.479168863254391 -0.1384794594406759 0.04062981290667732
9258 1.645099570370264 0.06684072125227691 -0.3815275745124082
9259 1.914447397618789 -0.2995460802703248 0.2127666116921486
9260 1.997780730953018 -0.299546080272251 0.2960999450275039
9261 1.916666666670768 0.1862816341692836 -0.4362816341693607
9262 1.75000000000479 0.2696149675025323 -0.4362816341693608
9263 1.583333333338515 0.35294830083575 -0.3529483008362585
9264 1.583333333338515 0.3529483008357499 -0.4362816341693608
9265 1.500000000005452 0.4166666666668112 -0.4166666666668977
9266 1.422131143724708 0.4655485320542756 -0.1925772316306495
9267 1.255464477057348 0.4655485320542756 -0.2759105649637555
9268 1.177595620775814 0.4310970641085513 -0.38515446325992
9269 1.088797810389988 0.4655485320542756 -0.44257723162996
9270 1.422131143724709 0.4655485320542757 -0.44257723162996
9271 1.344262287443174 0.4310970641085513 -0.38515446325992
9272 1.255464477057348 0.4655485320542756 -0.3592438982968577
9273 1.255464477057348 0.4655485320542756 -0.4425772316299599
9274 1.422131143724709 0.4655485320542756 -0.3592438982968577
9275 1.422131143723917 0.3822151987210867 -0.4425772316299599
9276 1.255464477056557 0.3822151987210867 -0.4425772316299599
9277 1.205873434099572 -0.239698747277022 0.1666666666653457
9278 1.161746868200916 -0.2293974945593523 0.08333333333247878
9279 1.181323372696608 -0.08815595457016487 0.1494165228470199
9280 1.289206767433994 -0.1563654139453148 0.08333333333237898
9281 1.177595620775316 0.3477637307753913 -0.38515446325992
9282 1.088797810388992 0.2988818653879557 -0.44257723162996
9283 1.08879781038949 0.3822151987211156 -0.3592438982968577
9284 1.08879781038949 0.3822151987211156 -0.4425772316299599
9285 1.088797810389988 0.4655485320542756 -0.3592438982968577
9286 1.255464477056059 0.2988818653879268 -0.4425772316299599
9287 1.333333333332142 -0.3333333333330447 -0.4166666666668978
9288 1.166666666665164 -0.4166666666665223 -0.3333333333337956
9289 1.499999999997538 -0.4166666666665224 -0.3333333333337956
9290 1.49999999999833 -0.3333333333330447 -0.4166666666668978
9291 1.333333333331351 -0.4166666666665223 -0.4166666666668977
9292 1.499999999997538 -0.4166666666665223 -0.4166666666668977
9293 1.333333333331351 -0.4166666666665223 -0.3333333333337954
9294 6.057297292032795 0.1707496556925779 0.2522404862825047
9295 6.041143212544309 0.08801675522062365 0.2511202431409888
9296 5.995478852175046 0.08388935154786262 0.1804877602102376
9297 5.965968571294268 0.1624948483470559 0.1109755204210023
9298 6.008329711017775 0.00176128491599394 0.08333333333269928
9299 6.016659422036799 0.00352256983233166 0.1666666666660861
9300 6.024483790506261 0.08449418538794819 0.08445357647421514
9301 6.048967581013772 0.1689883707762402 0.1689071529491178
9302 6.011632931663531 0.1666222520198169 0.1816080033517535
9303 6.003303220644508 0.1648609671034791 0.09827467001836665
9304 5.987149141156022 0.08212806663152489 0.09715442687685077
9305 6.032813501525285 0.08625547030428592 0.167786909807602
9306 1.249999999999069 -0.2696149675018348 -0.4362816341692337
9307 1.249999999998571 -0.3529483008353414 -0.3529483008361315
9308 1.166666666665662 -0.3333333333330157 -0.4166666666668977
9309 0.5317352368777606 0.4188928803001245 -0.1565003926587374
9310 0.4864701322584015 -0.3021400437675423 0.07552198965050175
9311 1.350159304273548 0.1122666665349941 -0.4104270553809427
9312 1.425079652137522 0.05613333326792676 -0.4552135276904714
9313 1.250000000001252 6.38905067633466e-13 -0.4055021169823829
9314 1.258412985470748 0.05613333326798405 -0.4552135276904714
9315 1.341746318804052 0.05613333326764892 -0.3607156446728542
9316 1.088797810393313 0.2988818653805408 -0.2759105649557114
9317 1.177595620777476 0.3477637307716839 -0.3018211299227956
9318 1.088797810391152 0.2988818653842483 -0.3592438982928357
9319 1.08879781039165 0.3822151987174082 -0.2759105649597334
9320 1.180544129193454 0.2716818653180954 -0.3144574259833069
9321 1.188500927855903 0.306507087140284 -0.2092849661464855
9322 0.6046683399913918 -0.1993793976544713 -0.449593590860058
9323 1.395835529917948 -0.346812792773513 0.04062981290683985
9324 1.416666666665928 -0.2916666666637672 0.1666666666646249
9325 1.351708964020875 -0.1698448733890335 -0.04270352042579788
9326 5.874882311822564 0.2207526152530306 -0.1770092074215209
9327 5.792588784017889 0.2441183798020141 -0.1044088316252336
9328 1.674788772800768 -0.1090871325676807 -0.01973988990867077
9329 1.587394386401132 -0.05454356628362549 -0.009869944954679168
9330 1.56656324965359 -0.1513563590590511 -0.05257346537988928
9331 1.587394386401569 -0.09621023294930539 0.07346338837789582
9332 5.627084004233115 0.2988052366146235 -0.04842483395918044
9333 5.563542002119679 0.3994026183073118 -0.02421241698027778
9334 5.60826013721436 0.3191110560781766 0.06690950635439057
9335 5.709028098922095 0.3131027333560615 -0.0103913234358971
9336 5.753746234016775 0.2328111711269263 0.08073059989877128
9337 0.7057013966187667 -0.1573175484580363 0.215483941614225
9338 0.8005968601018868 -0.1477778860616899 0.234877331307731
9339 1.245080201533756 -0.3127308278944552 -7.171450176602935e-13
9340 1.372540100765252 -0.4063654139472276 -1.046133627980506e-12
9341 1.289206767432411 -0.3230320806121247 0.08333333333214978
9342 1.205873434099064 -0.4063654139472275 -1.046133627980506e-12
9343 1.122540100766224 -0.3230320806121247 0.08333333333214978
9344 1.078413534867569 -0.3127308278944552 0.08333333333284357
9345 1.039206767432877 -0.4063654139472276 0.1666666666660753
9346 1.122540100766224 -0.3230320806121247 0.1666666666657105
9347 1.039206767432055 -0.3230320806111635 0.1666666666624403
9348 1.122540100765403 -0.2396987472760606 0.1666666666620755
9349 1.039206767432877 -0.4063654139472275 0.08333333333251457
9350 0.8886872949839442 0.2002463448141699 -0.2254795611964091
9351 1.011227395751313 0.1272142641998217 -0.2976483448453291
9352 1.083333333332486 -0.3333333333333247 -0.1555021169830723
9353 1.166666666665893 -0.2696149675021438 -0.1751170844854083
9354 0.7707087642413033 -0.1334161462973832 -0.3394141872532344
9355 0.9380016733252223 -0.1160460643217009 -0.2605978248248063
9356 0.9373754309081008 -0.1334161462974062 -0.3394141872532517
9357 1.416666666664759 -0.3529483008353414 -0.3529483008361315
9358 1.340034689579313 -0.104210414098437 -0.4325222667921369
9359 1.420017344790404 -0.05210520704878879 -0.4662611333960685
9360 1.336684011456935 -0.05210520704906661 -0.3717632503784513
9361 1.420017344789613 -0.1354385403822642 -0.4662611333960683
9362 1.47916886325158 -0.3468127927751381 -0.2927035204256704
9363 1.395835529918009 -0.366427760277435 -0.2289851545949041
9364 0.8123141699948251 0.2417861896853929 -0.252109583918961
9365 1.914447397618789 -0.2995460802703247 0.1294332783585879
9366 1.997780730951932 -0.3828794136056998 0.129433278360379
9367 1.756625234036999 -0.2897984802689473 0.4731766833305736
9368 1.667789451915226 -0.1759981791135395 0.1586689929903759
9369 1.667789451913387 -0.2593315124448261 0.1698335426731638
9370 1.666666666666682 -0.1249999999968331 0.2388354503121805
9371 1.751122785246243 -0.2176648457792944 0.1586689929893414
9372 1.81965332211479 -0.45368928420774 -0.4183029735546302
9373 1.909826661055039 -0.47684464210387 -0.4591514867773151
9374 1.576493327722679 -0.47684464210387 -0.4591514867773151
9375 1.65298665544861 -0.45368928420774 -0.4183029735546301
9376 1.743159994388858 -0.4768446421038701 -0.3758181534442129
9377 1.743159994388859 -0.4768446421038701 -0.4591514867773151
9378 1.576493327722678 -0.4768446421038701 -0.3758181534442129
9379 1.576493327724261 -0.3101779754369146 -0.4591514867773151
9380 1.652986655449401 -0.3703559508742623 -0.4183029735546301
9381 1.57649332772347 -0.3935113087703923 -0.4591514867773151
9382 1.57649332772347 -0.3935113087703923 -0.3758181534442129
9383 1.74315999438965 -0.3935113087703923 -0.4591514867773151
9384 1.008076115208465 -0.06647340030850955 -0.03573063044865227
9385 1.129038057604776 -0.03323670015424181 -0.1261184906979004
9386 1.045704724270476 -0.1999033668209171 -0.05394970704930927
9387 0.9999999999999889 -0.1666666666666264 -0.14433756729854
9388 0.9623713909379787 -0.03323670015421886 -0.126118490697883
9389 1.819653322115877 -0.3703559508742912 -0.4183029735546302
9390 1.909826661057212 -0.3101779754369723 -0.4591514867773151
9391 1.909826661055039 -0.47684464210387 -0.2924848201111107
9392 1.81965332211479 -0.45368928420774 -0.3349696402215279
9393 1.909826661056125 -0.3935113087704212 -0.3758181534442129
9394 1.909826661056125 -0.3935113087704212 -0.4591514867773151
9395 1.909826661055039 -0.4768446421038701 -0.3758181534442129
9396 1.743159994390737 -0.3101779754369434 -0.4591514867773151
9397 1.743159994388858 -0.4768446421038701 -0.2924848201111107
9398 2.465245958478542 0.4088692331399109 0.03823840615940705
9399 2.430491916946679 0.3177384662798217 0.0764768123201892
9400 2.468599966984234 0.3191023580286893 -0.0431272809775132
9401 2.38571311286759 0.3798794397571043 0.04219323847498833
9402 2.423821162905146 0.381243331505972 -0.07741085482271405
9403 2.249999999994589 -0.4166666666638887 0.3333333333304868
9404 2.249999999994589 -0.4166666666638887 0.2499999999969225
9405 2.166666666661962 -0.4570677252399595 0.4570677252398855
9406 2.083333333328625 -0.4785338626199798 0.4785338626199427
9407 2.249999999994805 -0.4785338626199797 0.4785338626199427
9408 2.249999999994805 -0.4785338626199797 0.3952005292863784
9409 2.333333333329093 -0.2499999999943577 0.3333333333281023
9410 2.416666666663533 -0.249999999997049 0.4166666666640512
9411 2.335813670690866 -0.1651924182797915 0.3757099261928334
9412 2.249999999997057 -0.2499999999970201 0.4166666666640511
9413 2.16914700402439 -0.1651924182797626 0.3757099261928335
9414 2.49999999999521 -0.4166666666665801 0.3333333333328714
9415 2.499999999996592 -0.3333333333331603 0.4166666666664356
9416 2.416666666662151 -0.3333333333304689 0.4166666666640511
9417 2.416666666662151 -0.3333333333304689 0.3333333333304868
9418 2.49999999999521 -0.4166666666665801 0.4166666666664356
9419 2.249999999995676 -0.3333333333304399 0.4166666666640511
9420 5.647102687215473 0.3304182647532643 -0.1182299251696143
9421 2.801654899133568 0.1879342893556759 0.1602487349379874
9422 2.416666666666923 -0.1029483008351085 -0.4362816341693164
9423 2.333333333331729 -0.2058966016707328 -0.3725632683386327
9424 2.250000000000152 -0.1029483008350512 -0.4362816341693164
9425 2.249999999998771 -0.1862816341684699 -0.4362816341693164
9426 2.416666666665542 -0.1862816341685272 -0.4362816341693164
9427 2.870847869494861 -0.367421109581639 0.2838329741305375
9428 2.89533166000185 -0.4495935908597922 0.1993793976544058
9429 2.134437907522394 -0.1762836985813052 -0.005459313418665859
9430 2.093907329396158 -0.3141931648227369 0.03507126470577551
9431 2.038311309078168 -0.2449699473642681 0.005569366902376921
9432 2.583333333330518 -0.2696149675019326 -0.4362816341693543
9433 2.666666666663063 -0.2892299350041247 -0.3725632683387086
9434 2.718856558018877 -0.2182750695154499 -0.2985537550614824
9435 2.687713116042147 -0.1277052365245828 -0.288262607614902
9436 2.635523224686332 -0.1986601020132577 -0.3622721208921281
9437 2.552189891352406 -0.2623784678444854 -0.3426571533896715
9438 2.635523224684951 -0.2819934353466775 -0.2789387875590259
9439 2.583333333329136 -0.3529483008353524 -0.3529483008362521
9440 2.104668339997322 0.2829269241934939 0.449379397655074
9441 2.209336679989579 0.3158538483866411 0.398758795310148
9442 2.104668339998408 0.3662602575267116 0.3660460643215096
9443 2.104668339998408 0.3662602575267117 0.449379397655074
9444 6.0539670007766 0.2695414750449638 0.0744543478412738
9445 2.271335006664387 0.282926924193465 0.449379397655074
9446 2.083333333330798 -0.3118671959530821 0.4785338626199428
9447 2.166666666663048 -0.3737343919065107 0.4570677252398855
9448 2.083333333329711 -0.3952005292865309 0.4785338626199427
9449 2.166666666662832 -0.3118671959504197 0.3952005292839939
9450 2.166666666661746 -0.3952005292838685 0.395200529283994
9451 2.674729992120614 -0.1883588492940303 -0.1956054542255908
9452 3.250000000010417 0.3529483008354508 -0.4362816341694819
9453 2.495080201532723 -0.2490124620634911 -0.1029483008362418
9454 2.372540100764629 -0.2789286822849241 -0.2058966016720954
9455 2.416203650108815 -0.1784331956928942 -0.1781711940578588
9456 2.45587343409706 -0.3426470481161384 -0.1862816341696769
9457 2.568555756733985 0.2014044785277138 0.02540254269786158
9458 2.4821468160744 0.2140060889737231 0.07005888058941646
9459 2.563640014272077 0.1234157644777138 -0.08805875668420862
9460 2.472315331150585 0.05802866087372321 -0.1568637181747239
9461 2.477231073612493 0.1360173749237232 -0.04340241879265376
9462 2.520254866111955 0.2153699807225908 -0.04954521270828594
9463 2.515339123650048 0.1373812666725908 -0.1630065120903561
9464 2.460330216013872 0.1642138524234176 -0.4085562265550798
9465 2.420660432021482 0.07842770484657512 -0.3171124531101596
9466 2.376996882679401 0.1004954865922942 -0.3448378607244804
9467 2.46033021601249 0.08088051909016948 -0.4085562265550797
9468 2.376996882680782 0.1838288199255423 -0.3448378607244804
9469 2.249999999995891 -0.3952005292865309 0.4785338626199427
9470 3.498007267880262 -0.2399053207996506 0.4143564669708255
9471 3.496014535763701 -0.2298106415993876 0.328712933941651
9472 3.414673934548153 -0.1538518033254956 0.357635381039316
9473 3.498007267882233 -0.1565719874662888 0.4143564669708255
9474 3.416666666666686 -0.08061314919239673 0.4432789140684904
9475 2.085813670696701 0.1681409150509086 0.4590432595287823
9476 2.171627341388337 0.08628183010147036 0.4180865190575646
9477 2.41914700402807 0.001474248384354504 0.4590432595287823
9478 2.338294008054021 0.002948496768193337 0.4180865190575646
9479 2.190482010688958 0.2010678392440557 0.4084226571838562
9480 2.271335006663006 0.1995935908602169 0.449379397655074
9481 2.357148677354642 0.1177345059107787 0.4084226571838562
9482 2.252480337362385 0.08480758171763152 0.4590432595287823
9483 2.666666666673998 0.3333333333285952 0.1666666666663734
9484 2.583333333342202 0.4166666666642976 0.08333333333249913
9485 2.666666666673998 0.3333333333285952 0.2499999999999341
9486 2.583333333342202 0.4166666666642976 0.2499999999996205
9487 2.750000000009562 0.4166666666642976 0.2499999999996205
9488 2.750000000009562 0.4166666666642976 0.1666666666660598
9489 2.583333333342202 0.4166666666642976 0.1666666666660598
9490 2.561998326669489 -0.4495935908597921 0.2827127309879665
9491 2.62399665334515 -0.3991871817195842 0.315425461976626
9492 2.728664993335669 -0.4495935908597921 0.2827127309879666
9493 2.561998326669489 -0.4495935908597921 0.3660460643215308
9494 2.561998326670871 -0.3662602575263722 0.3660460643215308
9495 2.728664993335669 -0.4495935908597921 0.1993793976544058
9496 2.594190054950268 -0.21229288057778 0.2630300204741202
9497 2.547095027472048 -0.35614644028889 0.2565150102367136
9498 2.380428360805931 -0.1894797736166676 0.2565150102319446
9499 2.510856721617209 -0.1289595472416688 0.2630300204717356
9500 2.395331660003372 -0.2829269241875697 0.2827127309831975
9501 2.540663320012091 -0.315853848383473 0.3154254619742415
9502 2.609093354147709 -0.3057400311486821 0.289227741225373
9503 2.46376169413899 -0.2728131069527788 0.2565150102343291
9504 2.52576002081465 -0.2224066978125709 0.2892277412229886
9505 2.478664993336431 -0.3662602575236809 0.2827127309855819
9506 2.478664993337812 -0.282926924190261 0.3660460643191463
9507 3.250000000011344 0.4166666666638444 0.0833333333325051
9508 3.416666666678704 0.4166666666638444 0.1666666666660658
9509 2.503354008513335 0.2435664582222853 -0.4146990204707119
9510 2.506708017020408 0.2371329164443104 -0.3293980409414239
9511 2.503354008511953 0.1602331248890371 -0.4146990204707119
9512 2.463684224520945 0.1577803106454427 -0.3232552470257917
9513 2.643051557919935 -0.02247625909802314 -0.09907508512080099
9514 2.757528333226801 -0.01009779125379505 -0.006417931729080773
9515 2.979168863251538 -0.1260368537582172 -0.4301461261080016
9516 3.083333333324669 -0.1666666666524663 -0.4166666666558819
9517 3.062502196575456 -0.209370187077637 -0.3468127927638835
9518 2.67752338828759 0.03770711941985087 0.2630300204744337
9519 2.713761694146692 0.1438535597063718 0.2565150102373406
9520 2.631912625142134 0.242202566468506 0.2049050728271555
9521 2.513825250278475 0.2344051329441192 0.1598101456540634
9522 2.595674319283032 0.1360561261819851 0.2114200830642486
9523 2.512340985949854 0.1360561261844409 0.2947534163974994
9524 2.548579291808957 0.2422025664709618 0.2882384061604063
9525 2.630428360813514 0.1438535597088276 0.3398483435705915
9526 2.833333333327861 -0.3725632683375447 -0.3725632683387086
9527 2.916666666660115 -0.4362816341687723 -0.4362816341693543
9528 2.583333333327754 -0.4362816341687724 -0.4362816341693543
9529 2.666666666661681 -0.3725632683375447 -0.3725632683387086
9530 2.749999999993935 -0.4362816341687723 -0.352948300836252
9531 2.749999999993935 -0.4362816341687723 -0.4362816341693542
9532 2.583333333327754 -0.4362816341687723 -0.352948300836252
9533 2.583333333329136 -0.3529483008353524 -0.4362816341693542
9534 2.749999999995317 -0.3529483008353523 -0.4362816341693542
9535 2.749999999996993 -0.2696149675019615 -0.4362816341693542
9536 2.916666666661791 -0.3529483008353813 -0.4362816341693542
9537 2.916666666660115 -0.4362816341687723 -0.352948300836252
9538 2.749999999993935 -0.4362816341687723 -0.2696149675031498
9539 3.416666666652 -0.4166666666526386 -0.416666666655882
9540 3.333333333313091 -0.3333333333052771 -0.3333333333117639
9541 3.24999999998582 -0.4166666666526386 -0.416666666655882
9542 3.249999999987496 -0.3333333333192476 -0.416666666655882
9543 2.336687341847155 0.2827963932265347 -0.2872622888095132
9544 2.423374683687318 0.2567478839464351 -0.2656796751108245
9545 2.253800487730512 0.3435734749549497 -0.2019417693570117
9546 2.257600975454031 0.378302047403265 -0.09503863620582148
9547 2.212186176749443 0.3093421893755541 -0.1335975793694871
9548 2.295073030866086 0.2485651076471392 -0.2189180988219886
9549 2.340487829570675 0.3175249656748501 -0.180359155658323
9550 2.416666666675935 0.4362816341688781 -0.102948300836984
9551 2.333333333341463 0.3725632683377562 -0.205896601672593
9552 2.420020675181627 0.3465147590576565 -0.1843139879739043
9553 2.337133821064983 0.4072918407860716 -0.09899346852140274
9554 2.463761694140371 -0.1894797736193589 0.3398483435678933
9555 2.851708964015991 -0.2824022677057422 -0.09681279277525601
9556 2.895835529914255 -0.3123184879271618 -0.1997610936111475
9557 2.768375630683737 -0.2186839018745146 -0.1997610936108186
9558 2.789206767429597 -0.3426470481161251 -0.1029483008366087
9559 2.601205094105152 -0.3559590048071448 0.1993793976547348
9560 2.398126630985583 -0.2689929163814269 -0.02205736064313168
9561 2.507873466643201 -0.2440445791117425 -0.01102868032175995
9562 2.468666699207538 -0.3376791651643898 0.07230465301147181
9563 2.468666699207537 -0.3376791651643898 -0.01102868032208892
9564 2.751276230306901 -0.2235675498705291 0.2903479843679441
9565 2.648300121583372 -0.2121054450960348 0.2058944078921413
9566 5.867552093942084 0.4074658082482882 0.1864585758088177
9567 5.970501732731682 0.3304741822064101 0.2199096526164191
9568 5.921534151719347 0.4948191447633887 0.2176691663332768
9569 5.843068303435915 0.4896382895267774 0.1853383326672465
9570 5.924837372362418 0.3263467785336491 0.1492771696856679
9571 5.900353581856251 0.4085192598121384 0.1481569265440967
9572 5.946017942225514 0.4126466634848994 0.2187894094748479
9573 2.372540100763374 -0.2396987472751303 0.1666666666613063
9574 2.495080201532096 -0.2293974945585943 0.08333333333045904
9575 2.346126598438816 -0.3479804178809258 0.1556379863423191
9576 2.385333365874479 -0.2543458318282785 0.0723046530090873
9577 2.455873434096433 -0.3230320806112415 0.1666666666636908
9578 2.466242031502144 -0.1046721919047928 0.3822249364326246
9579 2.382908698167705 -0.1046721919021014 0.2988916030966757
9580 2.406812007005753 -0.1148375462123536 0.2158223764836123
9581 2.833333333341358 0.3333333333285952 0.3333333333334984
9582 2.916666666676922 0.4166666666642976 0.4166666666667492
9583 2.750000000009562 0.4166666666642976 0.3333333333331849
9584 2.916666666676922 0.4166666666642976 0.3333333333331849
9585 2.916666666676753 0.3952005292867586 0.478533862619957
9586 2.666666666675504 0.3952005292843317 0.3118671959531418
9587 2.583333333342202 0.4166666666642976 0.3333333333331849
9588 2.833333333342865 0.3952005292843317 0.3952005292867061
9589 2.500000000009024 0.4166666666667533 0.4166666666664357
9590 2.58333333334082 0.3333333333310509 0.3333333333331849
9591 3.00000000001081 0.4166666666667244 0.4166666666664356
9592 2.916666666675246 0.3333333333310221 0.4166666666667492
9593 2.872540100759734 -0.2396987472810299 1.691961385796617e-12
9594 2.916666666672811 0.1862816341689897 -0.4362816341694406
9595 2.750000000007423 0.2696149675022952 -0.4362816341694406
9596 3.416666666681211 0.2696149674918946 -0.3529483008350729
9597 3.500000000016029 0.3333333333231395 -0.3333333333324888
9598 2.500000000009024 0.4166666666667534 -0.3333333333337956
9599 2.500000000007643 0.3333333333335068 -0.4166666666668978
9600 2.583333333341739 0.3529483008355707 -0.4362816341694406
9601 2.583333333341738 0.3529483008355708 -0.3529483008363383
9602 2.500000000009024 0.4166666666667533 -0.4166666666668977
9603 2.438001673334216 0.4495935908599295 0.3660460643215097
9604 2.083333333341213 0.4362816341688781 -0.4362816341694007
9605 2.166666666674103 0.3725632683377562 -0.3725632683388013
9606 2.083333333340127 0.3529483008356603 -0.4362816341694007
9607 2.083333333341213 0.436281634168878 -0.3529483008362985
9608 2.250000000007192 0.3529483008356314 -0.4362816341694007
9609 2.416666666675935 0.4362816341688781 -0.4362816341694007
9610 2.333333333341463 0.3725632683377562 -0.3725632683388013
9611 2.416666666674553 0.3529483008356314 -0.4362816341694007
9612 2.250000000008574 0.436281634168878 -0.4362816341694007
9613 2.333333333341463 0.3725632683377562 -0.289229935005699
9614 2.416666666675934 0.4362816341688781 -0.2696149675031962
9615 2.416666666674553 0.3529483008356314 -0.3529483008362985
9616 2.416666666675934 0.436281634168878 -0.3529483008362984
9617 2.250000000008573 0.436281634168878 -0.3529483008362984
9618 2.590041350354504 0.2567478839463744 -0.2656796751108644
9619 2.670020675181526 0.2827963932264132 -0.287262288809593
9620 2.638342240976533 0.2427823817514974 -0.1907319197047169
9621 2.638877233200482 0.1674696245463573 -0.2769711413629263
9622 2.607198798995489 0.1274556130714414 -0.1804407722580502
9623 2.250000000008573 0.436281634168878 -0.2696149675031962
9624 3.083333333324177 0.002720184140162924 0.1099455807397166
9625 3.166666666662336 0.005440368281357179 0.219891161472594
9626 3.173849206262116 0.006778614336756371 0.07140302346567218
9627 3.162091417491619 -0.07575745765360345 0.1311165985716432
9628 3.169273957091399 -0.07441921159820426 -0.01737153943527862
9629 3.916666666672601 0.1029483008353216 -0.4362816341695634
9630 3.833333333342195 0.2058966016706432 -0.3725632683391268
9631 3.750000000007816 0.1862816341686838 -0.4362816341695633
9632 3.583333333341059 0.1862816341687411 -0.4362816341695633
9633 3.750000000005844 0.1029483008353788 -0.4362816341695634
9634 5.767241022038021 0.1469899112629819 0.1719325640997556
9635 5.865200609586533 0.168503171069171 0.18827635021129
9636 5.897519264626532 0.0623760917416735 0.1641439740987033
9637 3.083333333337924 0.1719512112055741 -0.4628261802684245
9638 3.16666666666839 0.09390242241097468 -0.4256523605368489
9639 3.250000000004989 0.1719512112055452 -0.4628261802684245
9640 3.250000000003017 0.08861787787224021 -0.4628261802684245
9641 3.750000000014277 0.436281634168655 -0.1029483008371468
9642 3.583333333346975 0.436281634168655 -0.1862816341702529
9643 3.916666666674845 0.186281634168655 -0.4362816341695634
9644 3.999999999994026 -0.3333333333333335 0.4166666666664357
9645 3.999999999991781 -0.4166666666666667 0.3333333333328714
9646 3.895331660001543 -0.3662602575264527 0.3660460643215566
9647 3.916277804892971 -0.2960461011281322 0.3791792683029576
9648 5.583333333328674 -0.3365960103001547 -0.1873850798701006
9649 5.662866178939432 -0.3076062169173523 -0.1834302475545032
9650 5.662866178938313 -0.4072918407861041 -0.09899346852135067
9651 5.579532845605284 -0.3713245827484458 -0.0804819467189303
9652 3.414673934550124 -0.07051846999216244 0.1909687143724201
9653 5.249999999993578 -0.4362816341688326 -0.2696149675032137
9654 4.252604166668558 -0.08333333333552519 -0.1465928417868153
9655 4.255208333334048 -0.1666666666711062 -0.07667933262614014
9656 4.241376770919813 -0.1272142642054068 -0.2165702860044662
9657 4.312550491197246 -0.08481565206160868 -0.3051916815999703
9658 4.32638205361148 -0.1242680545273081 -0.1653007282216443
9659 6.158721096558677 -0.1904076418734987 -0.4212944073378279
9660 6.079360548277707 -0.2202038209369227 -0.4606472036689139
9661 6.246027214944415 -0.2202038209369516 -0.4606472036689139
9662 6.079360548278378 -0.136870487603703 -0.4606472036689139
9663 5.81215276347417 0.4137001150487496 0.09715442687656627
9664 3.875573322301791 0.001000750295218257 -0.309093071397447
9665 3.937786661152399 0.0005003751476091283 -0.4045465356987235
9666 3.854453327821993 0.1034486759829307 -0.3408281698682869
9667 3.92622211306293 0.1438830220270768 -0.3604916375869009
9668 3.947342107542728 0.04143509633936439 -0.3287565391160611
9669 3.235689780725266 -0.4014492646542267 0.123176017168409
9670 3.235982016606805 -0.3184410950182786 0.09334453533551405
9671 3.412091417490054 -0.4118109751274435 0.02117101783328959
9672 3.324182834989199 -0.323621950254887 0.04234203566795433
9673 3.32189786699307 -0.31320210735721 0.1531966511387999
9674 3.410098685375464 -0.3183829625938184 0.1021941514712401
9675 3.32389059910766 -0.4066301198908351 0.07217351750084931
9676 2.95833772651104 0.2520737075164494 -0.2769589188832893
9677 2.979168863261763 0.3760368537582247 -0.2634794594419913
9678 2.979168863261764 0.3760368537582247 -0.1801461261088853
9679 3.021418721311145 0.2967655729249039 -0.1865145665774639
9680 5.999999999993701 -0.4166666666646676 0.08333333333190789
9681 5.999999999992678 -0.3333333333293351 0.1666666666651909
9682 5.973839149185443 -0.3343385120064227 0.05961229305495627
9683 5.886705328130118 -0.3886820519589528 -0.01976620796272936
9684 5.912866178937353 -0.3876768732818652 0.08728816564750526
9685 4.220348678963655 0.2169151026411353 -0.1938249709202896
9686 4.176222113062934 0.1438830220271159 -0.2659937545693236
9687 2.975516209483264 -0.2511608520555241 0.08445357647749469
9688 3.249999999995337 -0.2876808744324849 0.4003466393083927
9689 3.249999999997916 -0.1397601610049667 0.3650916907569321
9690 3.142182876152306 -0.3748952439618489 0.3748546350489089
9691 3.034365752311855 -0.3141889000636949 0.3141076822379644
9692 3.166666666660971 -0.373734391906611 0.4570677252399022
9693 3.083333333329184 -0.3118671959532189 0.4785338626199511
9694 3.058849542823099 -0.1651073345809388 0.3610658238774972
9695 3.16666666666355 -0.2258136784790928 0.4218127766884416
9696 3.142182876154886 -0.2269745305343308 0.3395996864974483
9697 3.05884954282052 -0.3130280480084569 0.3963207724289578
9698 3.250000000002608 0.1135173899130053 -0.3619339947063308
9699 3.250000000006359 0.2111811462096354 -0.3353894486073882
9700 3.083333333341676 0.2696149675022041 -0.4362816341694819
9701 3.166666666675893 0.2892299350042348 -0.3725632683389638
9702 3.333333333339207 0.1915661787075758 -0.3991078144379064
9703 3.166666666672142 0.1915661787076047 -0.3991078144379063
9704 3.25000000000874 0.2696149675021753 -0.4362816341694818
9705 3.250000000012389 0.4362816341687552 -0.2696149675032774
9706 3.083333333345029 0.4362816341687552 -0.3529483008363797
9707 3.583333333350408 0.3529483008250988 -0.2696149675020522
9708 3.320502326995287 -0.4975939624623452 -0.07235224530560758
9709 3.410251163493098 -0.4987969812311726 -0.03617612265349136
9710 3.245424750823874 -0.4118109751274435 0.02117101783328961
9711 3.243584496826918 -0.4987969812311726 -0.03617612265349134
9712 3.322342580992242 -0.410607956358616 -0.01500510481882663
9713 3.583333333348437 0.2696149674917944 -0.3529483008351544
9714 5.89050581585351 -0.3539534795106617 -0.1266693411138997
9715 5.89050581585351 -0.3539534795106616 -0.2100026744470058
9716 3.771335006672532 0.4495935908598483 0.1993793976544031
9717 3.666666666671243 0.08333333333327565 0.3110042339639602
9718 3.583333333339948 0.1666666666666812 0.4055021169819801
9719 3.584821235452526 0.1479872911151205 0.2998187861772489
9720 3.583333333337976 0.08333333333337625 0.4055021169819801
9721 3.771335006672532 0.4495935908598483 0.3660460643215282
9722 3.661164475000087 0.139626755687292 0.3834606886621254
9723 3.666277804901432 0.03728723220518673 0.3680147186185019
9724 3.744108946561571 0.01024732122579757 0.3459732902986473
9725 3.771335006672532 0.4495935908598483 0.2827127309879638
9726 3.938001673339834 0.4495935908598483 0.3660460643215282
9727 4.00000000001423 0.4166666666666666 0.4166666666664357
9728 3.250000000004817 0.1693868508018727 0.2766122474020009
9729 3.250000000002656 0.08877370161221204 0.3032244948037362
9730 3.257182539602436 0.09011194766761124 0.1547363567968143
9731 3.166666666664497 0.08605351747101778 0.1932789140708588
9732 3.145835529926846 0.248600122095735 -0.3027093944471596
9733 3.041671059843582 0.1883553416852046 -0.2965738863858735
9734 3.104752054643686 0.233047207093659 -0.2061295340800481
9735 3.062502196594305 0.3123184879269799 -0.2830944269445754
9736 3.250000000009372 0.33333333333054 0.4166666666667551
9737 3.083333333342307 0.3333333333305689 0.4166666666667551
9738 3.250000000007695 0.2499999999972645 0.4166666666667551
9739 3.058849542824776 -0.08177400124754858 0.3610658238774972
9740 3.733616141346208 0.2539462959225325 0.1770294001835653
9741 3.342003775051067 0.1520457213085623 0.1057741119235927
9742 3.334821235451286 0.1507074752531631 0.2542622499305146
9743 3.416666666676732 0.33333333333054 0.3333333333331909
9744 3.416666666678704 0.4166666666638444 0.3333333333331909
9745 3.416666666662135 -0.3118671959532767 0.4785338626199511
9746 3.333333333327446 -0.3737343919066398 0.4570677252399022
9747 3.333333333330025 -0.2258136784791217 0.4218127766884416
9748 3.249999999995659 -0.3118671959532478 0.4785338626199511
9749 3.250000000013101 0.4785338626200261 0.3952005292864001
9750 3.250000000011344 0.4166666666638444 0.3333333333331909
9751 3.08333333333847 0.1693868508076328 0.4432789140684905
9752 3.166666666669483 0.0887737016150921 0.386557828136981
9753 3.166666666671643 0.1693868508047527 0.3599455807352457
9754 3.333333333338708 0.1693868508047238 0.3599455807352457
9755 3.250000000005535 0.1693868508076039 0.4432789140684906
9756 3.264365079199509 0.01340140493129111 -0.2065779614786205
9757 3.257182539599182 0.0146275192738332 -0.2975282511419469
9758 3.04167105983983 0.09069158538857454 -0.323118432484816
9759 3.145835529919343 0.05327260950247492 -0.3557984866450447
9760 3.153018069517826 -0.0333605456900147 -0.2648481969815241
9761 3.041671059837987 0.005284544538627027 -0.3231184324846218
9762 3.153018069519669 0.05204649515993282 -0.2648481969817182
9763 3.083333333343352 0.3529483008354796 -0.4362816341694819
9764 3.083333333343352 0.3529483008354797 -0.3529483008363797
9765 3.333333333344612 0.1915661786973241 -0.3157744811034974
9766 6.217441204712951 -0.3100828040850203 0.01518933439211086
9767 6.108720602352303 -0.2800414020395115 0.1325946671952924
9768 6.082559751545068 -0.2810465807165991 0.02554029358505777
9769 6.108720602353325 -0.3633747353748439 0.04926133386200937
9770 2.979168863255057 0.04270352042512057 -0.4301461261081958
9771 2.958337726507687 0.08540704084989735 -0.3602922522163916
9772 2.843860951193506 -0.01237846784473662 -0.2862827389389713
9773 2.958337726505844 -5.015432513744145e-14 -0.3602922522161974
9774 2.86469208794272 0.03032505258043408 -0.3561366128309696
9775 2.864692087940877 -0.05508198826951342 -0.3561366128307755
9776 2.895835529923764 0.14565182126049 -0.3664277602776362
9777 2.979168863258411 0.2093701870916737 -0.4301461261081958
9778 2.958337726509364 0.1687403741831739 -0.3602922522163916
9779 2.979168863260087 0.2927035204249491 -0.3468127927750935
9780 3.062502196592629 0.2289851545937043 -0.3664277602776777
9781 3.249999999989468 -0.2499999999858853 -0.416666666655882
9782 3.416666666653971 -0.3333333333192764 -0.416666666655882
9783 3.416666666652 -0.4166666666526386 -0.2499999999896775
9784 3.333333333313091 -0.3333333333052771 -0.2499999999786617
9785 3.416666666653971 -0.3333333333192764 -0.3333333333227797
9786 3.416666666652 -0.4166666666526386 -0.3333333333227797
9787 3.148442820347655 -0.1171227320229166 -0.1141843322122266
9788 2.670048773350497 0.3804946702823226 0.07862941118313496
9789 2.750000000009562 0.4166666666642976 0.08333333333249912
9790 2.753382106686061 0.4638280036180251 -0.004703922150739301
9791 3.0625021965872 0.04798806496379774 -0.3929723063766202
9792 2.895835529927117 0.3123184879270421 -0.2830944269445341
9793 2.895835529925441 0.2289851545937665 -0.3664277602776362
9794 3.264365079191285 -0.0752164729268059 -0.160418447866078
9795 3.257182539582733 -0.1626082364423608 -0.2052092239168619
9796 3.153018069509602 -0.1219784235481117 -0.2186886833689816
9797 3.252607290420787 -0.1577525449171658 -0.100704872760107
9798 3.249999999985819 -0.4166666666526386 -0.3333333333227797
9799 3.06250219657378 -0.292703520411028 -0.2634794594307813
9800 3.243139782827745 -0.4013911322297665 0.2153589666376958
9801 3.59991471320657 -0.08488901219206706 -0.1090862232383918
9802 3.599914713206569 -0.08488901219203843 -0.2757528899048294
9803 3.333333333325474 -0.4570677252400019 0.4570677252399022
9804 3.416666666658192 -0.478533862620001 0.4785338626199511
9805 3.249999999992011 -0.4785338626200009 0.4785338626199511
9806 3.416666666658192 -0.4785338626200009 0.3952005292863867
9807 3.243432018709283 -0.3183829625938184 0.1855274848048009
9808 3.15722393244148 -0.4066301198908351 0.15550685083441
9809 3.416666666660164 -0.3952005292866388 0.4785338626199511
9810 3.249999999993688 -0.3952005292866099 0.4785338626199511
9811 3.49999999999288 -0.4166666666666379 0.3333333333328713
9812 3.499999999994852 -0.3333333333332757 0.4166666666664356
9813 3.416666666660163 -0.3952005292866388 0.3952005292863867
9814 3.499999999992879 -0.4166666666666379 0.4166666666664356
9815 6.108720602357034 -0.1133747353770722 -0.03407199947081526
9816 6.217441204715316 -0.2267494707538007 -0.06814399894094296
9817 5.999999999996386 -0.08333333333156341 0.08333333333236627
9818 5.999999999994021 -0.166666666662783 0.1666666666654201
9819 5.973839149186785 -0.1676718453398706 0.05961229305518548
9820 6.082559751547434 -0.1977132473853794 -0.05779303974799607
9821 6.108720602354669 -0.1967080687082919 0.04926133386223857
9822 3.083333333327508 -0.3952005292866099 0.4785338626199511
9823 3.800593765067382 -0.2526416616624911 0.09233696962989942
9824 3.900296882532726 -0.2324076580564452 0.1345507357009484
9825 3.816963549200881 -0.1616831065730221 0.1477980187589294
9826 3.795628542539643 -0.2779433640994314 0.1916752994320702
9827 3.7122952092078 -0.2072188126160083 0.2049225824900512
9828 3.895331659999299 -0.4495935908597859 0.3660460643215566
9829 3.728664993333089 -0.4495935908597859 0.3660460643215566
9830 3.832944471566217 -0.04604610112817554 0.368014718618502
9831 3.827831141664872 0.05629342235392982 0.3834606886621255
9832 3.319644220380825 -0.2423446709279252 0.004469014795640248
9833 3.403014188273306 -0.2492564164735198 -0.05457502391133859
9834 3.331402009151322 -0.1598085989375653 -0.05524456031033081
9835 3.407552802885623 -0.1638670291337863 -0.0167020030387953
9836 3.56199832666688 -0.4495935908597859 0.3660460643215565
9837 3.561998326668852 -0.3662602575264239 0.3660460643215566
9838 3.223523477370433 -0.3029333688082229 0.3106772393997833
9839 3.331340601213464 -0.2157189992788587 0.3361692436592671
9840 3.491475921153356 -0.231866695605788 0.1241732464022119
9841 3.488930038659571 -0.2440174288124512 0.005277091891947236
9842 3.633927098402272 -0.1819171101789961 0.03341546903900441
9843 3.566963549202505 -0.09095855508945508 0.01670773451915842
9844 3.493468653271889 -0.1586280414727177 0.04315011276449053
9845 3.562424934590187 -0.1763479424291886 -0.02116528635338486
9846 3.560432202471654 -0.2495865965622587 0.05985784728433649
9847 3.564970817083972 -0.1641972092225253 0.09773086815687979
9848 3.733630215860828 -0.4242918884228456 0.1000410678522608
9849 3.900296882527037 -0.4242918884228456 0.1000410678522607
9850 3.407589437435253 -0.2541121079987149 -0.1590793750680936
9851 3.328794718704718 -0.2520560539783153 -0.2045396875178697
9852 3.324219469542771 -0.2472003624531202 -0.1000353363611147
9853 3.335977258313269 -0.1646642904627604 -0.1597489114670858
9854 3.999999999999715 -0.1414491029669329 0.2845096678479983
9855 4.000000000001361 -0.07072455148346643 0.3922548339239991
9856 3.916666666667272 -0.0833333333333767 0.4055021169819801
9857 3.999999999999115 -0.1540578848167998 0.3922548339239991
9858 3.916666666667872 -0.07072455148350973 0.2977569509059793
9859 3.414673934545573 -0.3017725167530138 0.3928903295907766
9860 3.498007267878291 -0.3232386541330128 0.3310231336372611
9861 3.622003921228262 -0.3057591691859469 0.3131152622810675
9862 3.558012862437701 -0.2627375657925358 0.2780923315967719
9863 3.626969143755999 -0.2804574667490066 0.2137769324788966
9864 3.56000559455229 -0.3561655783261608 0.2804025312923821
9865 3.578959007329129 -0.1925234093942154 0.2912255355781729
9866 3.663896211011117 -0.165330856389306 0.3393816702438693
9867 3.665888943129651 -0.09209220225620715 0.4250252032730438
9868 3.582944471566194 -0.04604610112801763 0.4625126016365219
9869 3.580951739447661 -0.1192847552611165 0.3768690686073474
9870 3.58095173944569 -0.2026180885944783 0.3768690686073474
9871 3.582944471564223 -0.1293794344613794 0.4625126016365219
9872 3.501487902123202 0.3146539577818305 0.3109833358617046
9873 3.74961113823295 -0.04604610112807492 0.4625126016365219
9874 3.916277804897462 -0.1293794344614656 0.4625126016365218
9875 3.749611138230705 -0.1293794344614083 0.4625126016365218
9876 2.75000000001048 0.4362816341688174 -0.18628163417013
9877 2.916666666677841 0.4362816341688174 -0.18628163417013
9878 4.246231220830974 -0.375702491780693 -0.4382653035435232
9879 3.745175035343215 -0.354812094037936 -0.4040470748562175
9880 4.246231220828729 -0.4590358251140263 -0.2715986368773187
9881 4.325795775002714 -0.3347383168947482 -0.3765306070870463
9882 4.412897887499542 -0.2923691584474175 -0.4382653035435231
9883 4.499999999994504 -0.3333333333333913 -0.4166666666668978
9884 4.499999999992636 -0.4166666666666956 -0.3333333333337956
9885 4.412897887497675 -0.375702491780722 -0.3549319702104209
9886 4.412897887497675 -0.3757024917807219 -0.4382653035435232
9887 4.412897887495808 -0.4590358251140264 -0.3549319702104209
9888 4.499999999992636 -0.4166666666666956 -0.4166666666668977
9889 4.246231220832843 -0.2923691584473886 -0.4382653035435232
9890 4.166666666679985 0.3725632683373507 -0.3725632683389786
9891 4.08333333334823 0.4362816341686753 -0.4362816341694893
9892 4.416666666679367 0.4362816341686754 -0.4362816341694893
9893 4.333333333345553 0.3725632683373507 -0.3725632683389786
9894 4.250000000013798 0.4362816341686754 -0.352948300836387
9895 4.250000000013808 0.4362816341686754 -0.4362816341694892
9896 4.416666666679365 0.4362816341686754 -0.352948300836387
9897 4.429316040655004 0.3465803115886222 -0.3507392741679308
9898 4.416666666677499 0.3529483008353131 -0.4362816341694893
9899 4.429316040653136 0.2632469782552599 -0.3507392741679308
9900 4.405439270916526 -0.2105475975365876 -0.4754795612001478
9901 4.31087854183668 -0.1710951950730883 -0.4509591224002955
9902 4.144211875172226 -0.08776186173972597 -0.4509591224002956
9903 4.072105937587616 -0.04388093086986299 -0.4754795612001478
9904 4.072105937583125 -0.2105475975365298 -0.4754795612001478
9905 4.14421187516998 -0.1710951950730594 -0.4509591224002955
9906 4.238772604252071 -0.1272142642032253 -0.4754795612001478
9907 4.072105937585372 -0.1272142642031964 -0.4754795612001478
9908 4.238772604249824 -0.2105475975365587 -0.4754795612001478
9909 4.08333333334823 0.4362816341686754 -0.352948300836387
9910 4.083333333345984 0.3529483008353421 -0.352948300836387
9911 4.083333333345985 0.352948300835342 -0.4362816341694892
9912 5.416666666661602 -0.4166666666647409 0.166666666666169
9913 5.579532845604165 -0.4710102066171976 0.08728816564778297
9914 4.250000000013797 0.4362816341686754 -0.2696149675032847
9915 4.416666666679366 0.4362816341686754 -0.1862816341701787
9916 4.009965537538521 -0.04972374315213352 -0.3700626289295331
9917 4.019931075074036 -0.09944748630426704 -0.2401252578590662
9918 4.081661383977945 -0.002946209678107724 -0.3996895646174853
9919 4.01952098392885 -0.008789021960378255 -0.2942726323468706
9920 4.082071475123131 -0.0936046740219965 -0.3455421901296809
9921 4.247739812613647 0.3152372390626009 0.3710406708312169
9922 4.248869906325472 0.2826186195058682 0.3105203353938665
9923 4.41553657296859 0.1159519528729966 0.4771870020895225
9924 4.331073145935205 0.2319039057461651 0.4543740041790449
9925 4.260540741287759 0.1871822998112425 0.4652528737900674
9926 4.253575230094789 0.2675190792152881 0.4484069400293174
9927 4.332203239647031 0.1992852861894324 0.3938536687416945
9928 4.254705323806615 0.2349004596585553 0.3878866045919669
9929 4.338038657128173 0.1515671263421195 0.4712199379397949
9930 4.377459899243384 0.3426470481160467 -0.1029483008367438
9931 4.210793232577815 0.3426470481160467 -0.1029483008367437
9932 4.310878541838548 -0.08776186173978327 -0.4509591224002956
9933 4.405439270920262 -0.0438809308699776 -0.4754795612001478
9934 4.238772604253938 -0.04388093086992029 -0.4754795612001478
9935 4.405439270918394 -0.1272142642032826 -0.4754795612001478
9936 4.864601832611545 0.006123606088758546 0.3072610344620499
9937 4.918509537425358 -0.09766013354559289 0.266035562968653
9938 4.990805747410719 -0.2338146243934305 0.4082700304917521
9939 4.981611494824945 -0.2176292487866874 0.3165400609835042
9940 4.9277037900126 -0.03051217581905939 0.3577655324769009
9941 4.927703790011131 -0.1138455091523359 0.357765532476901
9942 4.936898042598374 -0.04669755142580243 0.4494955019851489
9943 4.990805747412188 -0.1504812910601539 0.408270030491752
9944 4.490444553604458 -0.3742680545250977 -0.2575433367511214
9945 4.480889107218148 -0.2485361090501953 -0.2650866735015495
9946 4.539206767427234 -0.4063654139475175 -0.1666666666672583
9947 4.578413534863699 -0.3127308278950349 -0.08333333333382324
9948 4.529651321040924 -0.2806334684726151 -0.1742100034176863
9949 4.409715386940714 -0.2909347211939934 -0.1764652779060453
9950 4.45847760076349 -0.3230320806164132 -0.08558860782218221
9951 4.403342441109498 -0.3333038796391239 -0.2791419736277468
9952 5.083333333328956 -0.1862816341666687 -0.3529483008360393
9953 5.166666666662131 -0.1862816341665606 -0.3205475366640825
9954 4.490444553606326 -0.2909347211917933 -0.3408766700842235
9955 4.403342441111365 -0.2499705463058196 -0.362475306960849
9956 4.261670834988164 0.07123034693814405 -0.3935679886831299
9957 4.255835417495616 0.03561517346909996 -0.3050371698153101
9958 4.233380625998127 -0.05214668827066327 -0.4449920582506121
9959 4.250443439239419 0.02734941606826242 -0.4635454329007809
9960 4.182057530552591 0.07654989466083661 -0.3237450562501508
9961 4.170830134803846 0.03266896379095499 -0.3937225004678018
9962 4.244608021746871 -0.008265757400781649 -0.3750146140329611
9963 4.250000000011932 0.3529483008353131 -0.4362816341694892
9964 4.833333333325613 3.531526813750189e-12 -0.3333333333365331
9965 4.916666666663256 1.593873127087505e-12 -0.4166666666682666
9966 4.916666666659864 -0.08333333332934631 -0.3333333333348877
9967 4.916666666661786 -0.0833333333316827 -0.4166666666682665
9968 4.999999999996039 -0.1666666666645606 -0.4166666666666211
9969 3.970758770104435 -0.04741621402138399 0.02219220499433663
9970 3.926632204203385 -0.1204482946356432 0.09436098864311282
9971 3.887425436772592 0.02330833746203912 0.03543948805231759
9972 3.495461385382536 -0.4187227206730382 -0.03787302087368924
9973 3.490922770774162 -0.3374454413460763 -0.07574604174600333
9974 3.401173934276351 -0.3362424225772489 -0.1119221643981196
9975 3.315963712386913 -0.4163166831353833 -0.1102252661779217
9976 3.405712548884725 -0.4175197019042107 -0.07404914352580547
9977 3.317803966383869 -0.3293306770316543 -0.05287812569114071
9978 3.40755280288168 -0.3305336958004816 -0.0167020030390245
9979 4.253924611210536 -0.2849660181970148 0.1180804114315596
9980 4.250036722421534 -0.3199320363873424 0.2429266463285842
9981 4.164099222421045 -0.3073232545352463 0.3041034214077384
9982 4.082049611209557 -0.2597484544928228 0.240433961589868
9983 4.082049611203868 -0.4516326848592233 0.289257627074741
9984 4.164099222418201 -0.4032653697184466 0.328515254150175
9985 4.167987111210048 -0.2723572363449188 0.1792571865107138
9986 4.167987111207202 -0.3682993515281191 0.2036690192531503
9987 4.085937499995714 -0.3207245514856956 0.1399995594352798
9988 4.082049611206713 -0.355690569676023 0.2648457943323045
9989 4.419270833327024 -0.4166666666688958 0.1644113921777163
9990 4.33854166666328 -0.3333333333377916 0.07882278435612565
9991 4.415382944538023 -0.4516326848592233 0.289257627074741
9992 4.330765889085278 -0.4032653697184466 0.328515254150175
9993 4.334653777874279 -0.3682993515281191 0.2036690192531503
9994 4.252604166659946 -0.4166666666688958 0.1644113921777163
9995 4.248716277870946 -0.4516326848592233 0.289257627074741
9996 4.317820754267575 -0.3134692068917058 0.3239314843120676
9997 4.389492674902616 -0.2720403592057418 0.2800900873985263
9998 4.235771143056088 -0.2658944068492823 0.2602620244941971
9999 4.321708643056576 -0.2785031887013783 0.199085249415043
10000 4.310878541836711 -0.1710951950730342 0.4509591223999371
10001 4.405439270916541 -0.2105475975365605 0.4754795611999685
10002 4.238772604252086 -0.1272142642031982 0.4754795611999685
10003 4.238772604249841 -0.2105475975365316 0.4754795611999685
10004 4.415536572972327 0.2826186195397202 0.4771870020895225
10005 4.331073145937074 0.3152372390795269 0.4543740041790449
10006 4.3322032396489 0.2826186195227942 0.3938536687416945
10007 4.415536572970458 0.1992852862063584 0.4771870020895225
10008 4.333333333362592 0.3333333332994237 0.333333333304344
10009 4.416666666687886 0.4166666666497118 0.416666666652172
10010 4.331073145938941 0.3985705724128891 0.4543740041790449
10011 4.415536572976061 0.4492852862064445 0.4771870020895225
10012 4.164406479273373 0.3985705724128891 0.3710406708454806
10013 4.082203239644924 0.4492852862064445 0.3105203354223938
10014 4.250000000022316 0.4166666666497117 0.3333333333186077
10015 4.248869906310492 0.4492852862064446 0.3938536687559582
10016 4.332203239650767 0.3659519528561563 0.3938536687416945
10017 4.165536572985198 0.3659519528561563 0.3105203354081302
10018 4.416666666686019 0.3333333333163496 0.4166666666521719
10019 4.415536572974194 0.3659519528730824 0.4771870020895225
10020 4.416666666687885 0.4166666666497117 0.3333333333186077
10021 4.164406479273373 0.3985705724128891 0.4543740041790449
10022 4.082203239644924 0.4492852862064445 0.4771870020895225
10023 4.082203239640434 0.2826186195397781 0.4771870020895225
10024 4.164406479271127 0.3152372390795559 0.4543740041790449
10025 4.082203239642679 0.3659519528731112 0.4771870020895225
10026 4.248869906308625 0.3659519528730824 0.4771870020895225
10027 4.24886990630638 0.2826186195397492 0.4771870020895225
10028 5.015289537915021 0.01734622766082933 0.1593902736361216
10029 5.12060368302618 -0.05731702683629696 0.164869268212367
10030 4.405439270918409 -0.1272142642032555 0.4754795611999685
10031 4.416666666686019 0.3333333333163497 0.3333333333186076
10032 4.500000000011313 0.4166666666666378 0.4166666666664357
10033 4.248869906310501 0.4492852862064446 0.4771870020895225
10034 4.082203239642679 0.3659519528731113 0.3938536687559582
10035 4.165536572982953 0.2826186195228231 0.3938536687416945
10036 4.082203239644923 0.4492852862064446 0.3938536687559582
10037 3.900296882529881 -0.3283497732396454 0.1589625684433849
10038 4.330765889085278 -0.4032653697184466 0.4118485874837393
10039 4.415382944538023 -0.4516326848592233 0.4559242937418696
10040 4.415382944541759 -0.2849660181926146 0.4559242937418697
10041 4.330765889087146 -0.3199320363851422 0.4118485874837393
10042 4.499999999994504 -0.3333333333333913 0.4166666666664357
10043 4.499999999992636 -0.4166666666666956 0.3333333333328714
10044 4.415382944538022 -0.4516326848592233 0.3725909604083053
10045 4.41538294453989 -0.3682993515259189 0.4559242937418697
10046 4.415382944539891 -0.3682993515259189 0.3725909604083054
10047 4.499999999992636 -0.4166666666666956 0.4166666666664356
10048 4.24871627787319 -0.3682993515258899 0.4559242937418697
10049 4.248716277875058 -0.2849660181925857 0.4559242937418697
10050 4.164099222418201 -0.4032653697184466 0.4118485874837393
10051 4.082049611203869 -0.4516326848592233 0.4559242937418696
10052 4.082049611203869 -0.4516326848592233 0.3725909604083053
10053 4.248716277870946 -0.4516326848592233 0.3725909604083052
10054 4.082049611206113 -0.36829935152589 0.3725909604083053
10055 4.082049611206114 -0.36829935152589 0.4559242937418697
10056 3.999999999991781 -0.4166666666666667 0.4166666666664357
10057 4.248716277870946 -0.4516326848592232 0.4559242937418697
10058 4.826396315784265 -0.3215273159041607 -0.1446149675028917
10059 4.909729649116751 -0.3852456817354019 -0.04166666666721151
10060 4.9145012711762 -0.2949769779870224 0.4624061516254546
10061 4.829002542355908 -0.3399539559738712 0.4248123032509091
10062 4.747834604509493 -0.2949769779869935 0.4624061516254546
10063 4.914501271174731 -0.3783103113202979 0.4624061516254546
10064 4.70914342137916 0.2771325388340987 0.1047551221837122
10065 4.736872938269249 0.3807949865621361 0.1288813105925025
10066 4.560471301505144 0.3911566970353538 0.02687631125739054
10067 4.620942602997107 0.2823133940707075 0.05375262251615621
10068 4.648672119887196 0.3859758417987449 0.07787881092494649
10069 4.648672119887196 0.3859758417987449 0.1612121442585072
10070 4.560471301505143 0.3911566970353538 0.1102096445909513
10071 4.82900254235444 -0.4232872893071468 0.3414789699173448
10072 4.914501271173263 -0.4616436446535733 0.2957394849583259
10073 4.747834604506157 -0.4616436446535734 0.3790728182918902
10074 4.747834604506156 -0.4616436446535734 0.2957394849583259
10075 4.58116793783905 -0.4616436446535734 0.3790728182918901
10076 4.581167937840918 -0.3783103113202689 0.3790728182918902
10077 4.914501271173263 -0.4616436446535734 0.3790728182918902
10078 4.715608404197905 -0.1750370799490941 0.3229716228599769
10079 4.666614353249035 -0.1970666608958232 0.1614858114297944
10080 4.740993449960552 -0.3214938631428159 0.2448191447631224
10081 4.752797952553664 -0.2372506810725904 0.3646382895266409
10082 4.562310548740697 -0.2047435073473068 0.3189849384200432
10083 4.663456501943736 -0.1788755031748359 0.4017211863551013
10084 4.703803901604793 -0.2592802620193195 0.2031524780964584
10085 4.614462450994866 -0.200905084121565 0.2402353749249188
10086 4.651651999350625 -0.2631186852450614 0.2819020415915828
10087 4.749999999992497 -0.4362816341687588 -0.1862816341701614
10088 4.990805747407782 -0.4004812910599815 0.07493669715750198
10089 4.981611494823476 -0.3009625821199629 0.1498733943163791
10090 5.074139080741356 -0.2799741379945856 -0.01368118071014143
10091 5.074139080741809 -0.3633074713301975 0.06965215262268792
10092 4.990805747407327 -0.3171479577243696 -0.008396636175327384
10093 4.903145646541706 -0.1852984151207512 0.3113592057468906
10094 4.833874050844241 -0.1691529570615581 0.3979083200185251
10095 4.681978244132686 -0.1094283793206649 0.1161621686515568
10096 4.746336185965208 0.0002394832012225373 0.2323243373035017
10097 4.849237941727892 -0.08151467548639976 0.3525846772402875
10098 4.800243890779021 -0.1035442564331289 0.1910988658101049
10099 4.730972295081555 -0.08739879837393576 0.2776479800817393
10100 4.784879999895369 -0.1911825380082872 0.2364225085883425
10101 4.770231375936871 0.2033024485742834 0.4494955019851489
10102 4.6911504571825 0.4178275187213838 0.251120243141663
10103 4.882300914351819 0.3356550374427675 0.2522404862840189
10104 4.794715166444016 0.2877966339624204 0.2839490784603762
10105 4.66403601076666 0.2611258122763904 0.2263718132432252
10106 4.751621758674463 0.3089842157567375 0.1946632210668679
10107 5.024483790513521 0.4178275187213838 0.4177869098087916
10108 5.04896758101733 0.3356550374427675 0.3355738196175833
10109 5.024483790513521 0.4178275187213838 0.251120243141663
10110 5.04896758101733 0.3356550374427675 0.2522404862840189
10111 4.947456959222184 0.3792978098180388 0.3756677640568048
10112 5.02448379051352 0.4178275187213838 0.3344535764752273
10113 4.947456959222185 0.3792978098180389 0.2923344307232405
10114 4.970501732733872 0.3304741822061587 0.2199096526180142
10115 4.867552093946605 0.407465808248166 0.1864585758096534
10116 4.779351275564551 0.4126466634847749 0.2187894094756582
10117 4.839822577056516 0.3038033605201286 0.1623323874008632
10118 4.589639835387356 0.4614702910966552 0.4578808542480132
10119 4.67927967076153 0.4229405821933104 0.4157617084960263
10120 4.756306502049529 0.294803624429902 0.4578808542480131
10121 4.589639835385489 0.378136957763293 0.4578808542480131
10122 4.756306502051396 0.3781369577632641 0.4578808542480131
10123 4.589639835387356 0.4614702910966552 0.3745475209144489
10124 4.922973168716908 0.3781369577632641 0.4578808542480131
10125 4.756306502052877 0.4614702910966552 0.4578808542480131
10126 4.694183454347186 0.3440352193308608 -0.2714554781377963
10127 4.597091727180183 0.4220176096654304 -0.2607277390692448
10128 4.763758393845695 0.4220176096654303 -0.2607277390692448
10129 4.597091727180183 0.4220176096654303 -0.3440610724023471
10130 4.763758393845695 0.4220176096654303 -0.344061072402347
10131 4.666666666660013 -0.3725632683375177 -0.2892299350058415
10132 4.58333333332539 -0.4362816341687589 -0.2696149675032674
10133 4.58333333332539 -0.4362816341687588 -0.1862816341701614
10134 4.749999999992497 -0.4362816341687588 -0.2696149675032674
10135 4.698936416554079 -0.31122606318729 -0.06128163416973328
10136 4.622540100761857 -0.3426470481162763 -0.1029483008367263
10137 4.622540100761856 -0.3426470481162763 -0.1862816341698323
10138 4.539206767427234 -0.4063654139475174 -0.08333333333415224
10139 5.083333333337015 0.1666666666665448 -0.4675992358280432
10140 5.166666666668722 0.08333333333326262 -0.4351984716560864
10141 5.083333333335545 0.08333333333315454 -0.4675992358280432
10142 5.083333333333781 0.1666666666705342 -0.3425992358255657
10143 5.000000000000604 0.1666666666704261 -0.3749999999975224
10144 4.749999999992497 -0.4362816341687588 -0.3529483008363696
10145 4.58333333332539 -0.4362816341687588 -0.3529483008363696
10146 4.512649373988818 0.4102986774199468 -0.3311243066653393
10147 4.583333333327258 -0.3529483008354545 -0.3529483008363696
10148 4.60974110115582 0.3323162870853771 -0.2585187124007886
10149 4.750536694072669 -0.3076231223079351 0.4196314480142956
10150 4.757569574609722 -0.23031531065515 0.4520444411522275
10151 4.656423621406683 -0.256183314827621 0.3693081932171693
10152 4.74576507201661 -0.3145584927253755 0.332225296388709
10153 5.757821342971011 -0.2123532640464235 0.3909014432984766
10154 5.721908161496049 -0.2805670183130968 0.3695198181318543
10155 5.597911508146401 -0.2147131699267568 0.4707610228216997
10156 5.695823016296188 -0.1794263398532535 0.4415220456433993
10157 5.826576501487932 -0.2476400941199556 0.4201404204767769
10158 5.764578174813109 -0.2147131699267857 0.4707610228216996
10159 5.659909834821224 -0.2476400941199268 0.420140420476777
10160 4.161274688413517 -0.008265757400800275 -0.4695124970504644
10161 4.327941355079839 -0.008265757400857577 -0.4695124970504644
10162 4.57377788693908 -0.3105496886938566 -0.2771583042536955
10163 4.419270833327023 -0.4166666666688958 0.0810780588441556
10164 3.999999999992381 -0.4040578848167998 0.05892150058974907
10165 3.999999999995225 -0.3081157696335995 0.1178430011808733
10166 4.085937499995714 -0.3207245514856956 0.05666622610171911
10167 3.99999999999238 -0.4040578848167998 0.1422548339233098
10168 4.930425060511204 0.4220176096654304 -0.344061072402347
10169 5.438001673331073 0.4495935908597716 0.4493793976551083
10170 5.376003346655903 0.3991871817195431 0.3987587953102165
10171 5.104668340000051 0.4495935908597715 0.3660460643215439
10172 5.271335006665561 0.4495935908597715 0.366046064321544
10173 5.271335006665544 0.4495935908597715 0.4493793976551082
10174 4.612984654375546 -0.2169151026413739 -0.1938249709202604
10175 4.833333333320231 3.07317363711198e-12 -0.1666666666676219
10176 4.916666666652492 6.771667738110856e-13 -0.08333333333044406
10177 4.789206767424295 -0.07303208061293397 -0.08333333333281803
10178 4.916666666654482 -0.08333333332980467 -0.1666666666659763
10179 4.629826341878516 -0.1132668025464067 0.1949117321466811
10180 4.678820392827387 -0.09123722159967761 0.3563975435768637
10181 5.074139080739364 -0.1966408046641038 0.06965215262539089
10182 5.271547618778119 -0.1692916108198185 0.06634330999502422
10183 5.260773809388057 -0.2096458054070207 0.1581716549977998
10184 5.260773809386782 -0.2558053190124957 0.06955377712900224
10185 5.344107142718586 -0.3391386523477548 -0.01377955620498124
10186 5.333333333328524 -0.379492846934957 0.0780487887977943
10187 5.344107142719861 -0.2929791387422797 0.07483832166381629
10188 6.810541774089634 -0.3557448116028515 -0.1995935908604923
10189 4.990805747407782 -0.4004812910599815 0.1582700304910627
10190 5.179020032858512 -0.153106235215059 0.05794667381991785
10191 5.075718637548841 -0.1772750541975017 0.141378382647587
10192 5.168246223467174 -0.2396199434077363 0.06115714095389588
10193 5.168246223468449 -0.1934604298022612 0.1497750188226934
10194 5.076229922789231 -0.03717187312233285 0.4970379078982098
10195 5.152459845577563 -0.07434374624432193 0.4940758157964196
10196 5.206027858407136 -0.02734094223129418 0.4203038122832468
10197 5.067035670201989 -0.1043198308488664 0.4053079383899618
10198 5.68529692734904 0.1326924145215439 0.1338990535764723
10199 5.786064889056775 0.1266840917994288 0.05659822378618459
10200 5.542710865370205 0.1628820777492398 -0.2335826040715296
10201 5.47916886325463 0.0968127927751754 -0.2093701870923978
10202 6.644211875169194 -0.08776186174012154 0.4509591223997055
10203 6.572105937583435 -0.04388093087049048 0.4754795611998527
10204 6.90543927091611 -0.04388093087060509 0.4754795611998528
10205 6.810878541835532 -0.08776186174017883 0.4509591223997055
10206 6.738772604249884 -0.1272142642037107 0.4754795611998527
10207 6.738772604249773 -0.04388093087054779 0.4754795611998527
10208 6.90543927091622 -0.127214264203768 0.4754795611998527
10209 5.083333333328911 -0.3118671959534789 0.4785338626199527
10210 5.166666666661328 -0.3737343919067841 0.4570677252399053
10211 5.249999999995618 -0.3118671959535077 0.4785338626199527
10212 5.249999999994547 -0.3952005292867543 0.4785338626199527
10213 5.695823016297259 -0.09609300652000527 0.4415220456433994
10214 5.597911508148543 -0.04804650326026046 0.4707610228216996
10215 5.577036790136646 -0.01975197489030977 0.4003228805549567
10216 5.654073580273465 -0.03950394978010389 0.3006457611099133
10217 5.674948298285362 -0.06779847815005458 0.3710839033766563
10218 5.674948298284292 -0.1511318114833028 0.3710839033766562
10219 5.577036790135574 -0.103085308223558 0.4003228805549567
10220 5.597911508147472 -0.1313798365935086 0.4707610228216996
10221 5.319126512242802 -0.1576770795776274 0.4940758157964196
10222 5.409563256119707 -0.2038385397889438 0.4970379078982098
10223 5.463131268951424 0.009830930890580321 0.423265904385037
10224 5.42626253790302 0.01966186178167629 0.3465318087700741
10225 5.409563256121849 -0.03717187312244743 0.4970379078982098
10226 5.319126512243872 -0.07434374624437921 0.4940758157964196
10227 5.372694525072376 -0.1106742755645996 0.4203038122832468
10228 5.372694525073445 -0.02734094223135147 0.4203038122832468
10229 5.463131268950352 -0.07350240244266787 0.423265904385037
10230 5.409563256120778 -0.1205052064556956 0.4970379078982097
10231 5.344107142722001 -0.126312472075699 0.07483832166404551
10232 5.249999999996579 -0.3118671959495117 0.3118671959536695
10233 5.249999999995163 -0.3737343919048006 0.3737343919067637
10234 5.235793178908512 -0.2195442755309038 0.4726096784163722
10235 5.24289658945113 -0.3275729316954967 0.4541056331381151
10236 5.333333333329453 -0.3118671959515242 0.3952005292868111
10237 5.242896589452545 -0.2657057357402078 0.3922384371850209
10238 5.326229922786834 -0.2038385397869313 0.4137045745650682
10239 5.326229922785419 -0.2657057357422202 0.4755717705181625
10240 5.74619951227127 -0.4710102066171976 0.003954832314222262
10241 5.249999999994496 -0.4166666666647409 0.1666666666661691
10242 4.900535396532899 -0.3690603061309953 0.116603363824495
10243 5.395331660004276 -0.3447941201446942 0.3445799269418884
10244 5.083333333331849 -0.1452005292869257 0.4785338626199527
10245 5.166666666662797 -0.2904010585735076 0.4570677252399053
10246 5.249999999997087 -0.2285338626202311 0.4785338626199527
10247 5.08333333333038 -0.2285338626202022 0.4785338626199527
10248 5.242896589454469 -0.1205052064556383 0.4970379078982097
10249 5.159563256120181 -0.1823724024089147 0.4755717705181625
10250 5.083333333327443 -0.3952005292867544 0.4785338626199527
10251 5.24289658945554 -0.03717187312239014 0.4970379078982097
10252 5.999999999992679 -0.3333333333293351 0.2499999999987516
10253 5.999999999993702 -0.4166666666646676 0.2499999999990293
10254 5.895331660003512 -0.4495935908599235 0.2827127309879487
10255 5.790663320012299 -0.3991871817198468 0.3154254619765903
10256 5.895331660002488 -0.366260257524591 0.282712730987671
10257 5.895331660002489 -0.3662602575245909 0.1993793976541102
10258 5.895331660003511 -0.4495935908599233 0.1993793976543879
10259 5.999999999993701 -0.4166666666646675 0.1666666666654686
10260 5.337505512556345 0.06650943608675501 0.3337227126453653
10261 5.285617218258073 0.1035260795007378 0.3976477121356197
10262 5.312375916931717 0.1729387627222692 0.3598362059154366
10263 5.232191367445186 0.1411726905838813 0.32824371806912
10264 5.258950066118828 0.2105853738054128 0.2904322118489369
10265 5.669029707474068 -0.1842999930809731 -0.2226649751834247
10266 5.064944828157364 -0.2794964447399927 0.2950739236034568
10267 5.157472414075555 -0.3575490163000411 0.3653377557316574
10268 4.999999999993556 -0.4166666666667245 0.3333333333328714
10269 4.999999999995024 -0.3333333333334491 0.4166666666664356
10270 5.083333333325974 -0.4785338626200298 0.311867195952824
10271 5.16666666665986 -0.4570677252400597 0.3737343919063409
10272 5.074139080743137 -0.2956818203467358 0.3868038931117047
10273 5.074139080741668 -0.3790151536800113 0.3034705597781404
10274 4.990805747409251 -0.317147957726706 0.3249366971581877
10275 5.083333333327443 -0.3952005292867544 0.3952005292863883
10276 5.150369003532938 -0.2495203601354483 0.3838418010099145
10277 5.074139080744605 -0.2123484870134592 0.3868038931117047
10278 4.780790292556675 0.3792978098180389 0.2923344307232405
10279 5.999999999996067 -0.3333333333335645 0.4166666666664357
10280 5.999999999995396 -0.4166666666667822 0.3333333333328714
10281 5.895331660003511 -0.4495935908599235 0.3660460643215129
10282 5.895331660004183 -0.3662602575267057 0.3660460643215129
10283 5.999999999995396 -0.4166666666667822 0.4166666666664356
10284 5.5619983266693 -0.4495935908599235 0.3660460643215129
10285 5.728664993336406 -0.4495935908599235 0.2827127309879487
10286 5.728664993336405 -0.4495935908599235 0.3660460643215129
10287 5.895331660003158 -0.2829269241913732 0.3660460643212352
10288 5.999999999994373 -0.3333333333314498 0.3333333333325936
10289 5.937506589758692 -0.04270352042551406 -0.2904383783267319
10290 5.937506589759632 0.04270352042473537 -0.2904383783268384
10291 5.877367433982638 -0.01437064944774459 -0.2289054808649725
10292 5.958337726505692 -3.741503634691057e-13 -0.1936255855514193
10293 5.728664993336406 -0.4495935908599235 0.4493793976550773
10294 5.157472414076971 -0.2956818203447522 0.3034705597785632
10295 6.527191549117475 0.2497991118315624 -0.4035924155712566
10296 6.554383098236458 0.2495982236635577 -0.307184831142513
10297 6.527191549117202 0.1664657784980869 -0.4035924155712566
10298 6.443858215784809 0.2694140793339082 -0.3398740497404513
10299 6.416666666665553 0.1862816341684373 -0.4362816341691947
10300 6.833333333330399 0.3737343919064324 0.4570677252397998
10301 6.916666666663373 0.3118671959529563 0.4785338626198998
10302 6.749999999997692 0.3952005292864629 0.4785338626198999
10303 6.83744862770208 0.306055650237032 0.3379609803092678
10304 6.754115294369374 0.3275217876170625 0.359427117689368
10305 5.927019049444283 0.2553634752138863 0.260029076283557
10306 5.780586727367284 0.2572443942632404 0.2666974231430935
10307 5.910864969955796 0.1726305747419321 0.2589088331420412
10308 5.881354689075019 0.2512360715411253 0.1893965933528058
10309 5.416666666666694 -3.502606449198883e-13 -0.4675992358280432
10310 5.333333333333563 -1.848782060526225e-13 -0.4351984716560864
10311 5.395835529921498 0.0968127927753408 -0.176969422920441
10312 5.395835529921499 0.09681279277525484 -0.3436360895868785
10313 5.416666666666694 -2.643201309553626e-13 -0.3009325691616058
10314 6.569485819925519 -0.446647212885291 0.09232148929828114
10315 6.638971639854992 -0.3932944257705819 0.1846429785979374
10316 6.608692587360244 -0.3530126268329054 0.09232148929861012
10317 6.569485819925518 -0.4466472128852909 0.1756548226318418
10318 5.764578174814179 -0.1313798365935375 0.4707610228216996
10319 5.764578174814851 -0.04804650326031776 0.4707610228216996
10320 6.296944142513453 -0.3606672947898165 0.3704237276953386
10321 6.343888285030953 -0.2857330017195002 0.3052458675308728
10322 6.166666666662882 -0.3737343919068708 0.4570677252398696
10323 6.08333333332981 -0.3118671959536088 0.4785338626199348
10324 6.296944142513745 -0.3202662362165102 0.413356002455469
10325 6.380277475846817 -0.3821334321697722 0.3918898650754038
10326 6.213610809180381 -0.2988000988365545 0.3918898650754037
10327 6.249999999996246 -0.3952005292868266 0.4785338626199348
10328 5.916666666661769 -0.4362816341689065 -0.3529483008362624
10329 5.499999999995644 -0.3006287522624965 -0.2522068914007863
10330 5.499999999994524 -0.4003143761312482 -0.2511034457007398
10331 5.583333333328674 -0.3365960103001547 -0.2707184132032067
10332 5.499999999994524 -0.4003143761312482 -0.1677701123676338
10333 5.673250812316477 -0.08701100137872406 -0.2549656766650316
10334 5.58569637414206 -0.08135169224557179 -0.28638334101406
10335 6.091994712347616 0.01416237741288278 0.05669920033616279
10336 6.183989424696481 0.02832475482610934 0.1133984006730131
10337 6.083333333332037 -1.970090757197341e-13 -0.07216878364945559
10338 6.166666666665321 -5.023759186428835e-14 -0.1443375672982236
10339 6.133997113464129 0.1046805079412877 -0.0959891058265484
10340 6.142658492479708 0.1188428853543674 0.03287887815906997
10341 6.175328045680899 0.01416237741302955 -0.01546958331260524
10342 5.91666666666244 -0.3529483008356888 -0.3529483008362624
10343 5.91666666666244 -0.3529483008356887 -0.4362816341693647
10344 5.979168863254033 0.2093701870914307 -0.4301461261089817
10345 5.958337726507303 0.1687403741832078 -0.3602922522179633
10346 6.068337614078579 0.161652027227159 -0.4241790619592762
10347 5.979168863253363 0.1260368537579836 -0.4301461261089816
10348 6.9386117693048 -0.03838726351010961 0.3186239929302786
10349 6.861146978272306 0.04662776454936782 0.3725313382649288
10350 6.761227395744861 0.04388093086931266 0.426438683599572
10351 6.738772604249906 -0.04388093087021996 0.4264386835995652
10352 6.8162373952824 -0.1288959589296974 0.372531338264915
10353 6.916156977809846 -0.1261491252496422 0.3186239929302717
10354 6.927894062411063 0.04388093086892753 0.4754795611998597
10355 6.855788124825438 0.08776186173888639 0.4509591223997193
10356 6.838692186777353 -0.04113409719016479 0.3725313382649219
10357 6.933252915857931 0.002746833679408953 0.3970517770650691
10358 6.910798124362978 -0.08501502806012365 0.3970517770650622
10359 6.833333333330485 -6.462122503769763e-13 0.4509591223997123
10360 5.158986117694498 0.2564122848672717 -0.022523416410024
10361 5.079493058852105 0.3782061424336359 -0.01126170820569956
10362 5.103976849355915 0.2960336611550196 0.07319186827021709
10363 5.111617611569073 0.3888377253384988 0.08840840879018443
10364 5.166626879907658 0.3492163490507508 -0.007306875890056645
10365 6.231300558810132 -0.0383472946205706 0.4408593400038346
10366 6.232514741383241 0.05109771414697516 0.4512160258148387
10367 6.24457630798493 0.1301809076377717 0.487190903875281
10368 6.243362125411819 0.04073589887022595 0.4768342180642768
10369 6.32127176673035 0.004250139841848371 0.4640251219395578
10370 6.154605100064711 0.08758347317535276 0.4640251219395577
10371 5.478664993336079 -0.4281274534799533 0.3445799269414656
10372 5.166666666672434 0.2892299350042363 -0.3725632683385992
10373 5.083333333338869 0.2696149675020316 -0.4362816341692995
10374 5.250000000004779 0.2696149675020026 -0.4362816341692995
10375 5.250000000003709 0.1862816341685841 -0.4362816341692995
10376 5.438001673331073 0.4495935908597715 0.366046064321544
10377 6.102393431826131 0.2146750930262356 0.4049778136832878
10378 4.607337352251506 0.007984659510505455 -0.1170516211899598
10379 4.678668676119737 0.003992329757987318 -0.1835258105973797
10380 4.564222440550549 -0.08186944238170558 -0.2650866735029183
10381 4.657111220269259 -0.0409347211881182 -0.2575433367538589
10382 4.634542110223801 -0.06903975085801983 -0.1001924772625759
10383 4.585779896401027 -0.03694239143560007 -0.191069147346439
10384 4.612984654373324 -0.1139668018041253 -0.1742100034190551
10385 5.621754925233465 0.06662312954747956 0.1581114705556041
10386 5.756102936861115 0.3394168755417297 0.3489105133350867
10387 5.878051468431946 0.4197084377708649 0.4244552566675433
10388 5.878051468430604 0.2530417711039673 0.4244552566675434
10389 5.756102936860444 0.2560835422082809 0.3489105133350867
10390 5.79471813509902 0.3982423003908406 0.4029891192874736
10391 5.91666666666918 0.395200529286527 0.4785338626199303
10392 5.878051468431274 0.336375104437416 0.4244552566675433
10393 5.794718135098349 0.3149089670573919 0.4029891192874736
10394 6.104668339993541 0.4495935908597787 0.1993793976543924
10395 5.583560685102038 0.4310156464459526 -0.3440175081900259
10396 6.42552988332653 -0.3826500347227939 -0.4510505322187985
10397 6.258863216659824 -0.382650034722765 -0.4510505322187986
10398 5.479168863258909 0.4301461261087666 -0.04270352042641869
10399 5.458337726511574 0.3602922522175331 -0.08540704085146225
10400 5.523886998353589 0.3498545638796313 0.04841840290824968
10401 5.465185289490967 0.3907186443879798 0.09507675564893615
10402 5.399636017648953 0.4011563327258816 -0.03874868811077577
10403 5.083333333341808 0.4362816341688137 -0.2696149675030952
10404 5.166666666673903 0.3725632683376274 -0.2892299350054969
10405 5.083333333341807 0.4362816341688138 -0.1862816341699891
10406 5.250000000007319 0.4362816341688138 -0.1862816341699891
10407 5.583560685100968 0.3476823131125326 -0.3440175081900259
10408 5.583560685100968 0.3476823131125326 -0.4273508415231281
10409 5.438001673330003 0.3662602575263517 0.4493793976551081
10410 5.521335006663659 0.4281274534797473 0.4279132602750386
10411 5.521335006662589 0.3447941201463274 0.4279132602750385
10412 4.638884836363133 -0.08824079752634778 0.0268763112580485
10413 4.660149370426102 0.04261464678985677 0.05375262251648519
10414 4.611680078390836 -0.01121638715782249 0.01001716733066458
10415 4.538263642073699 -0.1459102546997688 0.06189041956735227
10416 4.586732934108964 -0.09207922075208956 0.1056258747531729
10417 4.952187580519347 0.05398200956910561 0.2755524422856926
10418 4.927703790007218 -0.03051217581951773 0.1910988658124789
10419 5.349244647981189 0.2464411651645918 0.4365703015303996
10420 4.537300757421152 0.1579230179275681 -0.1791077572577297
10421 4.536653392902212 0.08495000359529586 -0.1148425945201348
10422 4.433588474597911 0.1500564909824172 -0.01685914392777211
10423 4.484797251490592 0.08101674012272042 -0.03371828785515603
10424 4.585122684937478 0.1387810375429751 -0.07110713933431423
10425 4.533266543525858 0.1348477740703996 0.01001716733066459
10426 4.485444616009532 0.1539897544549927 -0.09798345059275089
10427 4.533913908044798 0.207820788402672 -0.05424799540693028
10428 5.21471082575399 -0.1002961655799294 0.156374256540872
10429 5.307238411673598 -0.116481541184689 0.1647708927159783
10430 5.56354200211754 0.2327359516404719 -0.3575457503126944
10431 5.627084004232045 0.2154719032812036 -0.2150915006253887
10432 5.542710865371275 0.2462154110826584 -0.2335826040715296
10433 5.563542002116471 0.1494026183070533 -0.3575457503126944
10434 4.747711350585286 0.4643582464214385 0.07136363889175583
10435 4.730820246011235 0.4442590585527034 -0.0102802212177811
10436 4.822931472482464 0.2837041726513937 0.08068852729132622
10437 4.719981833695197 0.3606957986934011 0.04723745048296554
10438 4.850660989372553 0.387366620379431 0.1048147157001165
10439 5.166666666670578 0.1862816341687495 -0.4038808699973429
10440 5.333333333335418 0.102948300835302 -0.4038808699973429
10441 5.250000000001855 0.08333333333309723 -0.4675992358280432
10442 5.250000000007318 0.4362816341688137 -0.2696149675030951
10443 5.083333333341807 0.4362816341688137 -0.3529483008361973
10444 5.00000000000031 0.3333333333411969 -0.08333333332883668
10445 5.000000000005011 0.4166666666705984 -0.0416666666651059
10446 5.083333333337105 0.3529483008394121 -0.1446149675006138
10447 5.083333333337105 0.3529483008394121 -0.2279483008337198
10448 5.000000000005011 0.4166666666705984 -0.124999999998212
10449 5.329493058845715 0.04487280910021009 -0.1455276106997219
10450 5.416666666665674 -0.06698104279809328 -0.3853693481949875
10451 5.083333333340338 0.3529483008354226 -0.4362816341692995
10452 5.083333333340339 0.3529483008354226 -0.3529483008361973
10453 5.000000000008244 0.416666666666609 -0.4166666666668977
10454 7.534026883305547 0.1165926759698408 0.1692403205533488
10455 7.581718685072994 0.1086330688042486 0.1006377499097633
10456 7.894218119020603 -0.1448339661510314 0.3092387547350165
10457 7.7617517166714 -0.4563883400543416 0.3913175563673545
10458 7.595085050004294 -0.4563883400543416 0.3913175563673547
10459 4.597091727172713 0.08868427633198243 -0.4273944057354493
10460 4.694183454343451 0.1773685526641368 -0.3547888114708985
10461 4.525298747960719 0.1539306881731696 -0.3289152799968831
10462 4.512649373981347 0.07696534408649885 -0.4144576399984415
10463 4.59709172717458 0.1720176096653443 -0.4273944057354493
10464 4.609741101152085 0.1656496204186532 -0.3418520457338908
10465 4.512649373983214 0.1602986774198606 -0.4144576399984415
10466 7.928418383338506 -0.3730550067212393 0.3913175563673545
10467 7.499999999998616 -0.4166666666668689 0.4166666666664357
10468 7.928418383338506 -0.4563883400543416 0.3913175563673545
10469 7.727551452353369 -0.1448339661509741 0.3925720880685809
10470 7.560884785686198 -0.1448339661509452 0.3925720880685809
10471 7.538276056569037 -0.1715064752844095 0.27427430586479
10472 7.462517994059631 0.05519309111532281 0.2848349890576106
10473 7.219916376726808 0.3957806923471516 0.2620071961564194
10474 7.234958188361767 0.4156911401035286 0.3488043920080797
10475 7.068291521694624 0.4586234148635915 0.2250700001011244
10476 7.136583043393236 0.417246829727183 0.2001400002029417
10477 7.151624855028196 0.43715727748356 0.286937196054602
10478 7.2477181165051 0.324064814185987 0.3291688857453702
10479 7.164384783171529 0.3455309515660184 0.2673016897918926
10480 7.894218119020603 -0.1448339661510314 0.05923875473433078
10481 7.76373077457576 -0.1841375066969348 -0.1026268572742538
10482 7.827436266713224 -0.2756790235231114 -0.1182421746195595
10483 7.91294796040227 -0.458577555748121 -0.4779661418793563
10484 7.825895920804538 -0.417155111496242 -0.4559322837587126
10485 7.912947960402269 -0.3752442224149973 -0.4779661418793563
10486 7.91294796040227 -0.458577555748121 -0.3946328085462327
10487 7.727551452353369 -0.061500632817868 0.3925720880685809
10488 7.894218119020602 -0.1448339661510314 0.3925720880685808
10489 7.894218119020535 0.3092387547350187 -0.06150063281792295
10490 7.904842222578682 0.3113995848538859 0.05107199816148808
10491 7.238329165014473 -0.424347505869756 -0.1741786477746442
10492 7.244164582506173 -0.3665962041886328 -0.2415117751411076
10493 7.160831249172668 -0.4303145700194629 -0.138563474305709
10494 7.327497915839775 -0.4303145700194629 -0.221896807638815
10495 7.754038350806257 0.4773178337095906 0.4796024147614527
10496 7.59397304593146 0.3696525427003909 0.3841741157846453
10497 7.587371684138907 0.4773178337095906 0.3962690814278884
10498 7.757782490312435 0.4703942402870129 -0.3692897153777172
10499 7.927306379266181 0.1196525426997016 0.3008407824510809
10500 7.754038350806267 0.4773178337095906 0.3962690814278884
10501 7.738175555911322 0.3947329181874503 0.3010719981621739
10502 7.760639712598884 0.2029858760332912 0.4675074491182097
10503 7.593973045931524 0.2863192093668555 0.4675074491182097
10504 7.499999999997981 0.4166666666664645 0.4166666666664357
10505 7.593973045931522 0.2863192093668555 0.3841741157846453
10506 7.904842222578682 0.1447329181867609 0.1344053314950488
10507 7.904842222578682 0.1447329181867609 0.2177386648286095
10508 7.904842222578682 0.2280662515203216 0.1344053314950488
10509 7.249999999997522 -0.05296154160706914 0.4513535975765621
10510 7.894218119020535 0.1425720880678937 -0.3115006328172373
10511 7.894218119020535 0.1425720880678938 -0.3948339661503396
10512 4.608632081289384 0.15393068817505 -0.2455819466651496
10513 4.679316040638676 0.0769653440902596 -0.2477909733349746
10514 4.763758393830043 0.08868427633574318 -0.2607277390719824
10515 4.777516787672116 0.1773685526660172 -0.271455478139165
10516 4.704275936322037 0.1156467274058639 -0.02958071081831862
10517 4.727137968155003 0.05782336370566656 -0.1397903554115591
10518 4.693074434480749 0.1656496204205336 -0.2585187124021573
10519 4.65645400880571 0.134788707790457 -0.1375813287417341
10520 4.740896361997077 0.1465076400359406 -0.1505180944787418
10521 7.894218119020535 0.1425720880678937 -0.2281672994841351
10522 7.894218119020535 0.2259054214014544 -0.3115006328172373
10523 7.922121898120518 -0.4595069664589674 -0.2025156701931443
10524 7.844243796241035 -0.4190139329179347 -0.1550313403855952
10525 7.835069858522787 -0.4180845222070884 -0.2638151454056027
10526 7.755455231453411 -0.4595069664589674 -0.2025156701931443
10527 7.746281293735164 -0.458577555748121 -0.3112994752131518
10528 6.775359254027349 -0.3530126268329054 0.09232148929861012
10529 6.736152486592624 -0.4466472128852909 0.09232148929828113
10530 7.922121898120517 -0.3761736331258652 -0.03584900352693211
10531 7.746281293735162 -0.458577555748121 -0.3946328085462541
10532 7.746281293735098 -0.3752442224149899 -0.4779661418793563
10533 7.579614627067992 -0.3752442224149899 -0.394632808546254
10534 7.579614627068057 -0.458577555748121 -0.4779661418793563
10535 7.659229254137433 -0.417155111496242 -0.4559322837587126
10536 7.579614627068057 -0.458577555748121 -0.394632808546254
10537 7.579614627067992 -0.3752442224149899 -0.4779661418793563
10538 7.499999999998617 -0.4166666666668689 -0.4166666666668977
10539 7.746281293735162 -0.458577555748121 -0.4779661418793563
10540 7.190325778638067 0.05443575734766973 0.2369521805990981
10541 7.184966925191184 0.1789031878702236 0.2320466313990977
10542 6.091994712342885 -0.1525042892495565 0.2233658670022705
10543 6.183989424694115 -0.0550085785051103 0.196731734006067
10544 6.222272188195151 -0.1394371921346169 0.2200552027915815
10545 6.238998078204569 -0.2669743049245719 0.1292840029846035
10546 6.200715314703532 -0.1825456912950653 0.1059605341990889
10547 7.177384373557756 -0.2489348610463913 0.2598110983968546
10548 7.338692186778219 -0.3744674305231956 0.2549055491980808
10549 7.26658624919216 -0.3499469917232518 0.2154531467345377
10550 7.31608345766093 -0.2344732729903943 0.2199411003278542
10551 7.243977520074872 -0.2099528341904505 0.1804886978643111
10552 6.920781961034829 0.4108551209505691 0.359427117689368
10553 6.841563922073648 0.3217102419011382 0.218854235378736
10554 6.75411529436926 0.410855120950569 0.2760937843558037
10555 6.92078196103483 0.410855120950569 0.2760937843558037
10556 6.849919582524862 0.002746833679786537 0.3025538940468018
10557 6.827464791029907 -0.08501502805974608 0.3025538940467949
10558 6.749999999997414 -2.686444816601963e-13 0.3564612393814449
10559 7.083333333330867 -0.4362816341691699 -0.4362816341691904
10560 7.166666666664369 -0.3725632683383397 -0.3725632683383807
10561 7.249999999997859 -0.3529483008360099 -0.4362816341691903
10562 7.083333333330754 -0.35294830083601 -0.4362816341691903
10563 7.249999999997971 -0.4362816341691699 -0.4362816341691903
10564 7.083333333330755 -0.3529483008360099 -0.3529483008360881
10565 7.083333333330867 -0.4362816341691699 -0.3529483008360881
10566 6.999999999997249 -0.4166666666668401 -0.4166666666668977
10567 4.84533534278426 0.003992329753195303 -0.01685914392302415
10568 4.690670685583767 0.007984659508109447 -0.03371828785278205
10569 4.739139977619033 0.06181569345578868 0.01001716733303856
10570 4.717875443556063 -0.06903975086041583 -0.01685914392539812
10571 4.766344735591329 -0.01520871691273662 0.02687631126042248
10572 4.680425060501378 0.0886842763338628 -0.3440610724037159
10573 4.595982707310012 0.07696534408837924 -0.3311243066667081
10574 7.416666666665014 -0.3529483008360387 -0.4362816341691903
10575 6.457823414885898 -0.3639441890072792 -0.1141275120551943
10576 6.581080965959242 0.1936873429695074 -0.4643270128274026
10577 6.66216193191999 0.1373746859394477 -0.4286540256548052
10578 6.588939104577368 0.2976027762795933 -0.4478571324611564
10579 6.677878209156243 0.3452055525596197 -0.3957142649223129
10580 6.670020070538117 0.2412901192495337 -0.412184145288559
10581 6.747747632625194 0.1936873429694784 -0.4643270128274027
10582 6.755605771243319 0.2976027762795643 -0.4478571324611563
10583 6.91079812436309 -0.1683483613932866 0.3970517770650622
10584 7.005358853443669 -0.1244674305237128 0.4215722158652095
10585 6.978120673455628 -0.3218879015118624 0.3957823212968977
10586 7.075301520193261 -0.3752406886265715 0.4701274986643664
10587 6.902819153259617 -0.363313879552131 0.4256548226325312
10588 6.983479526902386 -0.279688665368218 0.3173545371621072
10589 6.908178006706262 -0.2377813100753267 0.3472270384977407
10590 7.408634853527587 -0.4585740219597314 0.3034608319972378
10591 7.317269707056493 -0.4171480439194628 0.3569216639951685
10592 7.317269707056429 -0.3338147105863317 0.4402549973287329
10593 7.408634853527458 -0.2919073552934692 0.4701274986643664
10594 7.333333333331284 -0.2725897498793153 0.31937386181956
10595 7.416666666664982 -0.3862948749396576 0.2846869309094335
10596 7.408634853527523 -0.3752406886266002 0.3867941653308021
10597 7.416666666664918 -0.3029615416065264 0.3680202642429978
10598 7.325301520193825 -0.261535563566258 0.4214810962409285
10599 7.325301520193888 -0.344868896899389 0.3381477629073642
10600 7.241968186860301 -0.2919073552934404 0.4701274986643664
10601 7.408634853527587 -0.4585740219597314 0.4701274986643664
10602 7.317269707056493 -0.4171480439194628 0.4402549973287329
10603 7.241968186860482 -0.4585740219597314 0.3867941653308021
10604 7.241968186860481 -0.4585740219597314 0.4701274986643664
10605 7.408634853527587 -0.4585740219597314 0.3867941653308021
10606 7.241968186860367 -0.3752406886265715 0.4701274986643664
10607 6.761227395744997 0.1272142642024603 0.4754795611998597
10608 6.761227395744884 0.2105475975359642 0.4754795611998597
10609 6.92789406241095 0.1272142642024314 0.4754795611998597
10610 5.278935982111159 0.3916140040940016 0.123955728952144
10611 5.296470501045945 0.3701973883366582 0.2360469609587344
10612 5.191802161055605 0.4206037974768866 0.1200008966365011
10613 5.216285951559414 0.3384313161982704 0.2044544731124178
10614 5.12915213050386 0.3674211095811553 0.2004996407967748
10615 7.271256835725156 0.06651598756700895 -0.4222375551120197
10616 7.437923502392409 0.06651598756698006 -0.4222375551120197
10617 7.560884785685879 0.3092387547350476 -0.3115006328172374
10618 7.083333333329862 0.3333333333329739 -0.4166666666668959
10619 7.249999999997051 0.4166666666664804 -0.2500000000006914
10620 7.261080660765985 0.03102976073055264 0.1643168143299316
10621 7.255540330381784 -0.06392743204421014 0.259188803529809
10622 7.177565850495021 -0.05209998762774817 0.2294074218184564
10623 7.268300258524832 0.04260831293120779 0.2667335623104508
10624 6.999999999996235 0.3333333333329869 -0.4166666666668978
10625 6.999999999996121 0.4166666666664934 -0.3333333333337956
10626 7.08333333332986 0.3333333333329739 -0.3333333333337936
10627 7.083333333329747 0.4166666666664804 -0.3333333333337937
10628 6.999999999996122 0.4166666666664933 -0.4166666666668977
10629 7.408634853527522 -0.3752406886266002 0.4701274986643663
10630 7.358416405981529 -0.2097492007842501 -0.123181987016658
10631 7.333333333331369 -0.3417837511514592 -0.1862816341695127
10632 4.586427260919965 0.0360306228966722 -0.2553343100840339
10633 4.5030939275913 0.03603062289479182 -0.3386676434157673
10634 4.573777886940595 -0.04093472118999857 -0.3408766700855924
10635 7.262759928140571 0.05357420336834876 0.4588983563572039
10636 6.831357898988855 -0.03652305712233304 -0.1593978474536523
10637 6.735994836157168 0.05253134144853801 -0.2253401265513886
10638 6.883661083293411 -0.006255845539547566 -0.2365756580153214
10639 7.401624855029228 0.4586234148635915 0.391736666768253
10640 7.303249710060538 0.417246829727183 0.2834733335365061
10641 7.401624855029226 0.4586234148635915 0.3084033334346887
10642 7.401624855029292 0.3752900815300561 0.391736666768253
10643 7.333333333330521 0.3737343919064017 0.4570677252398266
10644 7.416666666664314 0.3118671959528977 0.4785338626199133
10645 7.333333333330458 0.4570677252399371 0.4570677252398266
10646 7.416666666664188 0.4785338626199686 0.4785338626199133
10647 7.249999999996946 0.395200529286433 0.4785338626199134
10648 7.416666666664251 0.395200529286433 0.4785338626199134
10649 7.24999999999693 0.4785338626199685 0.4785338626199133
10650 7.318291521695498 0.43715727748356 0.3702705293881664
10651 7.318291521695562 0.3538239441500246 0.3702705293881663
10652 7.331051449838894 0.2621976182324831 0.3506350231254569
10653 7.234958188361926 0.4586234148635915 0.2250700001011243
10654 7.234958188361927 0.4586234148635915 0.3084033334346887
10655 6.51576947919338 -0.4172361202971029 -0.1633888459184018
10656 6.736152486592624 -0.4466472128852909 0.1756548226318418
10657 6.249999999999916 0.2696149675019417 -0.4362816341691947
10658 6.902819153259729 -0.4466472128852909 0.1756548226318418
10659 7.068291521695047 0.2919567481956412 0.2250700000986711
10660 7.136583043393447 0.3339134963932079 0.2001400002017151
10661 7.068291521694835 0.3752900815296163 0.2250700000998977
10662 7.16438478317174 0.2621976182320434 0.267301689790666
10663 7.157165185412893 0.2506190660313882 0.1648849418101468
10664 7.065844232976064 -0.076178395228963 0.1296957994216061
10665 7.143818712862816 -0.1072130816880567 0.04145691688963874
10666 7.005358853443442 0.04219923614295397 0.4215722158652095
10667 7.096093261473253 0.1369075367019099 0.4588983563572039
10668 7.249999999996885 0.4785338626199685 0.395200529286349
10669 6.509035092835219 0.2235859488449793 0.02609378435577586
10670 6.635690487973843 0.2280756558483433 0.0521875687119399
10671 6.548241860269456 0.3172205348977742 0.02609378435544688
10672 6.548241860269455 0.3172205348977742 0.1094271176890076
10673 7.346093261473853 0.28210806598886 0.4374322189771173
10674 6.881225104950915 -0.270125962736982 -0.0796429738340414
10675 6.847615062461117 -0.3091320778513466 -0.2142118732072184
10676 6.971611715811814 -0.4103732825408725 -0.1483580248207504
10677 6.943223431626263 -0.3207465650817449 -0.04671604964080739
10678 6.91939075126261 -0.2551197357971845 -0.1630030160767529
10679 6.909613389136465 -0.3597526801961095 -0.1812849490139844
10680 6.981389077937959 -0.3057403381419474 -0.1300760918835188
10681 7.147392924267248 0.09527318799246176 -0.2127681332371681
10682 7.276797166109411 0.1085116387358355 -0.1490892800688975
10683 7.152933254651566 0.05393550582775313 -0.1062865248602542
10684 6.959469421872015 0.2787572004248914 -0.2905305781251503
10685 7.042802755205755 0.1954238670913719 -0.2905305781251484
10686 6.370517296500433 -0.2508146766106375 -0.2414413823903165
10687 7.064059590933621 0.09527318799247474 -0.2961014665702723
10688 7.104590169057952 0.06651598756706625 -0.4222375551120198
10689 6.959469421872243 0.112090533757881 -0.3738639114582525
10690 6.922272437909046 0.4642694429465487 -0.4478571324611564
10691 6.844544875822082 0.4285388858930974 -0.3957142649223129
10692 6.922272437909157 0.3809361096130421 -0.3645237991280541
10693 6.922272437909044 0.4642694429465487 -0.3645237991280541
10694 6.922272437909159 0.3809361096130421 -0.4478571324611563
10695 6.677878209156515 0.4285388858930974 -0.3957142649223129
10696 6.588939104577911 0.4642694429465487 -0.4478571324611564
10697 6.755605771243478 0.4642694429465487 -0.3645237991280541
10698 6.755605771243497 0.4642694429465487 -0.4478571324611563
10699 6.75560577124359 0.3809361096130421 -0.4478571324611563
10700 6.499999999998764 0.3333333333330447 -0.4166666666668978
10701 6.499999999999035 0.4166666666665223 -0.3333333333337956
10702 6.588939104577639 0.380936109613071 -0.3645237991280541
10703 6.588939104577638 0.380936109613071 -0.4478571324611563
10704 6.588939104577911 0.4642694429465487 -0.3645237991280541
10705 6.499999999999034 0.4166666666665223 -0.4166666666668977
10706 6.754115294369102 0.2441884542835848 0.359427117689368
10707 4.607984716770444 0.08095767384277774 -0.1813167839275547
10708 4.655806644286771 0.0618156934581847 -0.07331616600413923
10709 6.916666666663261 0.3952005292864629 0.4785338626198998
10710 6.920781961034942 0.3275217876170625 0.359427117689368
10711 6.837448627701966 0.3893889835705385 0.3379609803092679
10712 6.920781961034942 0.3275217876170625 0.2760937843558036
10713 6.803621238454875 -0.1213148293967556 -0.02222193627867011
10714 6.662161931919719 0.05404135260597229 -0.4286540256548053
10715 6.581080965958696 0.02702067630255643 -0.4643270128274026
10716 6.914414299291372 0.02702067630244182 -0.4643270128274026
10717 6.828828598586055 0.05404135260591497 -0.4286540256548052
10718 6.914414299291596 -0.139645990363884 -0.4643270128274026
10719 6.828828598586167 -0.02929198072724795 -0.4286540256548052
10720 6.747747632625033 0.02702067630249912 -0.4643270128274027
10721 6.747747632625146 -0.05631265703066379 -0.4643270128274026
10722 6.914414299291483 -0.05631265703072111 -0.4643270128274026
10723 7.249999999997865 -0.4055021169822893 -1.007985227037528e-12
10724 7.344560729078914 -0.3809816781823455 0.04388093086900958
10725 6.635464064197207 0.1932855666334981 -0.2715118439699157
10726 6.689353481038973 0.1371737977714431 -0.3322464412260617
10727 6.779463726200941 0.1406468460153138 -0.1513202384877617
10728 6.680519186778191 0.1950220907554334 -0.1810487426007656
10729 6.6972116196571 0.2410892310815291 -0.3157765608598155
10730 6.734408603619958 0.1389103218933785 -0.2417833398569117
10731 6.742266742238083 0.2428257552034644 -0.2253134594906655
10732 6.938001673322015 -0.4493793976552371 -0.3662602575270295
10733 6.924191661417854 -0.118346379298119 -0.3627117465570688
10734 7.00977736212317 -0.1453670556015921 -0.3983847337296663
10735 6.924191661417742 -0.03501304596495605 -0.3627117465570689
10736 7.160831249172563 -0.3995350528325824 -0.0356151734699432
10737 7.244164582506066 -0.3358166870017523 -0.1385634743053418
10738 6.258863216660094 -0.2993167013895761 -0.4510505322187986
10739 6.583160879892652 0.1630183550507127 -0.1943340334082465
10740 6.584747112429863 0.07663937460587221 -0.1778908201027234
10741 6.643417958478328 0.157407697502764 -0.09798116681428866
10742 6.577019641925378 0.1473073329514515 -0.02772208457649486
10743 6.516762563339703 0.1529179904994001 -0.1240749511704527
10744 6.575433409388168 0.2336863133962919 -0.04416529788201793
10745 6.938001673321901 -0.3660460643220771 -0.4495935908601318
10746 6.167142282987218 0.2033370707426594 0.1173324546339727
10747 5.879225498012861 -0.09106634998383312 -0.3288745878687219
10748 5.82094440626797 -0.05402213869190273 -0.3673107974108184
10749 5.819086342237748 0.02267356184418579 -0.2673416904070691
10750 5.819086342236806 -0.06273347900606364 -0.2673416904069625
10751 5.879225498013802 -0.005659309133583687 -0.3288745878688284
10752 6.031011631712836 -0.1686770240168114 -0.1196108642038172
10753 6.140505815855722 -0.08433851200835746 -0.1680586075754044
10754 6.165893084880719 -0.1977132473852327 -0.1299618233967641
10755 6.036341345775437 -0.1270420324336441 -0.192702616701949
10756 5.979168863251752 -0.04270352042571287 -0.4301461261088751
10757 5.958337726504752 -0.08540704085073818 -0.3602922522177502
10758 5.958337726505692 -4.887479310156095e-13 -0.3602922522178568
10759 5.90005663475986 -0.04836282955880781 -0.3987284617598467
10760 5.756584145649507 -0.1229782594163823 -0.2734771984674521
10761 6.519110892777239 0.2485361090497901 0.2650866735003969
10762 6.509555446388273 0.374268054524895 0.257543336749852
10763 6.470348678954035 0.2806334684721001 0.1742100034166202
10764 6.447557119713526 0.3238616453846738 0.2902560677384981
10765 6.398794905890322 0.3559590048069838 0.1993793976547214
10766 4.762002009451998 0.003992329755591311 -0.1001924772602019
10767 4.810471301487263 0.05782336370327055 -0.05645702207438133
10768 6.841786884766572 -0.1063086024569581 -0.1055819785213815
10769 6.255835417491167 0.1385634743045132 -0.3358166870018198
10770 6.85241597261636 -0.1723587213522811 -0.4139206036875345
10771 6.68574930594991 -0.08902538801906085 -0.4139206036875345
10772 6.605202566695958 -0.2274610466382697 0.314490386287853
10773 6.616429962443465 -0.1835801157683185 0.2445129420697329
10774 6.724925090845632 -0.1571948104218414 0.3066365008141166
10775 6.113165976718069 0.1473840283663972 -0.1928018986019676
10776 6.062502196585976 0.04270352042491252 -0.1689815764248747
10777 6.250000000000858 0.4362816341688682 -0.3529483008360925
10778 6.416666666666368 0.4362816341688682 -0.3529483008360925
10779 6.416666666666098 0.3529483008353905 -0.3529483008360925
10780 6.14583552992052 0.2486001220960646 -0.3027093944473712
10781 6.041671059840546 0.1883553416855247 -0.2965738863871581
10782 6.151670947411822 0.1812669947294759 -0.3604606961284709
10783 6.145835529919891 0.1456518212605619 -0.271929877260507
10784 4.86085012100976 0.1773685526640795 -0.3547888114708985
10785 4.930425060505329 0.08868427633186787 -0.4273944057354492
10786 4.763758393840889 0.172017609665287 -0.4273944057354493
10787 4.930425060506797 0.1720176096652581 -0.4273944057354493
10788 4.763758393842357 0.2553509429986772 -0.4273944057354493
10789 6.083333333334677 0.3529483008354193 -0.4362816341691947
10790 6.083333333335347 0.4362816341688682 -0.3529483008360925
10791 6.083333333334677 0.3529483008354193 -0.3529483008360925
10792 6.162808854834728 0.1086915365416403 0.1272194942171647
10793 6.049633572624109 0.1748959408439447 0.0843413874244658
10794 6.121477922617954 0.1992096670698984 0.04669997170322147
10795 6.070814142485863 0.09452915912841373 0.07052029388031429
10796 6.130277475845968 -0.403599569549728 0.4133560024554691
10797 6.260554951697211 -0.3071991390994559 0.326712004910938
10798 6.213610809179711 -0.3821334321697722 0.3918898650754038
10799 6.380277475846818 -0.3821334321697722 0.3085565317418394
10800 6.296944142513075 -0.4035995695497279 0.3300226691219047
10801 6.438001673324561 0.4495935908597787 0.4493793976550818
10802 6.376003346649815 0.3991871817195575 0.3987587953101636
10803 6.27133500665901 0.4495935908597787 0.4493793976550818
10804 6.271335006659051 0.4495935908597787 0.3660460643215174
10805 6.396159763028674 -0.1024588932433872 -0.03118866806613586
10806 6.747747632625305 0.1103540096359746 -0.4643270128274026
10807 6.914414299291257 0.1103540096359457 -0.4643270128274027
10808 6.271335006659051 0.4495935908597787 0.2827127309879531
10809 6.43800167332429 0.366260257526301 0.3660460643215174
10810 6.43800167332429 0.366260257526301 0.4493793976550818
10811 6.43800167332456 0.4495935908597787 0.3660460643215175
10812 6.095297932993372 0.1790233445167057 0.154973870355217
10813 6.377459899232131 0.3426470481160733 -0.1862816341695553
10814 6.113165976718697 0.2503323292018999 -0.2235814157888318
10815 6.687449508801166 0.08481565206121057 0.3051916815985729
10816 6.116478502855125 0.09865656280117474 0.1411527768110655
10817 6.55779730665842 0.1914885894226692 0.1169704544395525
10818 6.597004074092659 0.2851231754754641 0.2003037877727843
10819 6.243362125411148 -0.04259743446322113 0.4768342180642769
10820 6.130277475846639 -0.3202662362165102 0.413356002455469
10821 6.08333333332914 -0.3952005292868265 0.4785338626199348
10822 6.260684883442571 -0.01427267963648151 0.2568992854041858
10823 6.245385629839795 -0.07103249151229893 0.3437009697985081
10824 6.298967646943607 -0.09870129326598809 0.2802227541897003
10825 6.246599812412907 0.01841251725524683 0.3540576556095122
10826 6.284882575913942 -0.06601609637425974 0.3773811243950267
10827 6.130277475846639 -0.3202662362165102 0.3300226691219047
10828 6.130277475844945 -0.3202662362143955 0.2466893357880627
10829 6.130277475845967 -0.4035995695497279 0.3300226691219047
10830 0.1693106004120343 -0.139809151098226 -0.01868746142698672
10831 0.205153940967528 -0.2305564716110629 0.02667381732671613
10832 4.930425060503564 0.1720176096692475 -0.3023944057329718
10833 0.1693106004120343 -0.05647581776466528 -0.01868746142698672
10834 0.07808669093576109 -0.0550273093068103 0.03016071089646995
10835 0.1693106004120343 -0.05647581776466528 -0.1020207947600928
10836 0.07424315326673324 -0.06359634604565595 -0.369782520567103
10837 4.930425060494565 0.08868427633095116 -0.09406107239762675
10838 4.860850121004377 0.1773685526636211 -0.1881221448019872
10839 4.847091727162304 0.08868427633334716 -0.1773944057348046
10840 4.824229695329338 0.1465076400335445 -0.06718476114156402
10841 0.5744370817535427 0.4479412249443992 0.2013974327883586
10842 0.6488741635050044 0.3958824498887983 0.1527948655774102
10843 0.5757255093732726 0.3595913398107218 0.1915906153927686
10844 0.5744370817535426 0.4479412249443991 0.1180640994547979
10845 0.4256281258008844 0.3089025660042015 0.2631023591358308
10846 0.5012884276215528 0.3283167815331916 0.3235265159372813
10847 0.4256281258006263 0.2255692326710704 0.346435692469395
10848 4.76375839383902 0.08868427633192513 -0.4273944057354493
10849 0.07424315326673324 0.01973698728790476 -0.369782520567103
10850 0.4075764866001633 -0.06359634604574213 -0.4531158539002052
10851 0.4245572428097032 -0.1681151751236875 -0.3821815056572484
10852 0.2409098199335774 0.01973698728784746 -0.4531158539002052
10853 0.07424315326673323 0.1030703206210108 -0.2864491872340008
10854 0.8577030509441271 -0.2328302910113249 0.2175984742513808
10855 0.7457795173934676 0.3803941836786802 0.4674241244503529
10856 0.4789986017008793 0.3277482032850056 -0.218941689144096
10857 0.8235983632363464 0.1853383326688026 0.4896382895267574
10858 0.911799181619507 0.2176691663346613 0.4948191447633786
10859 0.7451325149523866 0.2176691663346902 0.4948191447633786
10860 0.8546929907749506 0.136054904620187 0.4287646684825295
10861 0.4777135217387555 0.1870841839611269 -0.1412192198875019
10862 1.006497956837407 0.03979538046010643 -0.05394970704898027
10863 0.6660404242501856 -0.01737008197524097 -0.3898205963931765
10864 0.4789986017008793 0.3277482032850056 -0.1356083558109899
10865 4.847091727167686 0.08868427633380552 -0.3440610724037159
10866 4.749999999996948 1.651160635158163e-12 -0.4166666666682666
10867 0.6766089824533693 0.06988357821283329 -0.2199258755927397
10868 0.677894062414977 0.04388093087044646 -0.3809816781824361
10869 0.3718206076338557 -0.3138898049446271 0.02667381732671611
10870 0.280653838158997 -0.2859609752683035 0.06616308055777481
10871 0.7493737575836785 -0.01737008197492879 -0.484318479410811
10872 0.5816897059660652 0.2870277467444857 0.2811438229920443
10873 0.6595141290708596 0.3391051488900032 0.3417080981715516
10874 0.6548383600977969 0.3233188568225621 0.2423480731766859
10875 0.5804012783463353 0.3753776318781629 0.2909506403876343
10876 0.6535499324780671 0.4116687419562394 0.252154890572276
10877 0.9077704150882634 0.4479412249443992 0.2013974327883586
10878 0.8155408301723648 0.3958824498887983 0.1527948655774102
10879 0.8202165991454273 0.4116687419562394 0.2521548905722759
10880 0.9077704150877653 0.3646078916112392 0.2847307661219229
10881 0.8685636476527042 0.2709733055589294 0.2013974327886912
10882 0.8685636476532023 0.3543066388920894 0.1180640994551269
10883 0.5804012783460771 0.2920442985450319 0.3742839737211986
10884 0.9077704150882633 0.4479412249443991 0.1180640994547979
10885 0.9607932325691009 0.4063654139476901 0.08333333333251458
10886 0.7411037484209031 0.4479412249443991 0.1180640994547979
10887 0.7411037484209031 0.4479412249443991 0.2013974327883586
10888 0.3452262200545604 0.3547152384356022 0.2276008530344954
10889 4.763758393845695 0.4220176096654303 -0.1773944057361387
10890 4.930425060511204 0.4220176096654303 -0.1773944057361387
10891 4.737976380486693 0.4747199568946562 -0.1139746937764622
10892 0.6899617541686411 0.2104300368305287 0.3082294974403496
10893 0.9819478954334906 0.108004839835391 0.08430226611448098
10894 1.453867587549193 0.354438014531565 -0.05941125494626663
10895 1.433036450803135 0.4242918884228758 -0.1000410678543393
10896 1.520831136752301 0.4301461261086892 -0.1260368537595146
10897 1.10448799620086 0.03497275922104277 0.0121334824655609
10898 1.084911491705167 -0.1062687807681447 -0.05394970704898026
10899 0.6772678199978555 0.02651084889474122 -0.4597980406108816
10900 0.4402931381400703 0.1344153085602208 0.26098782649504
10901 0.4273734642293974 0.09880221478150905 0.1849060275272106
10902 0.8439344866647359 0.0265108488946839 -0.4597980406108816
10903 0.9993737575838634 -0.01737008197532122 -0.3898205963931938
10904 0.9999999999999888 -0.1666666666666264 -0.2276709006316461
10905 1.312502196586122 -0.1997610936107596 -0.2178206049103893
10906 1.229168863251821 -0.366427760277435 -0.1456518212617981
10907 0.1429133145374172 -0.4178419886409644 -0.435032024350796
10908 0.07145665726870858 -0.4589209943204822 -0.467516012175398
10909 0.07145665726870856 -0.4589209943204822 -0.3841826788422744
10910 0.07145665726870856 -0.3755876609869179 -0.3841826788422957
10911 0.2381233239350363 -0.3755876609869178 -0.4675160121753981
10912 0.07145665726870856 -0.3755876609869178 -0.467516012175398
10913 0.2381233239350551 -0.4589209943204822 -0.467516012175398
10914 0.2459616491922346 -0.3939845003760296 0.4796024147614405
10915 0.1139300314912548 -0.3957746298203365 0.3255219896508585
10916 0.1139300314912548 -0.3124412964867722 0.3255219896508585
10917 0.2805966981575826 -0.3957746298203365 0.3255219896508584
10918 4.57312067548078 0.3014553744553006 -0.05424799540725928
10919 4.521264534069161 0.2975221109827251 0.02687631125771952
10920 2.380350891187855 0.1773952781475674 -0.2595368811951924
10921 5.02448379051352 0.4178275187213838 0.1677869098081023
10922 5.12915213050386 0.3674211095811553 0.2838329741303355
10923 2.363710744884102 -0.01359673441308637 -0.1078050868611073
10924 2.346430841739111 -0.01983502609590533 0.01005850594302474
10925 2.208058038925695 -0.05996721509389219 -0.1562840494715459
10926 2.294524343477394 -0.0336628289120798 -0.1909763645683926
10927 2.278432884562333 0.05757309508648534 -0.06718630448790354
10928 2.209246483155625 0.03750700058749194 -0.1503575821951889
10929 2.277244440332403 -0.03990112059489876 -0.07311277176426059
10930 2.08111406428614 -0.2162127469361398 0.2960999450251195
10931 1.831114064287486 -0.132879413603663 0.2016020620075697
10932 1.914447397622801 -0.0495460802721423 0.2849353953429251
10933 1.833333333333014 -0.08333333333106725 0.3221687836465014
10934 1.961258297856563 -0.2499674333758135 -0.133733856412685
10935 1.416666666665928 -0.2916666666637672 0.2499999999981857
10936 1.669379328174929 -0.2438866206908949 0.4476631626609406
10937 1.961258297856562 -0.2499674333758135 -0.0504005230795789
10938 1.754061053064147 -0.3878768996172453 -0.1765366116213497
10939 1.754061053064147 -0.3878768996172453 -0.09320327828824362
10940 1.714752892484315 -0.3231301971246885 -0.3635489138976776
10941 1.700025801794089 -0.2157264679377669 -0.34964336746341
10942 1.725653951159603 -0.2341624546380637 -0.2476007054079166
10943 1.830554380790078 -0.3647215417211153 -0.2190214317317669
10944 1.804926231424564 -0.3462855550208185 -0.3210640937872603
10945 1.258412985471246 0.1394666666011469 -0.4552135276904713
10946 1.258412985472038 0.2227999999343383 -0.4552135276904714
10947 1.425079652138313 0.1394666666011181 -0.4552135276904714
10948 1.825508188275494 -0.07484294751010183 0.4489729586607341
10949 1.912754094138649 -0.03742147375470713 0.474486479330367
10950 1.829420760803334 -0.1207548070862278 0.3911531459950117
10951 1.829420760805173 -0.03742147375494127 0.3799885963122238
10952 4.848713485841467 0.2310018254221679 0.01726881533164967
10953 5.129152130503861 0.3674211095811554 0.3671663074638999
10954 1.671850504981568 -0.2305417453974465 0.07663026438763171
10955 1.671850504979548 -0.3555417453985765 -0.006703068945172461
10956 1.058783271932554 0.4015427927086266 0.06608318951349502
10957 1.117566543860946 0.3030855854172532 0.1321663790283652
10958 1.158486389396807 0.3258346811315023 0.0493754549936369
10959 1.158486389396807 0.3258346811315024 0.1327087883271977
10960 1.058783271932554 0.4015427927086265 0.1494165228470558
10961 1.45386758754761 0.1877713478650415 -0.05941125494603745
10962 1.37053425421414 0.187771347864907 -0.1315800385948578
10963 1.437497803415666 0.09681279277550776 -0.1148723040747704
10964 1.019576504497493 0.3079082066563167 0.066083189513824
10965 1.259670919380459 0.4591718787851473 0.3669597155683729
10966 1.916881387131766 0.1946363442355286 0.0872996248707322
10967 1.951383076562308 0.1701764466281551 0.1745992497418526
10968 2.008720286193332 0.2837410345124615 0.003954832314864118
10969 2.135060874685442 0.3483858271820209 0.007909664630116426
10970 2.082428743059575 0.3529157229574541 0.09125445718565553
10971 1.956088154567466 0.2882709302878946 0.08729962487040321
10972 2.043221975623875 0.259281136905088 0.09125445718598452
10973 2.047927053629033 0.3773756205648274 0.003954832314535141
10974 4.659510532203234 0.4695391016580473 0.02036113922419987
10975 4.826177198868744 0.4695391016580474 0.1036944725577606
10976 5.024483790504119 0.2511608520625806 0.001120243147079966
10977 5.048967581012628 0.2523217041133659 0.1272404862867274
10978 5.024483790508819 0.3344941853919822 0.04278690981081074
10979 4.930425060506504 0.3386842763360288 -0.1357277390667634
10980 4.954908851010312 0.2565117950574126 -0.05127416259084679
10981 1.806281058505584 0.3285353799702357 0.179062743506361
10982 1.896082912249218 0.2371259644955087 0.220480809059667
10983 1.900787990254375 0.3552204481552481 0.1331811841882176
10984 1.900787990254375 0.3552204481552481 0.2165145175217783
10985 1.905493068259533 0.4733149318149875 0.1292148926503289
10986 1.912754094137563 -0.1207548070881542 0.474486479330367
10987 1.833029866377298 0.2135833565596928 0.1675865573502857
10988 1.872754821231817 0.1216042636212229 0.159468408519385
10989 1.746087427471879 -0.03742147375464984 0.474486479330367
10990 2.187097083050746 0.3025093138173835 0.2073005215078546
10991 1.777729702064207 0.2805328744270464 0.2134681166681001
10992 1.861581222818675 0.2615858621028821 0.1331811841885466
10993 7.247327040307123 -0.333041452482927 0.3083663811960115
10994 7.241968186860481 -0.4585740219597314 0.3034608319972378
10995 7.172025520111113 -0.3744674305231956 0.2549055491980808
10996 7.080660373640018 -0.333041452482927 0.3083663811960115
10997 1.911961588665344 0.04857218300715148 0.3261350751861811
10998 1.572159734924812 0.4733149318149875 0.129214892650329
10999 1.543608378483436 0.4253124262717982 0.1636202658120681
11000 1.738826401592173 0.4733149318149875 0.129214892650329
11001 1.475373783652856 0.1095894267437482 0.3709362188307049
11002 4.178337501657065 0.1545636802714647 0.4880658717005449
11003 4.089168750833403 0.2022818401357324 0.4940329358502724
11004 4.248869906304512 0.1992852862063873 0.4771870020895225
11005 4.255835417497481 0.1189485068023417 0.4940329358502724
11006 4.171371990464097 0.2349004596755103 0.4712199379397949
11007 4.089168750828914 0.03561517346906563 0.4940329358502725
11008 4.17833750165482 0.07123034693813125 0.4880658717005449
11009 4.089168750831158 0.118948506802399 0.4940329358502725
11010 4.255835417495236 0.03561517346900832 0.4940329358502725
11011 1.990856383907764 -0.05051997753780588 0.179499514926461
11012 1.988370574950308 0.04759828574148792 0.220699194769717
11013 2.034794675307286 0.06774311799070992 0.09879545905018335
11014 2.000292985876744 0.0922030155980833 0.01149583417906296
11015 1.997807176919287 0.1903212788773772 0.05269551402231892
11016 1.953868885519765 0.07205818334886131 0.1333995698985966
11017 1.604164470085365 0.3664277602776281 -0.2289851545950836
11018 1.748072172745278 0.08281583235713122 -0.05399851443996607
11019 1.703945606845329 0.009783751742825638 0.01817026920868673
11020 1.768903309492918 0.1796286251323439 -0.09670203486522866
11021 1.870612273513451 0.1127320525785221 -0.3236134819423016
11022 1.953945606846662 0.09311708507636544 -0.3873318477729408
11023 1.540935100288076 -0.1329203723586111 -0.32128279410182
11024 2.041854388816406 0.01551767976383091 -0.08106115624992888
11025 1.962117043258814 0.1173069608033664 -0.04053057812515853
11026 1.955269417536112 0.05405863193175313 -0.09452909256463662
11027 1.992256915924111 -0.06851952895491406 -0.04842914753677221
11028 1.999104541646813 -0.005271200083300787 0.00556936690270589
11029 1.476644829278745 0.1829376480281506 0.06357919795887852
11030 1.497475966026385 0.2797504408033633 0.02087567753361592
11031 1.476644829280328 0.349604314694674 0.06357919795864932
11032 1.476644829280328 0.349604314694674 0.14691253129221
11033 1.433036450803135 0.4242918884228758 0.06662559881232746
11034 1.060496350033354 0.330657302370566 -0.01670773452090425
11035 1.266369784135775 0.4242918884228758 -0.01670773452123323
11036 1.362577455551692 0.1529461260427183 -0.2367524984316793
11037 1.180544129191294 0.2716818653218028 -0.3977907593204314
11038 1.445910788885162 0.1529461260429961 -0.3312503814492965
11039 1.351708964019293 -0.3365115400558433 -0.04270352042602706
11040 1.268375630686453 -0.2531782067207405 0.04062981290716883
11041 1.555662190977511 -0.323657434879008 -0.3351883405360877
11042 4.416666666665271 -0.166666666666706 0.4055021169819416
11043 4.33333333333417 -0.08333333333332504 0.311004233963883
11044 4.322105937585441 -0.1272142642031796 0.3809816781819101
11045 4.416666666667138 -0.083333333333401 0.4055021169819416
11046 5.544718135100925 0.4197084377708649 0.2577885900004147
11047 5.589436270195605 0.3394168755417297 0.2655771800015223
11048 5.340934308786331 0.44202041323423 0.09124299796347142
11049 5.420467154396286 0.471010206617115 0.1706214989813892
11050 5.482719808425754 0.3693020286306364 0.2905013209890873
11051 5.358468827721116 0.4206037974768866 0.2033342299700618
11052 5.403186962815797 0.3403122352477514 0.2111228199711695
11053 5.465185289490967 0.3907186443879799 0.1784100889824969
11054 1.895099570369158 -0.03610757958315675 -0.4452459403430474
11055 1.79019914073651 -0.07221515916700107 -0.3904918806860949
11056 1.811766237037034 0.06684072125221961 -0.3815275745124082
11057 1.849045177212927 -0.02632382784069858 -0.3325777881159882
11058 1.728432903702387 -0.03610757958309946 -0.4452459403430473
11059 1.872454057532914 -0.09430589481359118 -0.01776851436609328
11060 1.791339993244965 -0.04475981454122957 0.00830032425469511
11061 1.959039028813207 -0.1328468469815134 -0.004300578051385517
11062 1.80492623142565 -0.2629522216873696 -0.4043974271203625
11063 1.561766237034035 -0.2027742462499931 -0.4452459403430474
11064 1.623532474068948 -0.1555484925004192 -0.3904918806860949
11065 1.617428428012424 -0.2764316811294343 -0.2804342808791351
11066 1.638259564759175 -0.2629522216873407 -0.4043974271203625
11067 1.540935100287284 -0.2162537056920865 -0.32128279410182
11068 1.895099570368071 -0.1194409129166038 -0.4452459403430473
11069 1.728432903701302 -0.1194409129165465 -0.4452459403430473
11070 1.561766237034826 -0.1194409129165176 -0.4452459403430473
11071 1.72843290370051 -0.2027742462500219 -0.4452459403430473
11072 4.172502084175922 0.2022818401187775 0.4106996025024444
11073 4.172502084173677 0.1189485067854441 0.4106996025024444
11074 1.751122785244509 -0.4676648457813313 -0.08016645732451612
11075 4.322105937587294 -0.04388093086990166 -0.3809816781826446
11076 4.395883824530215 -0.08481565206168461 -0.3996895646174736
11077 1.832236849534191 -0.267210926051656 0.132600154368553
11078 1.670727719734425 -0.05454356628377367 0.06229883869407339
11079 1.670727719734863 -0.09621023294945359 0.1456321720266484
11080 1.628329486687712 -0.1874639386428095 -0.1644860723893742
11081 1.649160623435253 -0.09065114586738383 -0.1217825519641641
11082 1.708006659911672 -0.04475981454108138 -0.06386845939405746
11083 2.102792632484064 -0.009665003191680763 0.1760402694811116
11084 2.246374156098694 -0.13542872423518 -0.008918558864015295
11085 2.376996882675915 -0.1054011150787029 -0.344837860724396
11086 2.250860794133207 -0.1341583155041096 -0.2187017721826292
11087 2.210330216009143 -0.1054011150786456 -0.3448378607243961
11088 2.167527460801631 -0.03121001466842814 -0.2824201380133128
11089 2.293663549344338 -0.002452814243021391 -0.4085562265550797
11090 2.368626487346009 0.06439197963691359 0.005656212520962919
11091 4.429316040651268 0.1799136449218982 -0.3507392741679308
11092 2.586301794907711 -0.2625118542362427 0.1731816769034819
11093 2.468666699207537 -0.3376791651643898 -0.094362013655195
11094 2.385333365875106 -0.2739607993331755 -0.1139769811576136
11095 2.350120363795384 -0.1028860463705487 -0.161474466764994
11096 2.319250079561675 -0.1984136500108299 -0.09728025386474871
11097 2.306456814451197 -0.2033815329625785 -0.1891998743792306
11098 2.428996915219292 -0.1734653127411456 -0.08625157354337698
11099 2.263654059243684 -0.1291904325523611 -0.1267821516681473
11100 2.548579291810339 0.3255358998042084 0.204905072826842
11101 2.332840460650393 -0.1091243380533676 -0.043610873960862
11102 4.339168750828584 0.03561517346902403 -0.3995350528328134
11103 2.043042833046335 0.112991895445215 -0.0751346889735718
11104 2.502968461574652 -0.1791785209001315 0.1731816769010973
11105 4.255835417501396 0.2415117751397468 -0.3665962041892951
11106 4.261670834991053 0.1741786477734674 -0.4243475058701224
11107 4.339168750831474 0.1385634743043474 -0.4303145700198059
11108 4.172502084167396 0.2218968076377381 -0.4303145700198058
11109 2.411717012074301 -0.1797036044239645 0.03161201926075504
11110 2.44258729630801 -0.08417600078368329 -0.03258219363949025
11111 2.398923746963197 -0.1650565198708163 0.125974032912974
11112 2.802189891352807 -0.1986601020132865 -0.3622721208921281
11113 2.797095027478903 0.06052022637552214 0.3398483435705915
11114 2.765416593269358 0.04012118240466767 0.08343041184155753
11115 4.182057530555481 0.17949819549616 -0.3545245734371433
11116 4.092888779731825 0.2272163553604307 -0.3604916375868268
11117 3.249999999985819 -0.4166666666526386 -0.1666666666565714
11118 3.249999999985819 -0.4166666666526385 -0.2499999999896775
11119 3.08333333331964 -0.4166666666526385 -0.1666666666565714
11120 2.870847869496538 -0.284087776248248 0.3671663074641018
11121 2.975516209485381 -0.417827518721847 0.4177869098090067
11122 2.951032418978393 -0.335655037443694 0.3355738196180133
11123 2.975516209487057 -0.334494185388456 0.4177869098090066
11124 3.058849542818843 -0.3963613813418479 0.3963207724289578
11125 2.870847869494861 -0.367421109581639 0.3671663074641017
11126 2.975516209485381 -0.4178275187218469 0.3344535764754423
11127 3.410251163493098 -0.4987969812311726 -0.2028427893197035
11128 3.320502326995286 -0.4975939624623452 -0.1556855786387136
11129 3.410251163493098 -0.4987969812311726 -0.1195094559865974
11130 3.243584496826917 -0.4987969812311726 -0.1195094559865974
11131 2.455035428005594 0.05179036919090424 -0.03900012537059193
11132 2.551191882574493 -0.01255060549687373 -0.08164082495310693
11133 2.516900857606263 0.3051368558338123 0.03182047442863431
11134 2.564175006496026 0.04810300727257379 -0.174297978342418
11135 2.634988232469923 0.3129342893581991 0.0769154016017264
11136 2.506708017021789 0.320466249777557 -0.2460647076083217
11137 2.503354008516097 0.4102331248887785 -0.2480323538045076
11138 2.420020675181625 0.3465147590576565 -0.2676473213070104
11139 2.416666666675934 0.436281634168878 -0.1862816341700901
11140 2.503354008516098 0.4102331248887784 -0.1646990204714014
11141 2.979168863246509 -0.3760368537583895 -0.1801461261086911
11142 2.781358754605271 -0.158030289105067 -0.2924182470001297
11143 3.405560070767089 -0.2371056832668565 0.06432113059892608
11144 3.493468653267945 -0.325294708139413 0.04315011276426131
11145 2.88042836081039 0.06052022637273041 0.2565150102421141
11146 2.760856721619438 -0.003959547246969813 0.2630300204768204
11147 2.765416593274466 0.081787849069155 0.1667637451750804
11148 2.880428360805281 0.01885355970824308 0.1731816769085912
11149 2.864692087939201 -0.1384153216029037 -0.3561366128307754
11150 2.979168863256734 0.1260368537583971 -0.4301461261081958
11151 3.326917830154188 -0.4154636478838112 -0.2028427893086877
11152 2.083333333341213 0.4362816341688781 -0.102948300836984
11153 2.166666666674103 0.3725632683377562 -0.205896601672593
11154 2.125052355693034 0.3383319827583606 -0.1375524116850683
11155 2.083333333341213 0.436281634168878 -0.1862816341700901
11156 2.466242031503526 -0.02133885857137407 0.3822249364326246
11157 2.512340985948473 0.05272279285119271 0.2947534163974994
11158 2.384392962498969 0.0770101481907601 0.3306149990224394
11159 2.555543899866387 0.1478546570442933 -0.3406895071934857
11160 3.412128052045597 -0.2520560539923146 -0.2878730208619877
11161 3.412128052043626 -0.3353893873256768 -0.2045396875288855
11162 2.673430880026995 0.4276560072360502 -0.09274117763320958
11163 2.5867154400187 0.4638280036180251 -0.1713705888169515
11164 2.753382106686061 0.4638280036180251 -0.08803725548384536
11165 2.670048773351414 0.4001096377868425 -0.1909855563194942
11166 2.721703672479136 0.296377260480744 -0.1140701547171608
11167 2.590069448524392 0.3740611285068036 -0.1694029426207656
11168 2.5867154400187 0.4638280036180251 -0.08803725548384536
11169 2.459951170467502 0.1297790832409042 0.07446117401147828
11170 3.245424750823873 -0.4118109751274435 0.1045043511668503
11171 2.250000000008574 0.436281634168878 -0.102948300836984
11172 2.250000000008574 0.4362816341688781 -0.1862816341700901
11173 2.170467154397623 0.4072918407860716 -0.09899346852140276
11174 2.128852843416554 0.3730605552066761 -0.03064927853387814
11175 2.082249600479863 0.03995981483114358 -0.2418013556401091
11176 2.419147004026688 -0.0818590849490642 0.4590432595287823
11177 3.573969754066662 -0.3568681480443363 -0.1085867623961151
11178 3.495461385382535 -0.4187227206730381 -0.1212063542067953
11179 2.252480337361299 0.0014742483844118 0.4590432595287823
11180 1.995664629199569 0.07850076699906576 -0.2552692919548168
11181 2.085813670695614 0.08480758171768882 0.4590432595287823
11182 3.771119994485642 0.0005003751476664252 -0.4045465356987235
11183 4.009965537536275 -0.1330570764854669 -0.370062628929533
11184 3.947752198687913 -0.04922336800452439 -0.2746091646282566
11185 3.937786661150153 -0.08283295818572427 -0.4045465356987236
11186 3.827831141667116 0.1396267556872632 0.3834606886621254
11187 3.911164475000605 0.1396267556873065 0.4779585716801454
11188 3.582944471568166 0.03728723220528733 0.4625126016365218
11189 3.666277804899461 -0.04604610112811824 0.368014718618502
11190 3.418154568787338 0.2313206244456749 0.310983335862024
11191 3.41815456878931 0.3146539577789792 0.2276500025284597
11192 3.562424934586245 -0.3430146090958838 -0.02116528635361405
11193 3.6433389278895 -0.1894989116595375 0.2692379816079266
11194 3.648304150417238 -0.1641972092225972 0.1698996518057557
11195 2.951032418981383 -0.1273217041128838 0.2522404862871492
11196 2.975516209491362 -0.001160852060226578 0.2511202431472785
11197 2.975516209486255 -0.0428275187247139 0.1677869098137556
11198 2.855944570300411 -0.06564062567992679 0.2576352533819848
11199 3.000000000002066 0.04166666666437272 0.416666666669136
11200 3.000000000001704 0.08333333332840166 0.3333333333382719
11201 2.880428360810752 0.01885355970870146 0.3398483435729782
11202 2.975516209491725 -0.04282751872425553 0.3344535764781426
11203 3.000000000003742 0.1249999999976493 0.416666666669136
11204 2.916666666669855 0.1249999999952223 0.3333333333358852
11205 2.682083259942617 0.1234545157359757 0.1667637451726937
11206 2.797095027478541 0.1021868930395511 0.2565150102397274
11207 3.29224985806177 0.3570103533354343 -0.109316741305644
11208 3.292249858065203 0.2736770199918782 -0.1926500746374433
11209 3.083333333340268 0.2916666666613213 0.1666666666687661
11210 3.125583191393365 0.3373953858305236 0.07696489286392644
11211 3.12558319138965 0.2123953858280004 0.1602982262001875
11212 3.328794718721167 -0.07482029826212129 -0.2968587147429548
11213 3.407589437443478 -0.1654942301406179 -0.2052388886806361
11214 3.412128052053822 -0.1634381761342176 -0.3340325344745303
11215 3.49546138538845 -0.1687227206729521 -0.3712063542061058
11216 3.412128052055794 -0.08010484280085578 -0.3340325344745304
11217 3.328794718712943 -0.1634381761202183 -0.2506992011304122
11218 3.300920299768951 0.1561077738113971 0.01607233812113373
11219 3.208916524729228 0.4207287191666792 -0.006368440469953811
11220 3.083333333331445 0.1249999999943108 0.1666666666715042
11221 3.405712548884724 -0.4175197019042107 -0.1573824768589115
11222 3.423849206283191 0.1707250968424707 -0.2052092239362801
11223 3.347698412541513 0.09145019371560988 -0.1604184478757871
11224 3.299432397661778 0.1747871493527061 -0.1282443310730595
11225 3.425337108390363 0.1520457213011618 -0.06089255474208689
11226 3.423849206275814 0.08739176351938883 -0.1218758906042516
11227 3.111934594240261 0.1341573364544869 -0.1417237905156642
11228 3.257182539606686 0.2099550318670933 -0.2444391589440618
11229 3.264365079203261 0.1110651612279212 -0.180033415379678
11230 3.153018069523421 0.1497102514565629 -0.2383036508827757
11231 3.216099064323526 0.1944021168650173 -0.1478592985769503
11232 3.257182539590958 -0.07399035858426381 -0.2513687375294044
11233 3.410098685379407 -0.1517162959271231 0.1021941514714693
11234 3.423849206275814 0.08739176351941748 -0.2885425572706891
11235 3.340515872944938 0.190340064354782 -0.2248241914401709
11236 3.145835529923094 0.150936365799105 -0.3292539405461021
11237 3.062502196588877 0.1313213982970743 -0.3929723063766202
11238 3.083333333336247 0.0886178778722975 -0.4628261802684245
11239 3.34051587293381 0.009342974735098732 -0.3347020708735226
11240 3.340515872941187 0.092676308058152 -0.2513687375391135
11241 3.257182539602934 0.1122912755704633 -0.2709837050430044
11242 3.335977258321494 -0.07604641260466338 -0.2059084250796283
11243 3.671416877018653 -0.09045817994187461 -0.05450546784600255
11244 3.14019014403697 -0.3243995061882218 0.2488100434462678
11245 3.058849542818843 -0.3963613813418479 0.3129874390953934
11246 3.322379215545815 -0.3341863685568492 -0.1573824768478957
11247 3.054274293648588 -0.1629718271829675 0.1056245943121594
11248 3.058849542819306 -0.08177400124800695 0.1943991572131102
11249 3.911841702009697 -0.3548120940379648 -0.4040470748562175
11250 3.664285072780928 -0.1192847552612171 0.2823711855893275
11251 4.179236370870719 -0.1330570764876773 -0.1111533537338516
11252 4.252604166668559 -0.08333333333552517 -0.002255274489043627
11253 3.910262420069886 -0.2114068497251123 0.03889993951408283
11254 3.650296882535772 -0.09095855508952702 0.08887651816803441
11255 3.999999999994625 -0.3207245514834665 0.3089215005904349
11256 4.083333333334716 -0.07072455148344781 0.2977569509059407
11257 4.40243780972032 -0.3618365220324825 0.2846738572366336
11258 4.406325698509322 -0.326870503842155 0.159827622339609
11259 4.319104476391086 -0.1951698553657972 0.2735093075521395
11260 4.165382944544557 -0.1890239030093377 0.2536812446478103
11261 4.082049611208959 -0.2723572363426898 0.3481791276658688
11262 3.900296882529881 -0.3283497732396455 0.07562923510982425
11263 4.089530091703902 -0.2587595682661599 -0.3083279324730562
11264 4.172502084162266 0.03561517346908426 0.399535052832214
11265 4.819808289770134 -0.3237685803671282 0.3330823337426612
11266 4.896112766004652 -0.2626062267735363 0.2789462126089587
11267 4.822069548251128 -0.2533961391317836 0.2780891752550065
11268 4.826841170307187 -0.2464607687143432 0.3654953268805932
11269 4.815036667714075 -0.3307039507845686 0.2456761821170746
11270 4.515095937051734 0.04002295264919035 -0.188860120676614
11271 4.418327707973489 -0.1562115074211472 0.05963514507899333
11272 4.347939509461961 -0.07934100358120262 0.05305436523260654
11273 4.440670685589872 0.007984659508701019 -0.1058870715041901
11274 4.34533534279647 0.003992329754378445 -0.1611967112258402
11275 4.34793950946196 -0.07934100358120261 -0.0912832020651651
11276 4.34533534279647 0.003992329754378454 -0.01685914392806855
11277 4.668401440988184 0.3967375665600866 -0.2080357661781197
11278 4.441318050108811 0.0809576738409733 -0.1701522342417849
11279 4.419113229739393 -0.03694239143740451 -0.1799045976606693
11280 3.573969754070604 -0.1902014813776123 -0.2752534290623234
11281 4.009965537532385 -0.2871149613022666 0.02219220499400767
11282 4.095903037532875 -0.2997237431543627 -0.03898457008514649
11283 4.395883824528348 -0.1681489853949896 -0.3996895646174736
11284 4.318337158419697 -0.2529167559839183 -0.4137448647436709
11285 4.082071475120886 -0.1769380073553299 -0.3455421901296809
11286 4.151670491752997 -0.2529167559838893 -0.4137448647436709
11287 3.560005594554262 -0.2728322449927988 0.3637358646259464
11288 4.255835417498505 0.1385634743044233 -0.3358166870023025
11289 3.64295006611969 -0.2355450127876265 0.3262484662624683
11290 4.083333333332471 -0.1540578848167811 0.2977569509059406
11291 4.389461908697191 0.07702441036839786 0.05530963972096548
11292 4.379549001277399 -0.1976219385496878 0.2996453548566252
11293 4.29793340701714 -0.1646323655795978 0.3630420192282653
11294 4.309160802765869 -0.1207514347097432 0.2930645750102384
11295 4.307877080642358 -0.2390507862356518 0.3434867517701665
11296 4.320822215461928 -0.2455136157290882 0.4314038549418381
11297 4.4870548651768 -0.2435371705066505 0.4120828968283284
11298 4.474109730357229 -0.2370743410132141 0.3241657936566567
11299 4.392494136096971 -0.2040847680431241 0.3875624580282969
11300 4.402437809722187 -0.2785031886991782 0.368007190570198
11301 4.487054865174933 -0.3268705038399549 0.328749563494764
11302 4.4037215318457 -0.1602038371732696 0.3175850138102699
11303 4.487054865178667 -0.1602038371733455 0.4120828968283283
11304 4.568222803023215 -0.2885141484935282 0.3744890484537829
11305 5.084912890130703 -0.1101270964714265 0.0664416854914129
11306 5.744510324151397 -0.002332076658056743 0.2976836690081224
11307 5.75791027789251 0.05459177135378454 0.3943986963513748
11308 5.590436743877759 0.03717187312153152 0.4970379078982091
11309 5.68087348775569 0.07434374624357867 0.4940758157964182
11310 5.630604802966175 0.02725082912283335 0.3206266928382028
11311 5.540168059088243 -0.009921043999213801 0.3235887849399937
11312 5.553568012829355 0.04700280401262748 0.4203038122832461
11313 5.667473534014578 0.01741989823173738 0.3973607884531657
11314 4.575255683562136 -0.1278730035074382 0.4069020415917148
11315 4.909729649117205 -0.4685790150710138 0.2083333333327393
11316 4.819459298242323 -0.4371580301420275 0.1666666666661716
11317 4.900535396532899 -0.3690603061309953 0.1999366971580557
11318 4.909729649117205 -0.4685790150710137 0.1249999999991786
11319 4.743062982450099 -0.4685790150710137 0.1249999999991786
11320 4.824230920298382 -0.4302226597245872 0.2540728182917582
11321 4.743062982450098 -0.4685790150710137 0.2083333333327393
11322 4.905307018588958 -0.3621249357135549 0.2873428487836423
11323 4.676401636763307 -0.1853383326682723 0.489638289526773
11324 4.588200818379839 -0.2176691663341796 0.4948191447633865
11325 4.669368756226254 -0.2626461443210574 0.4572252963888411
11326 4.836035422892961 -0.2626461443210862 0.4572252963888411
11327 4.754867485046546 -0.2176691663342084 0.4948191447633865
11328 3.250000000003564 0.0860535174742989 0.4432789140684905
11329 3.250000000001887 0.002720184141022369 0.4432789140684905
11330 3.083333333336793 0.0860535174743562 0.4432789140684905
11331 4.575255683560268 -0.2112063368407432 0.4069020415917148
11332 4.914501271174732 -0.3783103113202979 0.3790728182918902
11333 4.905307018590426 -0.2787916023802793 0.3706761821172066
11334 4.999999999993555 -0.4166666666667245 0.4166666666664356
11335 4.588200818381707 -0.1343358330008746 0.4948191447633865
11336 4.912339899127479 -0.2014837907274943 0.4030891752551385
11337 4.930425060498184 0.1720176096687892 -0.1357277390640605
11338 4.954908851006694 0.1731784617195745 -0.00960749592441304
11339 5.0244837905005 0.1678275187247425 0.04278690981351371
11340 5.256933534901835 0.001893670356090602 -0.1540226223687432
11341 3.083333333334393 0.08605351746913757 0.2766122474067624
11342 3.166666666667444 0.0471070349458445 0.303224494806117
11343 3.083333333336431 0.1277201841383852 0.3599455807376266
11344 3.083333333334755 0.0443868508051086 0.3599455807376265
11345 6.447557119713254 0.240528312051196 0.3735894010720624
11346 4.38946190869719 0.07702441036839786 -0.08902792757680614
11347 4.560471301503276 0.3078233637019916 0.2768763112580763
11348 3.166666666669605 0.1277201841355051 0.2766122474043817
11349 4.875416129655805 -0.07647255175127582 0.1767497055751448
11350 4.778415017072438 0.04849876967739275 0.1286893196750333
11351 4.884610382237665 -0.009324594025200635 0.1018130084189706
11352 4.821508424841991 0.02731118788307565 0.2179751770685416
11353 4.757150483009469 -0.0823566746388118 0.1018130084165966
11354 4.703242778195654 0.02142706499553964 0.1430384799099935
11355 4.657111220271481 -0.1438830220253668 -0.2771583042550643
11356 3.058849542824413 -0.04010733458351964 0.2777324905466331
11357 5.162826392184201 0.3144877766024495 -0.1142100090412074
11358 5.249960213239754 0.2854979832195645 -0.1102551767255645
11359 3.083333333329284 0.04438685080465024 0.1932789140732395
11360 4.929126837656012 0.3925474756160399 0.1371455493661213
11361 4.946017942230063 0.4126466634847749 0.2187894094756582
11362 4.631781015313145 0.36587665393001 -0.003765049184590433
11363 5.083333333335638 0.269614967506021 -0.3112816341668221
11364 5.757103410544066 0.03717187312147421 0.4970379078982091
11365 5.590436743878827 0.1205052064549502 0.4970379078982091
11366 4.916666666657873 1.135519950449295e-12 -0.2499999999993553
11367 4.930425060499947 0.08868427633140949 -0.260727739066538
11368 5.499999999996664 -0.233647709464755 -0.4177701123669443
11369 5.499999999996714 -0.2172954189292499 -0.3355402247338886
11370 5.583333333329744 -0.2532626769669082 -0.354051746536309
11371 5.499999999997735 -0.1503143761315068 -0.4177701123669442
11372 5.750227351764069 0.09768231311221821 -0.4273508415231281
11373 5.754221104840552 -0.005659309133725187 -0.4685823356509716
11374 5.083333333330879 -0.1862816341690051 -0.4362816341694182
11375 5.079493058847405 0.2948728091042342 -0.05292837486943033
11376 5.499999999995595 -0.3169810427980016 -0.3344367790338419
11377 5.416666666662874 -0.2532626769668342 -0.3540517465363625
11378 5.416666666661804 -0.3365960103000809 -0.2707184132032603
11379 5.896062881684987 0.223719166870832 -0.3574969676321099
11380 5.416666666664604 -0.1503143761313415 -0.3853693481949874
11381 5.416666666665623 -0.08333333333359844 -0.4675992358280432
11382 5.250000000000385 -2.929731368492302e-13 -0.4675992358280432
11383 5.177440476053112 -0.1263124720752667 -0.2260942474972481
11384 5.177440476051383 -0.2292607729107595 -0.194776645838623
11385 5.177440476051122 -0.04297913874478487 -0.1427609141617158
11386 5.321600096670574 0.2637680617011441 0.2099334676886632
11387 5.083333333325974 -0.4785338626200298 0.3952005292863883
11388 5.24999999999308 -0.4785338626200297 0.311867195952824
11389 5.416666666672829 0.4362816341688137 -0.1862816341699891
11390 5.333333333328368 -0.3259667366716804 -0.09500586810415577
11391 5.416666666662565 -0.2634549325327125 -0.1741581026024943
11392 5.416666666660326 -0.462826180270216 -0.1719512112024013
11393 5.333333333327248 -0.4256523605404321 -0.0939024224041093
11394 5.416666666661447 -0.3631405564014643 -0.08972132356934172
11395 5.416666666661446 -0.3631405564014643 -0.1730546569024478
11396 5.416666666660326 -0.462826180270216 -0.08861787786929526
11397 5.333333333328725 -0.2994221905702969 -0.1926696244049683
11398 5.333333333327606 -0.3991078144390486 -0.1915661787049218
11399 5.24999999999322 -0.462826180270216 -0.1719512112024013
11400 5.24999999999322 -0.4628261802702159 -0.08861787786929527
11401 5.260773809385865 -0.2754202865165874 -0.1167278570406077
11402 5.344107142719706 -0.239453028479003 -0.09821633523813378
11403 5.296464602285114 0.00983093089063761 0.423265904385037
11404 5.62805146843351 0.3982423003908406 0.3196557859539093
11405 5.521335006663659 0.4281274534797473 0.3445799269414742
11406 5.826576501486239 -0.247640094117841 0.3368070871429349
11407 5.736946624959115 -0.1840587356764728 0.3204633010317336
11408 5.910370123466897 -0.1030853082214148 0.1503228805542187
11409 5.829532845605419 -0.4072918407861041 -0.09899346852135069
11410 4.85781712384801 0.4178275187213837 0.251120243141663
11411 6.062502196587946 0.3123184879271964 -0.2830944269450743
11412 5.979168863254704 0.2927035204248795 -0.3468127927758795
11413 6.062502196587277 0.2289851545937476 -0.3664277602781764
11414 5.103976849351213 0.212700327825618 0.03152520160648632
11415 5.079493058839083 0.1282061424369947 -0.05292837486672738
11416 5.544718135100924 0.4197084377708648 0.1744552566668539
11417 5.420467154396287 0.471010206617115 0.0872881656478285
11418 5.542710865372344 0.3295487444160784 -0.06691593740532134
11419 6.057172482522436 -0.08433851200850423 -0.09588982392663636
11420 6.062502196585036 -0.0427035204253369 -0.1689815764247682
11421 2.036195207323632 0.04974356657360174 -0.1291332034130499
11422 5.249999999994496 -0.4166666666647409 0.2499999999997298
11423 5.166666666661277 -0.3952005292847708 0.3118671959532467
11424 5.333333333328382 -0.3952005292847707 0.3118671959532467
11425 5.834140200680886 0.01741989823168008 0.3973607884531657
11426 5.743703456802954 -0.01975197489036707 0.4003228805549567
11427 5.253800487730777 0.471010206617115 0.0872881656478285
11428 5.376003346653763 0.2325205150527046 0.3987587953102165
11429 5.438001673326795 0.1162602575260945 0.4493793976551083
11430 5.438001673327864 0.1995935908595131 0.4493793976551082
11431 5.349244647980119 0.1631078318311732 0.4365703015303996
11432 5.647102687213335 0.1637515980864258 -0.2848965918358226
11433 5.649238376258654 0.05169863552632152 -0.2261589789598101
11434 5.816723301425562 -0.1513111303941518 -0.3350100959292115
11435 2.089646075980854 0.27942596915431 -0.03064927853354917
11436 5.583560685098829 0.1810156464456941 -0.4273508415231281
11437 6.108720602353325 -0.363374735374844 0.1325946671955701
11438 5.920887771506189 -0.08899264246700223 -0.4685823356509717
11439 6.041671059838977 -2.27377144890184e-13 -0.2657943692001874
11440 6.062502196585037 -0.0427035204254515 -0.3356482430912057
11441 5.918699834488286 -0.01799068997385748 0.1503228805545518
11442 5.895835529916782 -0.2289851545942766 -0.3664277602782398
11443 5.895835529916111 -0.3123184879274943 -0.2830944269451376
11444 6.171557098274356 -0.2695205223261232 -0.4116977358877126
11445 5.900056634759189 -0.1316961628920276 -0.3987284617598467
11446 5.979168863251079 -0.1260368537589326 -0.4301461261088751
11447 5.896062881685658 0.3070525002042809 -0.2741636342990076
11448 5.647102687214403 0.2470849314198445 -0.2848965918358226
11449 5.754867485053835 0.4948191447633887 0.134335832999716
11450 5.316302684315537 0.3374379668946953 -0.1416969889462836
11451 5.712191669111397 0.1037950026694408 0.321816045120709
11452 5.56354200211968 0.3994026183073118 -0.1908790836464899
11453 5.627084004233115 0.2988052366146235 -0.1317581672922865
11454 5.647102687215473 0.3304182647532644 -0.2015632585027203
11455 5.563542002119679 0.3994026183073118 -0.1075457503133839
11456 5.676401636770405 0.4896382895267775 0.1853383326672465
11457 5.588200818388324 0.4948191447633887 0.2176691663332768
11458 5.754867485053835 0.4948191447633887 0.2176691663332767
11459 5.588200818388324 0.4948191447633887 0.134335832999716
11460 5.632918953483004 0.4145275825342536 0.2254577563343844
11461 5.756102936861115 0.3394168755417297 0.2655771800015223
11462 5.878051468431946 0.4197084377708649 0.2577885900004147
11463 5.799585620148515 0.4145275825342536 0.2254577563343844
11464 5.711384801766434 0.4197084377708649 0.2577885900004146
11465 5.584886194185063 0.07645406043848957 0.248044041607537
11466 5.540168059088243 -0.009921043999127858 0.1569221182730978
11467 5.162826392174024 0.04487280909972308 -0.1455276106972481
11468 5.824069410654684 0.3323551012557643 0.2265779994759556
11469 5.37979793561748 -0.07350240244056949 0.1732659043849996
11470 5.478664993339637 -0.1995935908580836 0.1993793976550399
11471 5.525129595625176 -0.1064293266357519 0.2059786353732185
11472 5.401132942278391 0.1260911884171905 0.3726453020401453
11473 5.528438417204726 0.1534321306481417 0.4464173055533174
11474 5.374374243604748 0.05667850519565905 0.4104568082603283
11475 5.207707576938439 0.05667850519571634 0.4104568082603284
11476 2.323714786191401 0.3294730306170337 0.1582393027971873
11477 2.385713112867591 0.3798794397571044 0.125526571808549
11478 5.024483790512051 0.3344941853879927 0.4177869098087917
11479 2.563995885078957 0.115657082211589 0.1216688179996016
11480 2.60023419093806 0.2218035224981099 0.1151538077625085
11481 5.878051468431946 0.4197084377708648 0.3411219233339789
11482 5.711384801766435 0.4197084377708648 0.3411219233339791
11483 2.548579291810339 0.3255358998042084 0.1215717394932813
11484 2.465245958478542 0.4088692331399109 0.1215717394929677
11485 5.528438417205797 0.2367654639815603 0.4464173055533174
11486 5.878051468429933 0.1697084377705202 0.4244552566675434
11487 5.541898411607368 0.2913078986634858 -0.1794245490407987
11488 5.646290233450496 0.2921774190006718 -0.2307385368050917
11489 5.626271550468138 0.260564390862031 -0.1609334455946578
11490 5.562729548353633 0.2778284392212992 -0.3033876952819635
11491 5.479168863258909 0.4301461261087666 -0.2093701870926308
11492 5.458337726511574 0.3602922522175331 -0.1687403741845683
11493 5.542710865372344 0.3295487444160784 -0.1502492707384274
11494 5.562729548354703 0.3611617725547192 -0.2200543619488612
11495 5.479168863257839 0.3468127927753467 -0.2927035204257331
11496 5.395835529925494 0.3664277602775802 -0.1456518212619266
11497 5.479168863258909 0.4301461261087665 -0.1260368537595248
11498 5.395835529925495 0.3664277602775803 -0.2289851545950327
11499 7.894218119020534 0.3925720880685831 -0.144833966151029
11500 7.894218119020535 0.3092387547350188 -0.1448339661510291
11501 7.922121898120517 -0.3761736331258652 -0.2025156701931443
11502 7.922121898120517 -0.2928402997927629 -0.1191823368600382
11503 7.922121898120517 -0.3761736331258652 -0.1191823368600382
11504 7.588788564786305 -0.4595069664589674 -0.1191823368600382
11505 7.755455231453411 -0.4595069664589674 -0.1191823368600382
11506 7.922121898120517 -0.4595069664589674 -0.1191823368600382
11507 7.858416405983053 -0.03463211630037424 -0.0202336861816265
11508 7.716832811966105 -0.06926423259937335 -0.04046737236187788
11509 7.858416405983053 -0.1179654496334803 -0.02023368618162651
11510 7.76373077457576 -0.1008041733638288 -0.1026268572742539
11511 7.752634525003653 -0.09613274911692443 0.03900506855407941
11512 7.657476747582272 0.08600622328990913 -0.03066232083531114
11513 7.752634525003589 0.02460663843533388 -0.08173431899817434
11514 7.763258628561735 0.02676746855420102 0.0308383119812367
11515 6.581661383972945 -0.002946209678642335 0.3996895646168334
11516 6.676222113053658 0.04093472119125924 0.3751691258166929
11517 6.666666666664147 -5.889073950715584e-13 0.4509591223997124
11518 7.379673241709179 -0.1236182457141636 -0.1091379079594874
11519 7.657948893596297 -0.04156541862812071 -0.1641274900908017
11520 7.585967858336355 0.02460663843539118 -0.2484009856643827
11521 7.498808288080244 0.0424214089690986 -0.3170715212623593
11522 7.27125683572527 -0.01681734576649491 -0.4222375551120198
11523 7.271256835725418 -0.1919344302505426 -0.1918525226146346
11524 7.203241194902269 -0.03685541686505323 -0.1308073471316678
11525 7.19770086451806 -0.1510198516824477 -0.1539556221751105
11526 7.181984359174514 -0.09220685474825917 -0.0419031253530727
11527 7.321951999961627 -0.2409875206495442 0.09224981533234371
11528 7.068291521694833 0.3752900815296164 0.141736666766337
11529 7.068291521694623 0.4586234148635915 0.1417366667675636
11530 6.999999999996222 0.4166666666660249 0.1666666666645196
11531 7.234958188361925 0.4586234148635915 0.1417366667675637
11532 7.571094581514849 0.1064722386853815 -0.01193488106964771
11533 7.394057937547695 -0.2463007174068563 0.2497224820392069
11534 7.477391270881329 -0.2766725091340675 0.2983688844626448
11535 7.262759928140456 0.1369075367018526 0.4588983563572039
11536 6.908178006706373 -0.3211146434084867 0.2638937051641763
11537 7.316264934598196 -0.03763839957175114 0.189537423749456
11538 7.25535885344452 -0.2607623054628533 0.2895924801082073
11539 6.853929178705578 -0.2121057520895619 -0.04674275855008378
11540 7.232750124327232 -0.1207681479300519 0.2546280312379807
11541 7.064722411271355 -0.2112424551242367 -0.04674275855004562
11542 2.420020675180245 0.2631814257244099 -0.3509806546401126
11543 2.503354008514716 0.3268997915555319 -0.3313656871376097
11544 6.813617277625571 -0.1983289076117375 0.3227065996975934
11545 6.535716746767028 -0.1141471670865986 0.3888355636553217
11546 6.284048648039184 -0.09921235796369891 -0.04954158278273298
11547 6.200715314705898 -0.0992123579638457 0.02262720086603508
11548 6.192053935690319 -0.1133747353769254 -0.1062407831195833
11549 6.933252915857818 0.08608016701291285 0.3970517770650692
11550 6.88025138291072 0.2729456547089671 -0.01443679376934293
11551 6.920781961034828 0.410855120950569 -0.05723954897798816
11552 6.572105937583163 -0.1272142642036818 0.4754795611998527
11553 6.971611715811813 -0.4103732825408724 -0.0650246914876443
11554 6.981389077937959 -0.3057403381419474 -0.04674275855041277
11555 6.844151816579433 -0.316738696488487 -0.06502469148731532
11556 6.782153489904085 -0.266118094143724 -0.09795161568054933
11557 6.844151816579432 -0.316738696488487 0.01830864184579076
11558 6.922025520110373 0.04219923614333154 0.3270743328469421
11559 6.509555446388 0.2909347211914174 0.3408766700834164
11560 6.920781961035043 0.327521787616594 0.1927604510210126
11561 2.586687341848811 0.3465147590575959 -0.2676473213070503
11562 2.58668734184743 0.2631814257243492 -0.3509806546401525
11563 6.920781961034829 0.410855120950569 0.1094271176886786
11564 6.920781961035041 0.327521787616594 0.109427117687452
11565 6.761227395744725 0.04388093086898483 0.4754795611998597
11566 6.880251382910934 0.189612321374992 0.06889653956299112
11567 6.682105419315402 0.108643110310593 -0.1646055292952426
11568 6.740776265363867 0.1894114332074848 -0.08469587600680775
11569 6.608272515078224 0.1934864548015027 -0.3679194283986591
11570 6.616130653696351 0.2974018881115887 -0.351449548032413
11571 6.443858215785079 0.3527474126673859 -0.2565407164073491
11572 6.527191549117746 0.33313244516504 -0.3202590822381544
11573 6.87388372116704 0.05577787672785031 -0.3381909242856551
11574 6.37449008155342 -0.1972775223405804 -0.1862962957037332
11575 6.387498384013092 -0.1166212706564669 -0.1600566520517542
11576 2.673402781857107 0.310342762675621 -0.1890179101233083
11577 6.608272515077951 0.1101531214680273 -0.3679194283986591
11578 6.581080965958968 0.1103540096360319 -0.4643270128274026
11579 6.472635997440374 0.07988590988556046 -0.1962437348193205
11580 6.596850445155488 -0.05688211066092658 -0.377715858745115
11581 6.637050296734418 0.1069065861886577 -0.2550686306643926
11582 6.432436145861173 -0.1672361202972151 -0.3188909629000429
11583 6.555969330773396 0.07988590988524184 -0.29074161783699
11584 6.609858747615163 0.02377414102318682 -0.3514762150931361
11585 6.108720602354349 -0.4467080687101763 0.04926133386228707
11586 6.275387269021456 -0.4467080687101763 -0.03407199947127364
11587 6.442053935688563 -0.4467080687101764 -0.1174053328043797
11588 6.275387269021455 -0.4467080687101763 -0.1174053328043797
11589 6.345130027475435 -0.1374399412337622 -0.2795381665689569
11590 6.058529411531378 -0.1795740080287283 -0.390793329777789
11591 6.162693881612336 -0.05353715427022192 -0.3661493206512445
11592 6.05852941153205 -0.09624067469550859 -0.3907933297777891
11593 6.109508960271375 0.04365803584169507 0.3112877945387746
11594 6.032813501525285 0.08625547030417134 0.3344535764744978
11595 5.878051468431274 0.336375104437416 0.3411219233339789
11596 6.535716746766754 -0.1974805004197899 0.3888355636553217
11597 6.179088890571551 0.08874432523031225 0.3818120317475646
11598 6.193173961601216 0.0560591283385839 0.2846536615422381
11599 6.09199471234525 -0.06917095591833687 0.1400325336692166
11600 5.895713448569964 0.3447157614947023 -0.163529747979437
11601 5.902535258938114 0.3375359564923756 0.2589088331419859
11602 6.243362125410207 -0.2092641011296321 0.4768342180642769
11603 6.296944142514017 -0.2369329028833213 0.4133560024554689
11604 6.463610809180453 -0.320266236216539 0.413356002455469
11605 6.533096629109927 -0.26691344910183 0.3390108250880003
11606 6.00832971101541 -0.08157204841522568 0.1666666666657531
11607 6.192319135715505 0.03008603974244706 0.1967317340064
11608 6.108654134385663 0.01768494724555822 0.2233658670029365
11609 6.10032442336664 0.0159236623292205 0.1400325336695496
11610 6.100324423364273 -0.06740967100199913 0.2233658670026035
11611 6.124808213874149 0.1004178477175125 0.2244861101444524
11612 6.243362125410878 -0.1259307677964124 0.4768342180642768
11613 6.177019882112729 -0.02667377213337035 0.2835334184007223
11614 1.25335067812363 -0.05210520704873149 -0.4662611333960683
11615 5.902535258936773 0.1708692898254797 0.3422421664755502
11616 5.902535258937442 0.2542026231589268 0.3422421664755502
11617 6.085025169761499 -0.1241694828778165 0.3101675513969258
11618 6.168690171091339 -0.1117683903809277 0.2835334184003893
11619 0.9373754309072078 -0.2363644471329006 -0.3701937044401026
11620 0.911799181619009 0.1343358330014984 0.4948191447633786
11621 0.5239267038393032 -0.1865221447907804 0.272786854665116
11622 1.170017344790161 -0.05210520704900931 -0.3717632503784513
11623 0.5685367921139113 -0.08867326216850062 0.1624376013844939
11624 0.5930785472081841 -0.153884752005059 0.08121880069205284
11625 0.6829098373780835 -0.1140893715454457 0.09943787729238084
11626 0.6158701064488672 -0.1971129289176496 0.197264865013897
11627 0.5011351445986199 -0.1432939678781897 0.1567407903432718
11628 0.5525866998126014 -0.05485002404839859 0.07560793661521191
11629 0.6434133391932961 0.1435282713700322 0.1547453166296945
11630 0.5146683599988728 0.0964988380984633 0.1491344525528536
11631 0.4247999566475437 0.04648808059130757 0.105768647512728
11632 0.4606432972030374 -0.04425923992152933 0.1511299262664308
11633 1.99529492200208 0.2985721830070427 0.33729962487076
11634 1.872236633812998 0.3072179426120588 0.2509198906835175
11635 2.09996326199325 0.2481657738669723 0.3700123558593983
11636 1.993075652953292 -0.000973897265210126 0.3000662365653927
11637 1.909742319619816 -0.0009738972654442582 0.2055683535472494
11638 2.08110859269263 0.1333797647243869 0.3796762177331066
11639 2.081108592691543 0.05004643139116714 0.3796762177331066
11640 2.078889323646015 0.0005003511185714057 0.259109496094175
$EndNodes
$Elements
2608
1 21 2 14 1 1 9 116 24 25 330 331 123 124 332
2 21 2 14 1 116 9 285 331 330 333 334 335 336 337
3 21 2 14 1 116 285 115 336 335 338 339 121 122 340
4 21 2 14 1 115 285 286 339 338 341 342 343 344 345
5 21 2 14 1 115 286 114 344 343 346 347 119 120 348
6 21 2 14 1 114 286 287 347 346 349 350 351 352 353
7 21 2 14 1 114 287 4 352 351 354 355 117 118 356
8 21 2 14 1 4 287 81 355 354 357 358 112 113 359
9 21 2 14 1 9 10 285 26 27 360 361 334 333 362
10 21 2 14 1 285 10 288 361 360 363 364 365 366 367
11 21 2 14 1 285 288 286 366 365 368 369 342 341 370
12 21 2 14 1 286 288 289 369 368 371 372 373 374 375
13 21 2 14 1 286 289 287 374 373 376 377 350 349 378
14 21 2 14 1 287 289 290 377 376 379 380 381 382 383
15 21 2 14 1 287 290 81 382 381 384 385 358 357 386
16 21 2 14 1 81 290 80 385 384 387 388 110 111 389
17 21 2 14 1 10 11 288 28 29 390 391 364 363 392
18 21 2 14 1 288 11 291 391 390 393 394 395 396 397
19 21 2 14 1 288 291 289 396 395 398 399 372 371 400
20 21 2 14 1 289 291 292 399 398 401 402 403 404 405
21 21 2 14 1 289 292 290 404 403 406 407 380 379 408
22 21 2 14 1 290 292 293 407 406 409 410 411 412 413
23 21 2 14 1 290 293 80 412 411 414 415 388 387 416
24 21 2 14 1 80 293 79 415 414 417 418 108 109 419
25 21 2 14 1 11 12 291 30 31 420 421 394 393 422
26 21 2 14 1 291 12 294 421 420 423 424 425 426 427
27 21 2 14 1 291 294 292 426 425 428 429 402 401 430
28 21 2 14 1 292 294 295 429 428 431 432 433 434 435
29 21 2 14 1 292 295 293 434 433 436 437 410 409 438
30 21 2 14 1 293 295 296 437 436 439 440 441 442 443
31 21 2 14 1 293 296 79 442 441 444 445 418 417 446
32 21 2 14 1 79 296 78 445 444 447 448 106 107 449
33 21 2 14 1 12 13 294 32 33 450 451 424 423 452
34 21 2 14 1 294 13 297 451 450 453 454 455 456 457
35 21 2 14 1 294 297 295 456 455 458 459 432 431 460
36 21 2 14 1 295 297 298 459 458 461 462 463 464 465
37 21 2 14 1 295 298 296 464 463 466 467 440 439 468
38 21 2 14 1 296 298 299 467 466 469 470 471 472 473
39 21 2 14 1 296 299 78 472 471 474 475 448 447 476
40 21 2 14 1 78 299 77 475 474 477 478 104 105 479
41 21 2 14 1 13 14 297 34 35 480 481 454 453 482
42 21 2 14 1 297 14 300 481 480 483 484 485 486 487
43 21 2 14 1 297 300 298 486 485 488 489 462 461 490
44 21 2 14 1 298 300 301 489 488 491 492 493 494 495
45 21 2 14 1 298 301 299 494 493 496 497 470 469 498
46 21 2 14 1 299 301 302 497 496 499 500 501 502 503
47 21 2 14 1 299 302 77 502 501 504 505 478 477 506
48 21 2 14 1 77 302 76 505 504 507 508 102 103 509
49 21 2 14 1 14 15 300 36 37 510 511 484 483 512
50 21 2 14 1 300 15 303 511 510 513 514 515 516 517
51 21 2 14 1 300 303 301 516 515 518 519 492 491 520
52 21 2 14 1 301 303 304 519 518 521 522 523 524 525
53 21 2 14 1 301 304 302 524 523 526 527 500 499 528
54 21 2 14 1 302 304 305 527 526 529 530 531 532 533
55 21 2 14 1 302 305 76 532 531 534 535 508 507 536
56 21 2 14 1 76 305 75 535 534 537 538 100 101 539
57 21 2 14 1 15 16 303 38 39 540 541 514 513 542
58 21 2 14 1 303 16 306 541 540 543 544 545 546 547
59 21 2 14 1 303 306 304 546 545 548 549 522 521 550
60 21 2 14 1 304 306 307 549 548 551 552 553 554 555
61 21 2 14 1 304 307 305 554 553 556 557 530 529 558
62 21 2 14 1 305 307 308 557 556 559 560 561 562 563
63 21 2 14 1 305 308 75 562 561 564 565 538 537 566
64 21 2 14 1 75 308 74 565 564 567 568 98 99 569
65 21 2 14 1 16 17 306 40 41 570 571 544 543 572
66 21 2 14 1 306 17 309 571 570 573 574 575 576 577
67 21 2 14 1 306 309 307 576 575 578 579 552 551 580
68 21 2 14 1 307 309 310 579 578 581 582 583 584 585
69 21 2 14 1 307 310 308 584 583 586 587 560 559 588
70 21 2 14 1 308 310 311 587 586 589 590 591 592 593
71 21 2 14 1 308 311 74 592 591 594 595 568 567 596
72 21 2 14 1 74 311 73 595 594 597 598 96 97 599
73 21 2 14 1 17 18 309 42 43 600 601 574 573 602
74 21 2 14 1 309 18 312 601 600 603 604 605 606 607
75 21 2 14 1 309 312 310 606 605 608 609 582 581 610
76 21 2 14 1 310 312 313 609 608 611 612 613 614 615
77 21 2 14 1 310 313 311 614 613 616 617 590 589 618
78 21 2 14 1 311 313 314 617 616 619 620 621 622 623
79 21 2 14 1 311 314 73 622 621 624 625 598 597 626
80 21 2 14 1 73 314 72 625 624 627 628 94 95 629
81 21 2 14 1 18 19 312 44 45 630 631 604 603 632
82 21 2 14 1 312 19 315 631 630 633 634 635 636 637
83 21 2 14 1 312 315 313 636 635 638 639 612 611 640
84 21 2 14 1 313 315 316 639 638 641 642 643 644 645
85 21 2 14 1 313 316 314 644 643 646 647 620 619 648
86 21 2 14 1 314 316 317 647 646 649 650 651 652 653
87 21 2 14 1 314 317 72 652 651 654 655 628 627 656
88 21 2 14 1 72 317 71 655 654 657 658 92 93 659
89 21 2 14 1 19 20 315 46 47 660 661 634 633 662
90 21 2 14 1 315 20 318 661 660 663 664 665 666 667
91 21 2 14 1 315 318 316 666 665 668 669 642 641 670
92 21 2 14 1 316 318 319 669 668 671 672 673 674 675
93 21 2 14 1 316 319 317 674 673 676 677 650 649 678
94 21 2 14 1 317 319 320 677 676 679 680 681 682 683
95 21 2 14 1 317 320 71 682 681 684 685 658 657 686
96 21 2 14 1 71 320 70 685 684 687 688 90 91 689
97 21 2 14 1 20 21 318 48 49 690 691 664 663 692
98 21 2 14 1 318 21 321 691 690 693 694 695 696 697
99 21 2 14 1 318 321 319 696 695 698 699 672 671 700
100 21 2 14 1 319 321 322 699 698 701 702 703 704 705
101 21 2 14 1 319 322 320 704 703 706 707 680 679 708
102 21 2 14 1 320 322 323 707 706 709 710 711 712 713
103 21 2 14 1 320 323 70 712 711 714 715 688 687 716
104 21 2 14 1 70 323 69 715 714 717 718 88 89 719
105 21 2 14 1 21 22 321 50 51 720 721 694 693 722
106 21 2 14 1 321 22 324 721 720 723 724 725 726 727
107 21 2 14 1 321 324 322 726 725 728 729 702 701 730
108 21 2 14 1 322 324 325 729 728 731 732 733 734 735
109 21 2 14 1 322 325 323 734 733 736 737 710 709 738
110 21 2 14 1 323 325 326 737 736 739 740 741 742 743
111 21 2 14 1 323 326 69 742 741 744 745 718 717 746
112 21 2 14 1 69 326 68 745 744 747 748 86 87 749
113 21 2 14 1 22 23 324 52 53 750 751 724 723 752
114 21 2 14 1 324 23 327 751 750 753 754 755 756 757
115 21 2 14 1 324 327 325 756 755 758 759 732 731 760
116 21 2 14 1 325 327 328 759 758 761 762 763 764 765
117 21 2 14 1 325 328 326 764 763 766 767 740 739 768
118 21 2 14 1 326 328 329 767 766 769 770 771 772 773
119 21 2 14 1 326 329 68 772 771 774 775 748 747 776
120 21 2 14 1 68 329 67 775 774 777 778 84 85 779
121 21 2 14 1 23 2 327 54 55 780 781 754 753 782
122 21 2 14 1 327 2 56 781 780 59 60 783 784 785
123 21 2 14 1 327 56 328 784 783 786 787 762 761 788
124 21 2 14 1 328 56 57 787 786 61 62 789 790 791
125 21 2 14 1 328 57 329 790 789 792 793 770 769 794
126 21 2 14 1 329 57 58 793 792 63 64 795 796 797
127 21 2 14 1 329 58 67 796 795 798 799 778 777 800
128 21 2 14 1 67 58 3 799 798 65 66 82 83 801
129 21 2 14 2 5 125 232 140 141 847 848 239 240 849
130 21 2 14 2 232 125 802 848 847 850 851 852 853 854
131 21 2 14 2 232 802 231 853 852 855 856 237 238 857
132 21 2 14 2 231 802 803 856 855 858 859 860 861 862
133 21 2 14 2 231 803 230 861 860 863 864 235 236 865
134 21 2 14 2 230 803 804 864 863 866 867 868 869 870
135 21 2 14 2 230 804 8 869 868 871 872 233 234 873
136 21 2 14 2 8 804 197 872 871 874 875 228 229 876
137 21 2 14 2 125 126 802 142 143 877 878 851 850 879
138 21 2 14 2 802 126 805 878 877 880 881 882 883 884
139 21 2 14 2 802 805 803 883 882 885 886 859 858 887
140 21 2 14 2 803 805 806 886 885 888 889 890 891 892
141 21 2 14 2 803 806 804 891 890 893 894 867 866 895
142 21 2 14 2 804 806 807 894 893 896 897 898 899 900
143 21 2 14 2 804 807 197 899 898 901 902 875 874 903
144 21 2 14 2 197 807 196 902 901 904 905 226 227 906
145 21 2 14 2 126 127 805 144 145 907 908 881 880 909
146 21 2 14 2 805 127 808 908 907 910 911 912 913 914
147 21 2 14 2 805 808 806 913 912 915 916 889 888 917
148 21 2 14 2 806 808 809 916 915 918 919 920 921 922
149 21 2 14 2 806 809 807 921 920 923 924 897 896 925
150 21 2 14 2 807 809 810 924 923 926 927 928 929 930
151 21 2 14 2 807 810 196 929 928 931 932 905 904 933
152 21 2 14 2 196 810 195 932 931 934 935 224 225 936
153 21 2 14 2 127 128 808 146 147 937 938 911 910 939
154 21 2 14 2 808 128 811 938 937 940 941 942 943 944
155 21 2 14 2 808 811 809 943 942 945 946 919 918 947
156 21 2 14 2 809 811 812 946 945 948 949 950 951 952
157 21 2 14 2 809 812 810 951 950 953 954 927 926 955
158 21 2 14 2 810 812 813 954 953 956 957 958 959 960
159 21 2 14 2 810 813 195 959 958 961 962 935 934 963
160 21 2 14 2 195 813 194 962 961 964 965 222 223 966
161 21 2 14 2 128 129 811 148 149 967 968 941 940 969
162 21 2 14 2 811 129 814 968 967 970 971 972 973 974
163 21 2 14 2 811 814 812 973 972 975 976 949 948 977
164 21 2 14 2 812 814 815 976 975 978 979 980 981 982
165 21 2 14 2 812 815 813 981 980 983 984 957 956 985
166 21 2 14 2 813 815 816 984 983 986 987 988 989 990
167 21 2 14 2 813 816 194 989 988 991 992 965 964 993
168 21 2 14 2 194 816 193 992 991 994 995 220 221 996
169 21 2 14 2 129 130 814 150 151 997 998 971 970 999
170 21 2 14 2 814 130 817 998 997 1000 1001 1002 1003 1004
171 21 2 14 2 814 817 815 1003 1002 1005 1006 979 978 1007
172 21 2 14 2 815 817 818 1006 1005 1008 1009 1010 1011 1012
173 21 2 14 2 815 818 816 1011 1010 1013 1014 987 986 1015
174 21 2 14 2 816 818 819 1014 1013 1016 1017 1018 1019 1020
175 21 2 14 2 816 819 193 1019 1018 1021 1022 995 994 1023
176 21 2 14 2 193 819 192 1022 1021 1024 1025 218 219 1026
177 21 2 14 2 130 131 817 152 153 1027 1028 1001 1000 1029
178 21 2 14 2 817 131 820 1028 1027 1030 1031 1032 1033 1034
179 21 2 14 2 817 820 818 1033 1032 1035 1036 1009 1008 1037
180 21 2 14 2 818 820 821 1036 1035 1038 1039 1040 1041 1042
181 21 2 14 2 818 821 819 1041 1040 1043 1044 1017 1016 1045
182 21 2 14 2 819 821 822 1044 1043 1046 1047 1048 1049 1050
183 21 2 14 2 819 822 192 1049 1048 1051 1052 1025 1024 1053
184 21 2 14 2 192 822 191 1052 1051 1054 1055 216 217 1056
185 21 2 14 2 131 132 820 154 155 1057 1058 1031 1030 1059
186 21 2 14 2 820 132 823 1058 1057 1060 1061 1062 1063 1064
187 21 2 14 2 820 823 821 1063 1062 1065 1066 1039 1038 1067
188 21 2 14 2 821 823 824 1066 1065 1068 1069 1070 1071 1072
189 21 2 14 2 821 824 822 1071 1070 1073 1074 1047 1046 1075
190 21 2 14 2 822 824 825 1074 1073 1076 1077 1078 1079 1080
191 21 2 14 2 822 825 191 1079 1078 1081 1082 1055 1054 1083
192 21 2 14 2 191 825 190 1082 1081 1084 1085 214 215 1086
193 21 2 14 2 132 133 823 156 157 1087 1088 1061 1060 1089
194 21 2 14 2 823 133 826 1088 1087 1090 1091 1092 1093 1094
195 21 2 14 2 823 826 824 1093 1092 1095 1096 1069 1068 1097
196 21 2 14 2 824 826 827 1096 1095 1098 1099 1100 1101 1102
197 21 2 14 2 824 827 825 1101 1100 1103 1104 1077 1076 1105
198 21 2 14 2 825 827 828 1104 1103 1106 1107 1108 1109 1110
199 21 2 14 2 825 828 190 1109 1108 1111 1112 1085 1084 1113
200 21 2 14 2 190 828 189 1112 1111 1114 1115 212 213 1116
201 21 2 14 2 133 134 826 158 159 1117 1118 1091 1090 1119
202 21 2 14 2 826 134 829 1118 1117 1120 1121 1122 1123 1124
203 21 2 14 2 826 829 827 1123 1122 1125 1126 1099 1098 1127
204 21 2 14 2 827 829 830 1126 1125 1128 1129 1130 1131 1132
205 21 2 14 2 827 830 828 1131 1130 1133 1134 1107 1106 1135
206 21 2 14 2 828 830 831 1134 1133 1136 1137 1138 1139 1140
207 21 2 14 2 828 831 189 1139 1138 1141 1142 1115 1114 1143
208 21 2 14 2 189 831 188 1142 1141 1144 1145 210 211 1146
209 21 2 14 2 134 135 829 160 161 1147 1148 1121 1120 1149
210 21 2 14 2 829 135 832 1148 1147 1150 1151 1152 1153 1154
211 21 2 14 2 829 832 830 1153 1152 1155 1156 1129 1128 1157
212 21 2 14 2 830 832 833 1156 1155 1158 1159 1160 1161 1162
213 21 2 14 2 830 833 831 1161 1160 1163 1164 1137 1136 1165
214 21 2 14 2 831 833 834 1164 1163 1166 1167 1168 1169 1170
215 21 2 14 2 831 834 188 1169 1168 1171 1172 1145 1144 1173
216 21 2 14 2 188 834 187 1172 1171 1174 1175 208 209 1176
217 21 2 14 2 135 136 832 162 163 1177 1178 1151 1150 1179
218 21 2 14 2 832 136 835 1178 1177 1180 1181 1182 1183 1184
219 21 2 14 2 832 835 833 1183 1182 1185 1186 1159 1158 1187
220 21 2 14 2 833 835 836 1186 1185 1188 1189 1190 1191 1192
221 21 2 14 2 833 836 834 1191 1190 1193 1194 1167 1166 1195
222 21 2 14 2 834 836 837 1194 1193 1196 1197 1198 1199 1200
223 21 2 14 2 834 837 187 1199 1198 1201 1202 1175 1174 1203
224 21 2 14 2 187 837 186 1202 1201 1204 1205 206 207 1206
225 21 2 14 2 136 137 835 164 165 1207 1208 1181 1180 1209
226 21 2 14 2 835 137 838 1208 1207 1210 1211 1212 1213 1214
227 21 2 14 2 835 838 836 1213 1212 1215 1216 1189 1188 1217
228 21 2 14 2 836 838 839 1216 1215 1218 1219 1220 1221 1222
229 21 2 14 2 836 839 837 1221 1220 1223 1224 1197 1196 1225
230 21 2 14 2 837 839 840 1224 1223 1226 1227 1228 1229 1230
231 21 2 14 2 837 840 186 1229 1228 1231 1232 1205 1204 1233
232 21 2 14 2 186 840 185 1232 1231 1234 1235 204 205 1236
233 21 2 14 2 137 138 838 166 167 1237 1238 1211 1210 1239
234 21 2 14 2 838 138 841 1238 1237 1240 1241 1242 1243 1244
235 21 2 14 2 838 841 839 1243 1242 1245 1246 1219 1218 1247
236 21 2 14 2 839 841 842 1246 1245 1248 1249 1250 1251 1252
237 21 2 14 2 839 842 840 1251 1250 1253 1254 1227 1226 1255
238 21 2 14 2 840 842 843 1254 1253 1256 1257 1258 1259 1260
239 21 2 14 2 840 843 185 1259 1258 1261 1262 1235 1234 1263
240 21 2 14 2 185 843 184 1262 1261 1264 1265 202 203 1266
241 21 2 14 2 138 139 841 168 169 1267 1268 1241 1240 1269
242 21 2 14 2 841 139 844 1268 1267 1270 1271 1272 1273 1274
243 21 2 14 2 841 844 842 1273 1272 1275 1276 1249 1248 1277
244 21 2 14 2 842 844 845 1276 1275 1278 1279 1280 1281 1282
245 21 2 14 2 842 845 843 1281 1280 1283 1284 1257 1256 1285
246 21 2 14 2 843 845 846 1284 1283 1286 1287 1288 1289 1290
247 21 2 14 2 843 846 184 1289 1288 1291 1292 1265 1264 1293
248 21 2 14 2 184 846 183 1292 1291 1294 1295 200 201 1296
249 21 2 14 2 139 6 844 170 171 1297 1298 1271 1270 1299
250 21 2 14 2 844 6 172 1298 1297 175 176 1300 1301 1302
251 21 2 14 2 844 172 845 1301 1300 1303 1304 1279 1278 1305
252 21 2 14 2 845 172 173 1304 1303 177 178 1306 1307 1308
253 21 2 14 2 845 173 846 1307 1306 1309 1310 1287 1286 1311
254 21 2 14 2 846 173 174 1310 1309 179 180 1312 1313 1314
255 21 2 14 2 846 174 183 1313 1312 1315 1316 1295 1294 1317
256 21 2 14 2 183 174 7 1316 1315 181 182 198 199 1318
257 21 2 12 4 2 56 252 59 60 1845 1846 256 255 1847
258 21 2 12 4 252 56 1836 1846 1845 1848 1849 1850 1851 1852
259 21 2 12 4 252 1836 253 1851 1850 1853 1854 258 257 1855
260 21 2 12 4 253 1836 1837 1854 1853 1856 1857 1858 1859 1860
261 21 2 12 4 253 1837 254 1859 1858 1861 1862 260 259 1863
262 21 2 12 4 254 1837 1838 1862 1861 1864 1865 1866 1867 1868
263 21 2 12 4 254 1838 6 1867 1866 1869 1870 262 261 1871
264 21 2 12 4 6 1838 172 1870 1869 1872 1873 176 175 1874
265 21 2 12 4 56 57 1836 61 62 1875 1876 1849 1848 1877
266 21 2 12 4 1836 57 1839 1876 1875 1878 1879 1880 1881 1882
267 21 2 12 4 1836 1839 1837 1881 1880 1883 1884 1857 1856 1885
268 21 2 12 4 1837 1839 1840 1884 1883 1886 1887 1888 1889 1890
269 21 2 12 4 1837 1840 1838 1889 1888 1891 1892 1865 1864 1893
270 21 2 12 4 1838 1840 1841 1892 1891 1894 1895 1896 1897 1898
271 21 2 12 4 1838 1841 172 1897 1896 1899 1900 1873 1872 1901
272 21 2 12 4 172 1841 173 1900 1899 1902 1903 178 177 1904
273 21 2 12 4 57 58 1839 63 64 1905 1906 1879 1878 1907
274 21 2 12 4 1839 58 1842 1906 1905 1908 1909 1910 1911 1912
275 21 2 12 4 1839 1842 1840 1911 1910 1913 1914 1887 1886 1915
276 21 2 12 4 1840 1842 1843 1914 1913 1916 1917 1918 1919 1920
277 21 2 12 4 1840 1843 1841 1919 1918 1921 1922 1895 1894 1923
278 21 2 12 4 1841 1843 1844 1922 1921 1924 1925 1926 1927 1928
279 21 2 12 4 1841 1844 173 1927 1926 1929 1930 1903 1902 1931
280 21 2 12 4 173 1844 174 1930 1929 1932 1933 180 179 1934
281 21 2 12 4 58 3 1842 65 66 1935 1936 1909 1908 1937
282 21 2 12 4 1842 3 263 1936 1935 266 267 1938 1939 1940
283 21 2 12 4 1842 263 1843 1939 1938 1941 1942 1917 1916 1943
284 21 2 12 4 1843 263 264 1942 1941 268 269 1944 1945 1946
285 21 2 12 4 1843 264 1844 1945 1944 1947 1948 1925 1924 1949
286 21 2 12 4 1844 264 265 1948 1947 270 271 1950 1951 1952
287 21 2 12 4 1844 265 174 1951 1950 1953 1954 1933 1932 1955
288 21 2 12 4 174 265 7 1954 1953 272 273 182 181 1956
289 21 2 13 6 4 114 274 117 118 2483 2484 278 277 2485
290 21 2 13 6 274 114 2474 2484 2483 2486 2487 2488 2489 2490
291 21 2 13 6 274 2474 275 2489 2488 2491 2492 280 279 2493
292 21 2 13 6 275 2474 2475 2492 2491 2494 2495 2496 2497 2498
293 21 2 13 6 275 2475 276 2497 2496 2499 2500 282 281 2501
294 21 2 13 6 276 2475 2476 2500 2499 2502 2503 2504 2505 2506
295 21 2 13 6 276 2476 8 2505 2504 2507 2508 284 283 2509
296 21 2 13 6 8 2476 230 2508 2507 2510 2511 234 233 2512
297 21 2 13 6 114 115 2474 119 120 2513 2514 2487 2486 2515
298 21 2 13 6 2474 115 2477 2514 2513 2516 2517 2518 2519 2520
299 21 2 13 6 2474 2477 2475 2519 2518 2521 2522 2495 2494 2523
300 21 2 13 6 2475 2477 2478 2522 2521 2524 2525 2526 2527 2528
301 21 2 13 6 2475 2478 2476 2527 2526 2529 2530 2503 2502 2531
302 21 2 13 6 2476 2478 2479 2530 2529 2532 2533 2534 2535 2536
303 21 2 13 6 2476 2479 230 2535 2534 2537 2538 2511 2510 2539
304 21 2 13 6 230 2479 231 2538 2537 2540 2541 236 235 2542
305 21 2 13 6 115 116 2477 121 122 2543 2544 2517 2516 2545
306 21 2 13 6 2477 116 2480 2544 2543 2546 2547 2548 2549 2550
307 21 2 13 6 2477 2480 2478 2549 2548 2551 2552 2525 2524 2553
308 21 2 13 6 2478 2480 2481 2552 2551 2554 2555 2556 2557 2558
309 21 2 13 6 2478 2481 2479 2557 2556 2559 2560 2533 2532 2561
310 21 2 13 6 2479 2481 2482 2560 2559 2562 2563 2564 2565 2566
311 21 2 13 6 2479 2482 231 2565 2564 2567 2568 2541 2540 2569
312 21 2 13 6 231 2482 232 2568 2567 2570 2571 238 237 2572
313 21 2 13 6 116 1 2480 123 124 2573 2574 2547 2546 2575
314 21 2 13 6 2480 1 241 2574 2573 244 245 2576 2577 2578
315 21 2 13 6 2480 241 2481 2577 2576 2579 2580 2555 2554 2581
316 21 2 13 6 2481 241 242 2580 2579 246 247 2582 2583 2584
317 21 2 13 6 2481 242 2482 2583 2582 2585 2586 2563 2562 2587
318 21 2 13 6 2482 242 243 2586 2585 248 249 2588 2589 2590
319 21 2 13 6 2482 243 232 2589 2588 2591 2592 2571 2570 2593
320 21 2 13 6 232 243 5 2592 2591 250 251 240 239 2594
321 29 2 20 1 2595 2001 275 276 2847 2848 2464 2465 2849 2850 2851 2852 282 281 2468 2467 2853 2854 2855 2469
322 29 2 20 1 2596 2597 2598 2599 2856 2857 2858 2859 2860 2861 2862 2863 2864 2865 2866 2867 2868 2869 2870 2871
323 29 2 20 1 2600 2601 2477 2480 2872 2873 2874 2875 2876 2877 2878 2879 2548 2549 2880 2881 2882 2883 2884 2885
324 29 2 20 1 2602 821 2603 822 2886 2887 2888 2889 2890 2891 2892 2893 2894 2895 1047 1046 2896 2897 2898 2899
325 29 2 20 1 2604 1332 1330 1329 2900 2901 1500 1501 2902 2903 2904 2905 1473 1474 1498 1497 2906 2907 2908 1502
326 29 2 20 1 2605 1966 2606 1967 2909 2910 2911 2912 2913 2914 2915 2916 2917 2918 2105 2106 2919 2920 2921 2922
327 29 2 20 1 290 2607 2608 289 2923 2924 2925 2926 2927 2928 379 380 2929 2930 2931 2932 2933 2934 2935 2936
328 29 2 20 1 2609 2610 2611 2612 2937 2938 2939 2940 2941 2942 2943 2944 2945 2946 2947 2948 2949 2950 2951 2952
329 29 2 20 1 2613 2614 2615 1361 2953 2954 2955 2956 2957 2958 2959 2960 2961 2962 2963 2964 2965 2966 2967 2968
330 29 2 20 1 811 2616 2617 812 2969 2970 2971 2972 2973 2974 949 948 2975 2976 2977 2978 2979 2980 2981 2982
331 29 2 20 1 2618 2606 1968 1967 2983 2984 2985 2986 2987 2988 2989 2990 2114 2113 2917 2918 2991 2992 2993 2994
332 29 2 20 1 2605 2619 2620 2621 2995 2996 2997 2998 2999 3000 3001 3002 3003 3004 3005 3006 3007 3008 3009 3010
333 29 2 20 1 2622 2623 313 2624 3011 3012 3013 3014 3015 3016 3017 3018 3019 3020 3021 3022 3023 3024 3025 3026
334 29 2 20 1 2604 2625 2626 1328 3027 3028 3029 3030 3031 3032 3033 3034 3035 3036 3037 3038 3039 3040 3041 3042
335 29 2 20 1 2605 1964 1966 1967 3043 3044 2100 2101 2910 2909 2915 2916 2105 2106 2104 2103 3045 3046 2920 2107
336 29 2 20 1 2627 828 2628 827 3047 3048 3049 3050 3051 3052 3053 3054 3055 3056 1106 1107 3057 3058 3059 3060
337 29 2 20 1 2605 1967 2629 1965 2916 2915 3061 3062 3063 3064 3065 3066 3067 3068 2108 2109 3069 3070 3071 3072
338 29 2 20 1 2630 2631 2632 1993 3073 3074 3075 3076 3077 3078 3079 3080 3081 3082 3083 3084 3085 3086 3087 3088
339 29 2 20 1 2615 2633 57 328 3089 3090 3091 3092 3093 3094 3095 3096 790 789 3097 3098 3099 3100 3101 3102
340 29 2 20 1 2595 2474 2475 275 3103 3104 2494 2495 3105 3106 2849 2850 2497 2496 2492 2491 3107 3108 3109 2498
341 29 2 20 1 1330 2604 2617 2634 2902 2903 3110 3111 3112 3113 3114 3115 3116 3117 3118 3119 3120 3121 3122 3123
342 29 2 20 1 1965 2620 2605 1964 3124 3125 2999 3000 3066 3065 2084 2083 3044 3043 3126 3127 3128 3129 3130 3131
343 29 2 20 1 1320 243 1321 2635 1380 1381 1386 1385 1384 1383 3132 3133 3134 3135 3136 3137 1387 3138 3139 3140
344 29 2 20 1 2636 2637 2638 2639 3141 3142 3143 3144 3145 3146 3147 3148 3149 3150 3151 3152 3153 3154 3155 3156
345 29 2 20 1 2640 300 297 298 3157 3158 485 486 3159 3160 3161 3162 462 461 489 488 3163 3164 3165 490
346 29 2 20 1 1977 1974 188 2641 2202 2201 2180 2179 2206 2207 3166 3167 3168 3169 3170 3171 2208 3172 3173 3174
347 29 2 20 1 2610 2601 2600 286 3175 3176 2873 2872 3177 3178 3179 3180 3181 3182 3183 3184 3185 3186 3187 3188
348 29 2 20 1 2642 2643 2644 806 3189 3190 3191 3192 3193 3194 3195 3196 3197 3198 3199 3200 3201 3202 3203 3204
349 29 2 20 1 2645 2646 2622 2647 3205 3206 3207 3208 3209 3210 3211 3212 3213 3214 3215 3216 3217 3218 3219 3220
350 29 2 20 1 2648 2649 2646 2647 3221 3222 3223 3224 3225 3226 3227 3228 3215 3216 3229 3230 3231 3232 3233 3234
351 29 2 20 1 2650 818 2651 817 3235 3236 3237 3238 3239 3240 3241 3242 3243 3244 1008 1009 3245 3246 3247 3248
352 29 2 20 1 1973 1970 2652 2653 2164 2163 3249 3250 3251 3252 3253 3254 3255 3256 3257 3258 3259 3260 3261 3262
353 29 2 20 1 2654 2655 2656 1991 3263 3264 3265 3266 3267 3268 3269 3270 3271 3272 3273 3274 3275 3276 3277 3278
354 29 2 20 1 2657 2658 2659 2660 3279 3280 3281 3282 3283 3284 3285 3286 3287 3288 3289 3290 3291 3292 3293 3294
355 29 2 20 1 2631 2656 292 293 3295 3296 3297 3298 3299 3300 3301 3302 410 409 3303 3304 3305 3306 3307 3308
356 29 2 20 1 327 56 2615 2661 784 783 3309 3310 3311 3312 3313 3314 3315 3316 3317 3318 3319 3320 3321 3322
357 29 2 20 1 287 2612 286 289 3323 3324 3325 3326 349 350 376 377 373 374 3327 3328 3329 3330 378 3331
358 29 2 20 1 2662 318 20 1352 3332 3333 664 663 3334 3335 3336 3337 1698 1697 3338 3339 3340 3341 3342 3343
359 29 2 20 1 2663 2664 2625 294 3344 3345 3346 3347 3348 3349 3350 3351 3352 3353 3354 3355 3356 3357 3358 3359
360 29 2 20 1 2665 2666 2667 2668 3360 3361 3362 3363 3364 3365 3366 3367 3368 3369 3370 3371 3372 3373 3374 3375
361 29 2 20 1 2669 303 301 304 3376 3377 518 519 3378 3379 3380 3381 523 524 522 521 3382 3383 3384 525
362 29 2 20 1 2651 2616 2670 2671 3385 3386 3387 3388 3389 3390 3391 3392 3393 3394 3395 3396 3397 3398 3399 3400
363 29 2 20 1 1359 2614 2599 2657 3401 3402 3403 3404 3405 3406 3407 3408 3409 3410 3411 3412 3413 3414 3415 3416
364 29 2 20 1 2672 1990 2655 1991 3417 3418 3419 3420 3421 3422 3423 3424 3273 3274 2345 2346 3425 3426 3427 3428
365 29 2 20 1 2644 2673 2674 2642 3429 3430 3431 3432 3433 3434 3194 3193 3435 3436 3437 3438 3439 3440 3441 3442
366 29 2 20 1 129 1333 2675 2634 1512 1511 3443 3444 3445 3446 3447 3448 3449 3450 3451 3452 3453 3454 3455 3456
367 29 2 20 1 2617 2676 2663 1329 3457 3458 3459 3460 3461 3462 3463 3464 3465 3466 3467 3468 3469 3470 3471 3472
368 29 2 20 1 2474 2677 2595 2475 3473 3474 3475 3476 3103 3104 2495 2494 3105 3106 3477 3478 3479 3480 3107 3481
369 29 2 20 1 2604 1330 1332 1333 2903 2902 1501 1500 2901 2900 3482 3483 1504 1503 1505 1506 2906 3484 3485 1507
370 29 2 20 1 2678 20 1349 19 3486 3487 1694 1695 3488 3489 3490 3491 1667 1668 46 47 3492 3493 3494 1696
371 29 2 20 1 2679 1334 300 14 3495 3496 3497 3498 3499 3500 3501 3502 483 484 1517 1518 3503 3504 3505 3506
372 29 2 20 1 194 813 195 2680 965 964 961 962 223 222 3507 3508 3509 3510 3511 3512 966 3513 3514 3515
373 29 2 20 1 822 1983 191 2681 3516 3517 2270 2269 1055 1054 3518 3519 3520 3521 3522 3523 3524 3525 3526 3527
374 29 2 20 1 2648 2682 2649 2647 3528 3529 3530 3531 3222 3221 3227 3228 3229 3230 3532 3533 3534 3535 3232 3536
375 29 2 20 1 2648 2683 2684 2685 3537 3538 3539 3540 3541 3542 3543 3544 3545 3546 3547 3548 3549 3550 3551 3552
376 29 2 20 1 2666 2686 2687 2668 3553 3554 3555 3556 3557 3558 3370 3371 3559 3560 3561 3562 3563 3564 3565 3566
377 29 2 20 1 2688 2689 2690 845 3567 3568 3569 3570 3571 3572 3573 3574 3575 3576 3577 3578 3579 3580 3581 3582
378 29 2 20 1 2691 2692 2693 2652 3583 3584 3585 3586 3587 3588 3589 3590 3591 3592 3593 3594 3595 3596 3597 3598
379 29 2 20 1 2694 839 838 2695 3599 3600 1219 1218 3601 3602 3603 3604 3605 3606 3607 3608 3609 3610 3611 3612
380 29 2 20 1 2653 72 1969 71 3613 3614 2153 2152 3615 3616 3617 3618 2128 2127 92 93 3619 3620 3621 2154
381 29 2 20 1 2696 2609 2611 2697 3622 3623 2942 2941 3624 3625 3626 3627 3628 3629 3630 3631 3632 3633 3634 3635
382 29 2 20 1 2698 1322 1319 2699 3636 3637 1399 1400 3638 3639 3640 3641 3642 3643 3644 3645 3646 3647 3648 3649
383 29 2 20 1 2700 843 2701 2702 3650 3651 3652 3653 3654 3655 3656 3657 3658 3659 3660 3661 3662 3663 3664 3665
384 29 2 20 1 1985 2703 2636 2638 3666 3667 3668 3669 3670 3671 3672 3673 3145 3146 3674 3675 3676 3677 3678 3679
385 29 2 20 1 195 194 2680 1995 223 222 3508 3507 3509 3510 2390 2389 3680 3681 2387 2386 3514 2391 3682 3683
386 29 2 20 1 2640 301 300 298 3684 3685 492 491 3158 3157 3161 3162 489 488 494 493 3686 3687 3164 495
387 29 2 20 1 2704 197 8 804 3688 3689 228 229 3690 3691 3692 3693 871 872 874 875 3694 3695 3696 876
388 29 2 20 1 311 308 310 2705 591 592 587 586 589 590 3697 3698 3699 3700 3701 3702 593 3703 3704 3705
389 29 2 20 1 2643 1326 1324 1323 3706 3707 1440 1441 3708 3709 3710 3711 1413 1414 1438 1437 3712 3713 3714 1442
390 29 2 20 1 822 191 2706 2707 1054 1055 3715 3716 3717 3718 3719 3720 3721 3722 3723 3724 3725 3726 3727 3728
391 29 2 20 1 2672 2708 2670 2709 3729 3730 3731 3732 3733 3734 3735 3736 3737 3738 3739 3740 3741 3742 3743 3744
392 29 2 20 1 2662 2683 2684 1352 3745 3746 3539 3540 3747 3748 3336 3337 3749 3750 3751 3752 3753 3754 3755 3756
393 29 2 20 1 2710 2711 2712 2713 3757 3758 3759 3760 3761 3762 3763 3764 3765 3766 3767 3768 3769 3770 3771 3772
394 29 2 20 1 2701 1962 1964 1965 3773 3774 2078 2079 3775 3776 3777 3778 2083 2084 2082 2081 3779 3780 3781 2085
395 29 2 20 1 2714 835 832 136 3782 3783 1182 1183 3784 3785 3786 3787 1177 1178 1180 1181 3788 3789 3790 1184
396 29 2 20 1 2651 815 814 817 3791 3792 979 978 3793 3794 3243 3244 1002 1003 1005 1006 3795 3796 3797 1007
397 29 2 20 1 2715 2716 2603 2717 3798 3799 3800 3801 3802 3803 3804 3805 3806 3807 3808 3809 3810 3811 3812 3813
398 29 2 20 1 2672 296 2664 2656 3814 3815 3816 3817 3818 3819 3820 3821 3822 3823 3824 3825 3826 3827 3828 3829
399 29 2 20 1 192 822 2707 191 1052 1051 3720 3719 3830 3831 216 217 3724 3723 1055 1054 3832 1056 3833 3726
400 29 2 20 1 2648 2678 2683 2718 3834 3835 3836 3837 3538 3537 3838 3839 3840 3841 3842 3843 3844 3845 3846 3847
401 29 2 20 1 2605 2606 2719 2685 2914 2913 3848 3849 3850 3851 3852 3853 3854 3855 3856 3857 3858 3859 3860 3861
402 29 2 20 1 3 67 58 2720 82 83 799 798 65 66 3862 3863 3864 3865 3866 3867 801 3868 3869 3870
403 29 2 20 1 2721 1363 253 254 3871 3872 1827 1826 3873 3874 3875 3876 260 259 1829 1830 3877 3878 3879 1831
404 29 2 20 1 2665 2722 2686 1978 3880 3881 3882 3883 3884 3885 3886 3887 3888 3889 3890 3891 3892 3893 3894 3895
405 29 2 20 1 2688 2613 2658 2659 3896 3897 3898 3899 3900 3901 3902 3903 3282 3281 3904 3905 3906 3907 3908 3909
406 29 2 20 1 2611 2612 287 2697 2946 2945 3324 3323 3910 3911 3628 3629 3912 3913 3914 3915 3916 3917 3918 3919
407 29 2 20 1 276 2001 197 2723 2468 2467 2450 2449 2470 2471 3920 3921 3922 3923 3924 3925 2472 3926 3927 3928
408 29 2 20 1 242 2635 1320 2601 3929 3930 3132 3133 1377 1378 3931 3932 3933 3934 3935 3936 3937 3938 3939 3940
409 29 2 20 1 2724 2703 2725 2726 3941 3942 3943 3944 3945 3946 3947 3948 3949 3950 3951 3952 3953 3954 3955 3956
410 29 2 20 1 2672 2727 2670 2708 3957 3958 3959 3960 3733 3734 3730 3729 3731 3732 3961 3962 3963 3964 3741 3965
411 29 2 20 1 2672 2625 2671 2617 3966 3967 3968 3969 3970 3971 3972 3973 3974 3975 3976 3977 3978 3979 3980 3981
412 29 2 20 1 2644 2673 2642 806 3429 3430 3438 3437 3194 3193 3197 3198 3195 3196 3982 3983 3440 3984 3203 3985
413 29 2 20 1 253 1837 2721 254 1859 1858 3986 3987 3874 3873 260 259 3875 3876 1862 1861 3988 1863 3879 3989
414 29 2 20 1 2728 307 2665 308 3990 3991 3992 3993 3994 3995 3996 3997 3998 3999 560 559 4000 4001 4002 4003
415 29 2 20 1 810 2729 195 2730 4004 4005 4006 4007 935 934 4008 4009 4010 4011 4012 4013 4014 4015 4016 4017
416 29 2 20 1 1327 1324 126 2643 1445 1446 1421 1422 1449 1448 4018 4019 4020 4021 3709 3708 1450 4022 4023 4024
417 29 2 20 1 2731 1959 2689 2690 4025 4026 4027 4028 4029 4030 4031 4032 3570 3569 4033 4034 4035 4036 4037 4038
418 29 2 20 1 2732 2661 2615 1836 4039 4040 3315 3316 4041 4042 4043 4044 4045 4046 4047 4048 4049 4050 4051 4052
419 29 2 20 1 327 56 328 2615 784 783 786 787 762 761 3311 3312 3096 3095 3310 3309 788 3319 4053 4054
420 29 2 20 1 1353 1350 2678 1352 1707 1708 4055 4056 4057 4058 1705 1706 4059 4060 1702 1703 4061 1709 4062 4063
421 29 2 20 1 2733 814 130 817 4064 4065 998 997 4066 4067 4068 4069 1001 1000 1002 1003 4070 4071 4072 1004
422 29 2 20 1 805 806 2642 2673 888 889 3195 3196 4073 4074 4075 4076 3438 3437 3983 3982 4077 4078 4079 3985
423 29 2 20 1 2734 295 296 298 4080 4081 439 440 4082 4083 4084 4085 466 467 463 464 4086 4087 4088 468
424 29 2 20 1 2626 1331 13 297 4089 4090 1488 1487 4091 4092 4093 4094 454 453 4095 4096 4097 4098 4099 4100
425 29 2 20 1 2735 19 18 312 4101 4102 45 44 4103 4104 4105 4106 604 603 631 630 4107 4108 4109 632
426 29 2 20 1 2736 285 2601 1319 4110 4111 4112 4113 4114 4115 4116 4117 4118 4119 4120 4121 4122 4123 4124 4125
427 29 2 20 1 2737 1982 1984 1985 4126 4127 2280 2281 4128 4129 4130 4131 2285 2286 2284 2283 4132 4133 4134 2287
428 29 2 20 1 2648 2646 2718 2647 3226 3225 4135 4136 3838 3839 3227 3228 4137 4138 3215 3216 4139 3233 4140 4141
429 29 2 20 1 2607 2632 2630 2631 4142 4143 3077 3078 4144 4145 4146 4147 3074 3073 3075 3076 4148 4149 4150 3085
430 29 2 20 1 2656 295 292 293 4151 4152 433 434 3298 3297 3303 3304 410 409 437 436 4153 4154 3308 438
431 29 2 20 1 2738 2739 2713 2624 4155 4156 4157 4158 4159 4160 4161 4162 4163 4164 4165 4166 4167 4168 4169 4170
432 29 2 20 1 2721 254 2740 1363 3876 3875 4171 4172 4173 4174 3872 3871 4175 4176 1830 1829 4177 3878 4178 4179
433 29 2 20 1 2725 2741 300 1334 4180 4181 4182 4183 4184 4185 4186 4187 3497 3498 4188 4189 4190 4191 4192 4193
434 29 2 20 1 1356 2695 2742 1354 4194 4195 4196 4197 4198 4199 1741 1740 4200 4201 4202 4203 4204 4205 4206 4207
435 29 2 20 1 2648 2684 2683 2678 3542 3541 3540 3539 3538 3537 3835 3834 3836 3837 4208 4209 3549 4210 3844 4211
436 29 2 20 1 1350 1352 1349 2678 1703 1702 1699 1700 1675 1676 4056 4055 3489 3488 4060 4059 1704 4063 4212 4213
437 29 2 20 1 2743 2686 2744 2716 4214 4215 4216 4217 4218 4219 4220 4221 4222 4223 4224 4225 4226 4227 4228 4229
438 29 2 20 1 1957 2720 329 67 4230 4231 4232 4233 4234 4235 2008 2007 778 777 3867 3866 4236 4237 4238 4239
439 29 2 20 1 1962 843 2700 2745 4240 4241 3651 3650 4242 4243 4244 4245 4246 4247 4248 4249 4250 4251 4252 4253
440 29 2 20 1 2616 811 814 812 2970 2969 973 972 4254 4255 2977 2978 976 975 949 948 4256 2980 4257 977
441 29 2 20 1 2625 2626 1328 294 3029 3030 3036 3035 3037 3038 3352 3353 4258 4259 4260 4261 3042 4262 4263 4264
442 29 2 20 1 2630 2644 2730 2729 4265 4266 4267 4268 4269 4270 4271 4272 4013 4012 4273 4274 4275 4276 4277 4278
443 29 2 20 1 2696 2000 2611 2610 4279 4280 4281 4282 3624 3625 4283 4284 2939 2940 4285 4286 4287 4288 4289 4290
444 29 2 20 1 2651 818 815 817 3238 3237 1010 1011 3792 3791 3243 3244 1005 1006 1008 1009 4291 3248 3796 1012
445 29 2 20 1 2746 76 302 77 4292 4293 508 507 4294 4295 4296 4297 505 504 103 102 4298 4299 4300 509
446 29 2 20 1 2648 2718 2682 2647 3839 3838 4301 4302 3529 3528 3227 3228 3532 3533 4137 4138 4303 4140 3535 4304
447 29 2 20 1 2605 2620 2747 2621 3000 2999 4305 4306 4307 4308 3001 3002 4309 4310 3003 3004 4311 3009 4312 4313
448 29 2 20 1 2748 231 2482 232 4314 4315 2568 2567 4316 4317 4318 4319 2571 2570 238 237 4320 4321 4322 2572
449 29 2 20 1 2666 2749 2711 2687 4323 4324 4325 4326 4327 4328 3557 3558 4329 4330 4331 4332 4333 4334 4335 4336
450 29 2 20 1 825 191 190 2681 1081 1082 215 214 1085 1084 4337 4338 4339 4340 3520 3521 1086 4341 4342 4343
451 29 2 20 1 2597 321 22 21 4344 4345 721 720 4346 4347 4348 4349 50 51 693 694 4350 4351 4352 722
452 29 2 20 1 2750 2610 2595 2000 4353 4354 4355 4356 4357 4358 4359 4360 4361 4362 4286 4285 4363 4364 4365 4366
453 29 2 20 1 2751 813 2730 810 4367 4368 4369 4370 4371 4372 4373 4374 4009 4008 959 958 4375 4376 4377 4378
454 29 2 20 1 2715 1339 2752 1336 4379 4380 4381 4382 4383 4384 4385 4386 4387 4388 1566 1565 4389 4390 4391 4392
455 29 2 20 1 2601 2478 2477 2480 4393 4394 2525 2524 2875 2874 2880 2881 2548 2549 2551 2552 4395 4396 2885 2553
456 29 2 20 1 2736 2601 241 1319 4115 4114 4397 4398 4399 4400 4116 4117 1369 1370 4118 4119 4401 4124 4402 4403
457 29 2 20 1 2753 1357 1360 137 4404 4405 1776 1775 4406 4407 4408 4409 1779 1778 1752 1751 4410 4411 4412 1780
458 29 2 20 1 2754 2743 2755 2756 4413 4414 4415 4416 4417 4418 4419 4420 4421 4422 4423 4424 4425 4426 4427 4428
459 29 2 20 1 2599 1358 2597 324 4429 4430 4431 4432 2867 2866 4433 4434 4435 4436 4437 4438 4439 4440 4441 4442
460 29 2 20 1 2688 846 2745 845 4443 4444 4445 4446 4447 4448 3573 3574 4449 4450 1286 1287 4451 4452 4453 4454
461 29 2 20 1 2627 2628 2687 827 3052 3051 4455 4456 4457 4458 3053 3054 4459 4460 3055 3056 4461 3059 4462 4463
462 29 2 20 1 322 2619 2621 2757 4464 4465 3006 3005 4466 4467 4468 4469 4470 4471 4472 4473 4474 4475 4476 4477
463 29 2 20 1 2725 2726 2640 2758 3950 3949 4478 4479 4480 4481 4482 4483 4484 4485 4486 4487 4488 4489 4490 4491
464 29 2 20 1 2732 2615 2661 1361 4042 4041 3316 3315 4040 4039 4492 4493 4494 4495 2961 2962 4049 4496 4497 4498
465 29 2 20 1 2749 2759 2711 2687 4499 4500 4501 4502 4326 4325 4331 4332 4329 4330 4503 4504 4505 4506 4336 4507
466 29 2 20 1 2722 75 1978 74 4508 4509 2243 2242 3890 3891 4510 4511 2218 2217 98 99 4512 4513 4514 2244
467 29 2 20 1 2689 7 174 265 4515 4516 182 181 4517 4518 4519 4520 1953 1954 272 273 4521 4522 4523 1956
468 29 2 20 1 2597 22 1355 21 4347 4346 1754 1755 4524 4525 4348 4349 1727 1728 50 51 4526 4352 4527 1756
469 29 2 20 1 1343 2711 2760 1341 4528 4529 4530 4531 4532 4533 1613 1612 4534 4535 4536 4537 4538 4539 4540 4541
470 29 2 20 1 2761 2739 2762 312 4542 4543 4544 4545 4546 4547 4548 4549 4550 4551 4552 4553 4554 4555 4556 4557
471 29 2 20 1 1320 2698 1322 1319 4558 4559 3636 3637 1402 1403 1375 1376 1400 1399 3638 3639 4560 4561 1404 3646
472 29 2 20 1 290 2607 2763 2608 2923 2924 4562 4563 4564 4565 2927 2928 4566 4567 2926 2925 4568 2933 4569 4570
473 29 2 20 1 2644 2730 2729 810 4267 4268 4012 4013 4273 4274 4571 4572 4004 4005 4009 4008 4278 4573 4574 4015
474 29 2 20 1 2764 2705 2765 1975 4575 4576 4577 4578 4579 4580 4581 4582 4583 4584 4585 4586 4587 4588 4589 4590
475 29 2 20 1 2645 2646 2647 1350 3205 3206 3216 3215 3211 3212 4591 4592 4593 4594 4595 4596 3218 4597 4598 4599
476 29 2 20 1 809 806 2766 2643 920 921 4600 4601 4602 4603 4604 4605 4606 4607 3200 3199 4608 4609 4610 4611
477 29 2 20 1 2754 1337 2755 303 4612 4613 4614 4615 4417 4418 4616 4617 4618 4619 4620 4621 4622 4623 4624 4625
478 29 2 20 1 299 2640 298 301 4626 4627 3162 3161 469 470 496 497 493 494 3685 3684 4628 4629 498 3687
479 29 2 20 1 2665 2686 2668 2765 3885 3884 3562 3561 3366 3367 4630 4631 4632 4633 4634 4635 4636 4637 4638 4639
480 29 2 20 1 2750 2595 2001 2000 4358 4357 2847 2848 4640 4641 4359 4360 2444 2443 4361 4362 4642 4365 4643 4644
481 29 2 20 1 806 807 2766 2644 896 897 4645 4646 4601 4600 3198 3197 4647 4648 4649 4650 4651 4652 4653 4654
482 29 2 20 1 2699 10 9 285 4655 4656 27 26 4657 4658 4659 4660 334 333 361 360 4661 4662 4663 362
483 29 2 20 1 2754 1337 16 1340 4612 4613 1575 1574 4664 4665 4666 4667 1578 1577 1579 1580 4668 4669 4670 1581
484 29 2 20 1 2689 2721 2690 845 4671 4672 4673 4674 3570 3569 3577 3578 3575 3576 4675 4676 4677 4678 3582 4679
485 29 2 20 1 2596 2702 2701 2767 4680 4681 3658 3659 4682 4683 4684 4685 4686 4687 4688 4689 4690 4691 4692 4693
486 29 2 20 1 2768 2700 2659 1961 4694 4695 4696 4697 4698 4699 4700 4701 4702 4703 4704 4705 4706 4707 4708 4709
487 29 2 20 1 844 172 6 2740 1301 1300 176 175 1297 1298 4710 4711 4712 4713 4714 4715 1302 4716 4717 4718
488 29 2 20 1 2615 57 1836 56 3094 3093 1875 1876 4045 4046 3309 3310 1848 1849 61 62 4719 4720 4721 1877
489 29 2 20 1 2648 2719 2606 2685 4722 4723 3849 3848 4724 4725 3543 3544 3856 3857 3854 3855 4726 4727 4728 3861
490 29 2 20 1 2769 1360 2660 1359 4729 4730 4731 4732 4733 4734 4735 4736 4737 4738 1773 1774 4739 4740 4741 4742
491 29 2 20 1 846 845 2690 173 1287 1286 3575 3576 4743 4744 1309 1310 4745 4746 1306 1307 4747 1311 4748 4749
492 29 2 20 1 2627 2759 2770 827 4750 4751 4752 4753 4754 4755 3053 3054 4756 4757 4758 4759 4760 4761 4762 4763
493 29 2 20 1 2615 1839 2633 1840 4764 4765 4766 4767 3090 3089 4768 4769 4770 4771 1887 1886 4772 4773 4774 4775
494 29 2 20 1 301 2725 2679 2669 4776 4777 4778 4779 4780 4781 3379 3378 4782 4783 4784 4785 4786 4787 4788 4789
495 29 2 20 1 2735 312 315 19 4106 4105 636 635 4790 4791 4102 4101 633 634 630 631 4792 4108 4793 637
496 29 2 20 1 2665 2722 2743 2686 3880 3881 4794 4795 4796 4797 3884 3885 4215 4214 3883 3882 4798 3892 4799 4800
497 29 2 20 1 1979 2681 2686 2628 4801 4802 4803 4804 4805 4806 4807 4808 4809 4810 4811 4812 4813 4814 4815 4816
498 29 2 20 1 2616 2617 2671 2634 2971 2972 3974 3975 3395 3396 4817 4818 4819 4820 3116 3117 4821 4822 4823 4824
499 29 2 20 1 1991 1989 2771 2727 2349 2348 4825 4826 4827 4828 4829 4830 4831 4832 4833 4834 4835 4836 4837 4838
500 29 2 20 1 2637 819 816 818 4839 4840 1018 1019 4841 4842 4843 4844 1013 1014 1016 1017 4845 4846 4847 1020
501 29 2 20 1 2671 2617 2604 2634 3975 3974 3111 3110 4848 4849 4819 4820 3118 3119 3116 3117 4850 4824 4851 3123
502 29 2 20 1 1999 1997 2000 2696 2431 2430 2433 2434 2435 2436 4852 4853 4279 4280 4854 4855 2437 4856 4857 4858
503 29 2 20 1 2600 114 2772 287 4859 4860 4861 4862 4863 4864 4865 4866 4867 4868 351 352 4869 4870 4871 4872
504 29 2 20 1 2611 286 2677 287 4873 4874 4875 4876 4877 4878 3910 3911 4879 4880 350 349 4881 4882 4883 4884
505 29 2 20 1 2677 2477 2475 2474 4885 4886 2521 2522 3477 3478 3473 3474 2494 2495 2519 2518 4887 4888 3480 2523
506 29 2 20 1 2611 2697 287 1999 3629 3628 3912 3913 3910 3911 4889 4890 4891 4892 4893 4894 3918 4895 4896 4897
507 29 2 20 1 2771 816 193 194 4898 4899 994 995 4900 4901 4902 4903 221 220 992 991 4904 4905 4906 996
508 29 2 20 1 2602 817 820 818 4907 4908 1033 1032 4909 4910 4911 4912 1036 1035 1009 1008 4913 4914 4915 1037
509 29 2 20 1 824 822 2773 2774 1073 1074 4916 4917 4918 4919 4920 4921 4922 4923 4924 4925 4926 4927 4928 4929
510 29 2 20 1 2677 2772 1999 287 4930 4931 4932 4933 4934 4935 4879 4880 4892 4891 4867 4868 4936 4937 4938 4939
511 29 2 20 1 1330 811 128 2634 4940 4941 941 940 1482 1481 3114 3115 4942 4943 4944 4945 4946 4947 4948 4949
512 29 2 20 1 813 2775 2751 2730 4950 4951 4952 4953 4367 4368 4370 4369 4371 4372 4954 4955 4956 4957 4375 4958
513 29 2 20 1 812 2776 809 2751 4959 4960 4961 4962 951 950 4963 4964 4965 4966 4967 4968 4969 4970 4971 4972
514 29 2 20 1 2697 2609 1997 2696 3630 3631 4973 4974 4975 4976 3627 3626 4854 4855 3622 3623 4977 3633 4978 4979
515 29 2 20 1 2777 2674 1323 2698 4980 4981 4982 4983 4984 4985 4986 4987 4988 4989 4990 4991 4992 4993 4994 4995
516 29 2 20 1 2732 1363 2721 1362 4996 4997 3872 3871 4998 4999 5000 5001 5002 5003 1803 1804 5004 5005 5006 5007
517 29 2 20 1 2736 2600 116 2480 5008 5009 5010 5011 5012 5013 5014 5015 2547 2546 2878 2879 5016 5017 5018 5019
518 29 2 20 1 304 2754 303 306 5020 5021 4617 4616 521 522 548 549 545 546 5022 5023 5024 5025 550 5026
519 29 2 20 1 2612 2778 2779 2608 5027 5028 5029 5030 5031 5032 5033 5034 5035 5036 5037 5038 5039 5040 5041 5042
520 29 2 20 1 2701 2768 2780 1960 5043 5044 5045 5046 5047 5048 5049 5050 5051 5052 5053 5054 5055 5056 5057 5058
521 29 2 20 1 3 2720 1842 263 3863 3862 5059 5060 1936 1935 267 266 1938 1939 5061 5062 5063 5064 1940 5065
522 29 2 20 1 2781 2650 1335 1336 5066 5067 5068 5069 5070 5071 5072 5073 1534 1533 5074 5075 5076 5077 5078 5079
523 29 2 20 1 184 2782 2745 1962 5080 5081 5082 5083 5084 5085 2060 2059 4245 4244 5086 5087 5088 5089 5090 5091
524 29 2 20 1 2613 2615 2732 1362 2958 2957 4041 4042 5092 5093 5094 5095 5000 5001 5096 5097 5098 5099 5100 5101
525 29 2 20 1 2660 2659 2768 2700 3287 3288 4698 4699 5102 5103 5104 5105 4695 4694 4696 4697 5106 5107 5108 4706
526 29 2 20 1 2754 2756 2666 2743 4420 4419 5109 5110 5111 5112 4414 4413 5113 5114 4424 4423 5115 4426 5116 5117
527 29 2 20 1 2783 328 2613 2615 5118 5119 5120 5121 5122 5123 5124 5125 2957 2958 3096 3095 5126 5127 5128 5129
528 29 2 20 1 2706 1983 1985 1986 5130 5131 2288 2289 5132 5133 5134 5135 2293 2294 2292 2291 5136 5137 5138 2295
529 29 2 20 1 2633 2689 264 1958 5139 5140 5141 5142 5143 5144 5145 5146 2014 2013 5147 5148 5149 5150 5151 5152
530 29 2 20 1 2677 2000 2474 2595 5153 5154 5155 5156 3473 3474 3476 3475 3103 3104 4362 4361 5157 5158 3479 5159
531 29 2 20 1 2750 2595 2610 2784 4358 4357 4356 4355 4354 4353 5160 5161 5162 5163 5164 5165 4363 5166 5167 5168
532 29 2 20 1 2612 2763 290 2697 5169 5170 4564 4565 5171 5172 3914 3915 5173 5174 5175 5176 5177 5178 5179 5180
533 29 2 20 1 831 833 830 2785 1164 1163 1160 1161 1136 1137 5181 5182 5183 5184 5185 5186 1165 5187 5188 5189
534 29 2 20 1 2754 1337 1340 1338 4612 4613 1580 1579 4666 4667 5190 5191 1583 1582 1556 1555 4669 5192 5193 1584
535 29 2 20 1 823 2717 2749 2774 5194 5195 5196 5197 5198 5199 5200 5201 5202 5203 5204 5205 5206 5207 5208 5209
536 29 2 20 1 2722 305 1981 75 5210 5211 5212 5213 5214 5215 4509 4508 2248 2247 538 537 5216 5217 5218 5219
537 29 2 20 1 2737 75 1981 305 5220 5221 2248 2247 5222 5223 5224 5225 5212 5213 537 538 5226 5227 5228 5219
538 29 2 20 1 2786 73 72 314 5229 5230 95 94 5231 5232 5233 5234 627 628 624 625 5235 5236 5237 629
539 29 2 20 1 2747 2787 2596 2767 5238 5239 5240 5241 5242 5243 5244 5245 4684 4685 5246 5247 5248 5249 5250 5251
540 29 2 20 1 2788 2693 2649 2647 5252 5253 5254 5255 5256 5257 5258 5259 3229 3230 5260 5261 5262 5263 5264 5265
541 29 2 20 1 2701 2767 2789 840 4687 4686 5266 5267 5268 5269 5270 5271 5272 5273 5274 5275 5276 5277 5278 5279
542 29 2 20 1 2790 2770 2627 2624 5280 5281 4754 4755 5282 5283 5284 5285 5286 5287 5288 5289 5290 5291 5292 5293
543 29 2 20 1 2735 18 1346 312 4104 4103 1637 1638 5294 5295 4105 4106 5296 5297 604 603 5298 4109 5299 5300
544 29 2 20 1 2791 2631 2664 2656 5301 5302 5303 5304 5305 5306 5307 5308 3822 3823 3296 3295 5309 5310 5311 5312
545 29 2 20 1 2630 1996 2763 1997 5313 5314 5315 5316 5317 5318 5319 5320 5321 5322 2405 2406 5323 5324 5325 5326
546 29 2 20 1 2748 231 802 803 4314 4315 856 855 5327 5328 5329 5330 859 858 860 861 5331 5332 5333 862
547 29 2 20 1 2730 2680 194 1995 5334 5335 3507 3508 5336 5337 5338 5339 2387 2386 3680 3681 5340 5341 5342 3683
548 29 2 20 1 2792 291 2793 2608 5343 5344 5345 5346 5347 5348 5349 5350 5351 5352 5353 5354 5355 5356 5357 5358
549 29 2 20 1 2639 2746 2703 2640 5359 5360 5361 5362 5363 5364 5365 5366 5367 5368 5369 5370 5371 5372 5373 5374
550 29 2 20 1 2698 2699 2601 2778 3641 3640 5375 5376 5377 5378 5379 5380 5381 5382 5383 5384 5385 5386 5387 5388
551 29 2 20 1 2794 1969 1967 1966 5389 5390 2131 2130 5391 5392 5393 5394 2106 2105 2125 2126 5395 5396 5397 2132
552 29 2 20 1 1979 2681 2628 1980 4801 4802 4812 4811 4807 4808 2233 2234 5398 5399 5400 5401 4814 5402 5403 5404
553 29 2 20 1 2759 2711 2713 1344 4501 4502 3768 3767 5405 5406 5407 5408 5409 5410 5411 5412 5413 5414 5415 5416
554 29 2 20 1 2795 823 2796 2687 5417 5418 5419 5420 5421 5422 5423 5424 5425 5426 5427 5428 5429 5430 5431 5432
555 29 2 20 1 2730 1992 194 813 5433 5434 2360 2359 5336 5337 4369 4370 964 965 5435 5436 5437 5438 5439 5440
556 29 2 20 1 2797 2621 319 322 5441 5442 5443 5444 5445 5446 5447 5448 703 704 4467 4466 5449 5450 5451 5452
557 29 2 20 1 2737 1982 2744 1981 4126 4127 5453 5454 5455 5456 5222 5223 5457 5458 2256 2255 5459 5460 5461 5462
558 29 2 20 1 1974 2798 1977 1976 5463 5464 5465 5466 2202 2201 2199 2198 2204 2203 5467 5468 5469 5470 2205 5471
559 29 2 20 1 2644 2730 2776 2799 4267 4268 5472 5473 5474 5475 5476 5477 5478 5479 5480 5481 5482 5483 5484 5485
560 29 2 20 1 2635 1320 243 242 3132 3133 1380 1381 3137 3136 3929 3930 248 249 1378 1377 3138 3937 5486 1382
561 29 2 20 1 2794 71 70 320 5487 5488 91 90 5489 5490 5491 5492 687 688 684 685 5493 5494 5495 689
562 29 2 20 1 2735 315 313 2622 4791 4790 638 639 5496 5497 5498 5499 3016 3015 5500 5501 5502 5503 5504 5505
563 29 2 20 1 2627 2765 2628 1977 5506 5507 5508 5509 3051 3052 5510 5511 5512 5513 5514 5515 5516 5517 5518 5519
564 29 2 20 1 2714 2682 2800 2718 5520 5521 5522 5523 5524 5525 5526 5527 5528 5529 4301 4302 5530 5531 5532 5533
565 29 2 20 1 2618 2629 2747 2620 5534 5535 5536 5537 5538 5539 5540 5541 4305 4306 5542 5543 5544 5545 5546 5547
566 29 2 20 1 2736 2600 2601 285 5008 5009 2872 2873 4114 4115 4111 4110 4112 4113 5548 5549 5550 5551 4122 5552
567 29 2 20 1 2600 115 2474 114 5553 5554 2513 2514 5555 5556 4860 4859 2486 2487 119 120 5557 5558 5559 2515
568 29 2 20 1 2656 79 1990 78 5560 5561 2363 2362 5562 5563 5564 5565 2338 2337 106 107 5566 5567 5568 2364
569 29 2 20 1 2660 2801 2657 2769 5569 5570 5571 5572 3286 3285 4734 4733 5573 5574 5575 5576 5577 5578 5579 5580
570 29 2 20 1 2735 315 1349 19 4791 4790 5581 5582 5583 5584 4102 4101 1667 1668 633 634 5585 4793 5586 5587
571 29 2 20 1 2721 1838 1840 1841 5588 5589 1892 1891 5590 5591 5592 5593 1895 1894 1896 1897 5594 5595 5596 1898
572 29 2 20 1 2689 1844 264 265 5597 5598 1948 1947 5142 5141 4519 4520 271 270 1950 1951 5599 5600 5601 1952
573 29 2 20 1 2615 1836 57 1839 4046 4045 1876 1875 3093 3094 4765 4764 1879 1878 1880 1881 4719 5602 5603 1882
574 29 2 20 1 2678 19 1349 315 3491 3490 1667 1668 3488 3489 5604 5605 5581 5582 634 633 3494 5606 5607 5587
575 29 2 20 1 1336 1339 2752 130 1566 1565 4381 4382 4388 4387 1542 1541 5608 5609 1569 1568 4392 1570 5610 5611
576 29 2 20 1 2626 1328 13 1331 3036 3035 1485 1484 4091 4092 4090 4089 1488 1487 1489 1490 5612 5613 4097 1491
577 29 2 20 1 2689 2688 2690 1959 3568 3567 3572 3571 3570 3569 4027 4028 4034 4033 5614 5615 3579 5616 4038 5617
578 29 2 20 1 2802 2753 1360 138 5618 5619 4407 4406 5620 5621 5622 5623 1782 1781 5624 5625 5626 5627 5628 5629
579 29 2 20 1 1837 2613 2732 2721 5630 5631 5093 5092 5632 5633 3987 3986 4998 4999 5634 5635 5636 5637 5638 5639
580 29 2 20 1 2614 327 2615 1361 5640 5641 3312 3311 2956 2955 2963 2964 2961 2962 5642 5643 5644 5645 2968 5646
581 29 2 20 1 319 320 2797 322 679 680 5647 5648 5446 5445 703 704 5447 5448 706 707 5649 708 5451 5650
582 29 2 20 1 2677 1999 2772 2000 4935 4934 4933 4932 4931 4930 5154 5153 5651 5652 2435 2436 4936 5653 5654 5655
583 29 2 20 1 2710 2759 2627 2687 5656 5657 4751 4750 5658 5659 5660 5661 4457 4458 4503 4504 5662 5663 5664 5665
584 29 2 20 1 2783 324 325 327 5666 5667 731 732 5668 5669 5670 5671 758 759 755 756 5672 5673 5674 760
585 29 2 20 1 134 2803 133 826 5675 5676 5677 5678 158 159 1118 1117 1091 1090 5679 5680 5681 5682 1119 5683
586 29 2 20 1 2705 2668 310 2712 5684 5685 5686 5687 3700 3699 5688 5689 5690 5691 5692 5693 5694 5695 5696 5697
587 29 2 20 1 322 319 321 2804 703 704 699 698 701 702 5698 5699 5700 5701 5702 5703 705 5704 5705 5706
588 29 2 20 1 2627 2687 2628 2765 4458 4457 4456 4455 3051 3052 5507 5506 5508 5509 5707 5708 4461 5709 5516 5710
589 29 2 20 1 2777 805 126 1324 5711 5712 881 880 5713 5714 5715 5716 1421 1422 5717 5718 5719 5720 5721 5722
590 29 2 20 1 2610 2748 2784 2601 5723 5724 5725 5726 5162 5163 3176 3175 5727 5728 5729 5730 5731 5732 5733 5734
591 29 2 20 1 2600 2677 286 287 5735 5736 4876 4875 3181 3182 4865 4866 350 349 4879 4880 5737 5738 5739 4884
592 29 2 20 1 2748 2479 2481 2482 5740 5741 2560 2559 5742 5743 4316 4317 2563 2562 2564 2565 5744 5745 5746 2566
593 29 2 20 1 2628 1979 1977 1976 4807 4808 2229 2228 5512 5513 5747 5748 2204 2203 2223 2224 5749 5750 5751 2230
594 29 2 20 1 2760 16 1340 306 5752 5753 1577 1578 5754 5755 5756 5757 5758 5759 544 543 5760 5761 5762 5763
595 29 2 20 1 2721 2740 254 1838 4174 4173 4172 4171 3875 3876 5589 5588 1866 1867 5764 5765 4177 5766 5767 5768
596 29 2 20 1 2783 2615 2613 2614 5125 5124 2957 2958 5122 5123 5769 5770 2954 2953 2955 2956 5128 5771 5772 2965
597 29 2 20 1 2660 2700 2768 2702 5105 5104 4695 4694 5102 5103 5773 5774 5775 5776 3656 3657 5108 5777 5778 5779
598 29 2 20 1 2794 71 1966 70 5487 5488 2123 2122 5393 5394 5489 5490 2098 2097 90 91 5780 5493 5781 2124
599 29 2 20 1 2804 2621 321 322 5782 5783 5784 5785 5701 5700 5699 5698 702 701 4467 4466 5786 5787 5705 5788
600 29 2 20 1 2662 21 1355 1352 5789 5790 1727 1728 5791 5792 3336 3337 1730 1729 1725 1724 5793 5794 5795 1731
601 29 2 20 1 2665 2722 1978 308 3880 3881 3891 3890 3886 3887 3998 3999 5796 5797 5798 5799 3893 5800 5801 5802
602 29 2 20 1 2628 2717 2687 824 5803 5804 5805 5806 4456 4455 5807 5808 5809 5810 5811 5812 5813 5814 5815 5816
603 29 2 20 1 2805 2624 2645 2739 5817 5818 5819 5820 5821 5822 5823 5824 5825 5826 4166 4165 5827 5828 5829 5830
604 29 2 20 1 2754 2756 1338 1341 4420 4419 5831 5832 5190 5191 5833 5834 1587 1588 5835 5836 5837 5838 5839 5840
605 29 2 20 1 2746 1987 1984 77 5841 5842 2306 2305 5843 5844 4296 4297 2303 2302 2308 2307 5845 5846 5847 2309
606 29 2 20 1 2727 1991 1989 1988 4829 4830 2349 2348 4834 4833 5848 5849 2324 2323 2343 2344 4836 5850 5851 2350
607 29 2 20 1 1333 2758 1335 1332 5852 5853 5854 5855 1530 1531 1503 1504 1528 1527 5856 5857 5858 5859 1532 5860
608 29 2 20 1 1338 1336 1339 2806 1560 1561 1566 1565 1564 1563 5861 5862 5863 5864 5865 5866 1567 5867 5868 5869
609 29 2 20 1 2807 2637 1986 1985 5870 5871 5872 5873 5874 5875 5876 5877 2294 2293 5878 5879 5880 5881 5882 5883
610 29 2 20 1 2662 1355 2742 1352 5792 5791 5884 5885 5886 5887 3336 3337 5888 5889 1730 1729 5890 5795 5891 5892
611 29 2 20 1 2636 2807 2639 2726 5893 5894 5895 5896 3147 3148 5897 5898 5899 5900 5901 5902 5903 5904 5905 5906
612 29 2 20 1 2808 2781 2679 1335 5907 5908 5909 5910 5911 5912 5913 5914 5915 5916 5070 5071 5917 5918 5919 5920
613 29 2 20 1 2626 13 12 294 4092 4091 33 32 5921 5922 4260 4261 424 423 451 450 5923 5924 5925 452
614 29 2 20 1 1965 2809 184 185 5926 5927 5928 5929 2086 2087 2089 2090 203 202 5930 5931 5932 5933 2091 5934
615 29 2 20 1 2606 1970 1967 2794 5935 5936 2134 2133 2917 2918 5937 5938 5392 5391 5939 5940 5941 5942 5943 5944
616 29 2 20 1 2764 2786 311 73 5945 5946 5947 5948 5949 5950 5951 5952 598 597 5230 5229 5953 5954 5955 5956
617 29 2 20 1 2628 825 2681 2686 5957 5958 4338 4337 4812 4811 4810 4809 4804 4803 5959 5960 5961 5962 4816 5963
618 29 2 20 1 2810 67 68 1957 5964 5965 84 85 5966 5967 5968 5969 2032 2033 2007 2008 5970 5971 5972 2034
619 29 2 20 1 2658 2811 844 845 5973 5974 5975 5976 5977 5978 5979 5980 1279 1278 5981 5982 5983 5984 5985 5986
620 29 2 20 1 2660 1359 2753 2801 4738 4737 5987 5988 5989 5990 5570 5569 5991 5992 5993 5994 5995 5996 5997 5998
621 29 2 20 1 2783 2614 324 327 5770 5769 5999 6000 5667 5666 5670 5671 755 756 5641 5640 6001 6002 5673 6003
622 29 2 20 1 2628 1977 1979 1980 5513 5512 2228 2229 4808 4807 5398 5399 2233 2234 2232 2231 5749 6004 5403 2235
623 29 2 20 1 2681 822 2603 2773 3518 3519 2894 2895 6005 6006 6007 6008 6009 6010 4917 4916 6011 6012 6013 6014
624 29 2 20 1 2631 2656 2654 2655 3295 3296 3267 3268 6015 6016 6017 6018 3264 3263 3265 3266 6019 6020 6021 3275
625 29 2 20 1 806 2766 2643 2644 4600 4601 4607 4606 3200 3199 3198 3197 3192 3191 4647 4648 4611 4653 3204 6022
626 29 2 20 1 2805 2739 2735 1346 5824 5823 6023 6024 6025 6026 6027 6028 5294 5295 6029 6030 6031 6032 6033 6034
627 29 2 20 1 2754 1338 1340 1341 5191 5190 1583 1582 4666 4667 5833 5834 1586 1585 1587 1588 5193 5839 6035 1589
628 29 2 20 1 312 2761 310 2762 4548 4549 6036 6037 609 608 4551 4550 6038 6039 4546 4547 6040 4556 6041 6042
629 29 2 20 1 2662 20 21 1352 3335 3334 48 49 5790 5789 3336 3337 1725 1724 1698 1697 6043 3342 5794 1726
630 29 2 20 1 2683 2682 2718 2800 6044 6045 4302 4301 3840 3841 6046 6047 5529 5528 5523 5522 6048 6049 6050 5533
631 29 2 20 1 2794 1967 1969 1970 5392 5391 2130 2131 5390 5389 5940 5939 2135 2136 2134 2133 5395 5944 6051 2137
632 29 2 20 1 2754 2666 2756 1341 5112 5111 5110 5109 4419 4420 5833 5834 5835 5836 6052 6053 5115 6054 5838 6055
633 29 2 20 1 2689 1841 2721 1840 6056 6057 5592 5593 4672 4671 6058 6059 5590 5591 1894 1895 6060 6061 6062 5596
634 29 2 20 1 2613 2615 1362 1361 2958 2957 5097 5096 5094 5095 2959 2960 1795 1796 2961 2962 5099 2967 6063 6064
635 29 2 20 1 2736 116 2600 285 5013 5012 5011 5010 5009 5008 4111 4110 5548 5549 335 336 5016 6065 5551 6066
636 29 2 20 1 2772 274 2000 1999 6067 6068 2459 2458 5651 5652 4933 4932 2436 2435 2455 2456 6069 6070 5655 2460
637 29 2 20 1 1329 1327 1330 2812 1470 1471 1476 1475 1474 1473 6071 6072 6073 6074 6075 6076 1477 6077 6078 6079
638 29 2 20 1 1323 1320 1321 2698 1407 1408 1383 1384 1411 1410 4988 4989 6080 6081 4559 4558 1412 6082 6083 6084
639 29 2 20 1 21 2813 2662 1355 6085 6086 6087 6088 5789 5790 1728 1727 5791 5792 6089 6090 6091 6092 5793 6093
640 29 2 20 1 2814 2647 2718 1350 6094 6095 4137 4138 6096 6097 6098 6099 6100 6101 4593 4594 6102 6103 6104 6105
641 29 2 20 1 2662 2742 2804 2684 5887 5886 6106 6107 6108 6109 3747 3748 6110 6111 6112 6113 6114 6115 6116 6117
642 29 2 20 1 2648 2794 2649 2719 6118 6119 6120 6121 3222 3221 4723 4722 6122 6123 6124 6125 6126 6127 6128 6129
643 29 2 20 1 2000 275 274 2474 2461 2462 280 279 2459 2458 5156 5155 2488 2489 2491 2492 2463 6130 6131 2493
644 29 2 20 1 2732 253 1363 1362 6132 6133 1826 1827 4997 4996 5000 5001 1803 1804 1824 1823 6134 6135 5005 1828
645 29 2 20 1 2659 2633 2810 1958 6136 6137 6138 6139 6140 6141 6142 6143 6144 6145 5145 5146 6146 6147 6148 6149
646 29 2 20 1 2633 1840 1842 1843 4771 4770 1914 1913 6150 6151 6152 6153 1917 1916 1918 1919 6154 6155 6156 1920
647 29 2 20 1 2794 70 1966 320 5490 5489 2098 2097 5393 5394 5491 5492 6157 6158 687 688 5781 5495 6159 6160
648 29 2 20 1 2815 820 823 2774 6161 6162 1063 1062 6163 6164 6165 6166 5200 5201 6167 6168 6169 6170 6171 6172
649 29 2 20 1 2724 2706 2636 2726 6173 6174 6175 6176 6177 6178 3947 3948 5897 5898 6179 6180 6181 6182 6183 6184
650 29 2 20 1 2816 2694 836 835 6185 6186 6187 6188 6189 6190 6191 6192 1188 1189 6193 6194 6195 6196 6197 6198
651 29 2 20 1 2783 2810 2633 329 6199 6200 6139 6138 6201 6202 6203 6204 6205 6206 6207 6208 6209 6210 6211 6212
652 29 2 20 1 2658 2613 2721 1362 3899 3898 5635 5634 6213 6214 6215 6216 5002 5003 5094 5095 6217 6218 6219 6220
653 29 2 20 1 2810 329 68 67 6208 6207 774 775 5966 5967 5965 5964 84 85 778 777 6221 6222 5970 779
654 29 2 20 1 2618 2817 2747 2629 6223 6224 6225 6226 5538 5539 5535 5534 5536 5537 6227 6228 6229 6230 5544 6231
655 29 2 20 1 2818 2759 2713 1344 6232 6233 5406 5405 6234 6235 6236 6237 5409 5410 5407 5408 6238 6239 6240 5415
656 29 2 20 1 2653 72 71 317 3613 3614 93 92 3617 3618 6241 6242 657 658 654 655 3620 6243 6244 659
657 29 2 20 1 2819 2790 2786 1973 6245 6246 6247 6248 6249 6250 6251 6252 6253 6254 6255 6256 6257 6258 6259 6260
658 29 2 20 1 2695 2742 2747 2787 4196 4197 6261 6262 6263 6264 6265 6266 5239 5238 6267 6268 6269 6270 6271 6272
659 29 2 20 1 2754 1340 2666 1341 4667 4666 6273 6274 5111 5112 5833 5834 6052 6053 1586 1585 6275 6035 6054 6276
660 29 2 20 1 2695 1356 2787 1357 4195 4194 6277 6278 6265 6266 6279 6280 6281 6282 1744 1743 6283 6284 6285 6286
661 29 2 20 1 2596 2701 2702 2768 4683 4682 3659 3658 4681 4680 6287 6288 5776 5775 5044 5043 4690 6289 6290 6291
662 29 2 20 1 2695 1356 2742 2787 4195 4194 4199 4198 4197 4196 6265 6266 6267 6268 6278 6277 4204 6283 6270 6292
663 29 2 20 1 2607 2632 2631 293 4142 4143 3076 3075 4146 4147 6293 6294 3301 3302 6295 6296 4149 6297 6298 6299
664 29 2 20 1 2617 2812 811 812 6300 6301 6302 6303 2974 2973 2975 2976 949 948 6304 6305 6306 6307 2981 6308
665 29 2 20 1 2626 12 1328 294 5922 5921 1457 1458 3035 3036 4260 4261 4258 4259 424 423 6309 5925 4264 6310
666 29 2 20 1 2604 1329 2625 1328 2905 2904 6311 6312 3028 3027 3033 3034 3037 3038 1465 1466 6313 6314 3040 6315
667 29 2 20 1 2631 2730 2654 1994 6316 6317 6318 6319 6015 6016 6320 6321 6322 6323 6324 6325 6326 6327 6328 6329
668 29 2 20 1 2673 807 2696 2820 6330 6331 6332 6333 6334 6335 6336 6337 6338 6339 6340 6341 6342 6343 6344 6345
669 29 2 20 1 2783 328 2615 327 5118 5119 3095 3096 5124 5125 5670 5671 3312 3311 761 762 5127 6346 6347 4053
670 29 2 20 1 2810 329 67 1957 6208 6207 777 778 5965 5964 5968 5969 2007 2008 4235 4234 6222 6348 5971 4238
671 29 2 20 1 2721 1363 2732 253 3871 3872 4997 4996 4999 4998 3873 3874 6133 6132 1826 1827 5004 3877 6349 6134
672 29 2 20 1 2615 1836 1839 1837 4046 4045 1881 1880 4765 4764 6350 6351 1884 1883 1857 1856 5602 6352 6353 1885
673 29 2 20 1 2776 2617 2676 2663 6354 6355 3457 3458 6356 6357 6358 6359 3460 3459 3461 3462 6360 6361 6362 3469
674 29 2 20 1 192 1989 2821 193 2326 2327 6363 6364 6365 6366 219 218 6367 6368 2329 2330 6369 2331 6370 6371
675 29 2 20 1 2610 2600 2677 286 3178 3177 5735 5736 6372 6373 3179 3180 4875 4876 3181 3182 6374 3187 6375 5737
676 29 2 20 1 2630 2608 2644 2609 6376 6377 6378 6379 4266 4265 6380 6381 6382 6383 6384 6385 6386 6387 6388 6389
677 29 2 20 1 2608 2791 292 2631 6390 6391 6392 6393 6394 6395 6396 6397 3300 3299 5302 5301 6398 6399 6400 6401
678 29 2 20 1 1329 1327 2812 2676 1470 1471 6076 6075 6071 6072 3468 3467 6402 6403 6404 6405 6077 6406 6407 6408
679 29 2 20 1 2596 2597 2599 2787 2856 2857 2867 2866 2862 2863 5240 5241 6409 6410 6411 6412 2869 6413 6414 6415
680 29 2 20 1 2781 2725 1335 2726 6416 6417 6418 6419 5070 5071 6420 6421 6422 6423 3949 3950 6424 6425 6426 6427
681 29 2 20 1 2743 2716 2744 304 4221 4220 4222 4223 4218 4219 6428 6429 6430 6431 6432 6433 4228 6434 6435 6436
682 29 2 20 1 1991 1989 1992 2771 2349 2348 2351 2352 2353 2354 4827 4828 6437 6438 4826 4825 2355 4835 6439 6440
683 29 2 20 1 2639 2758 2651 2671 6441 6442 6443 6444 6445 6446 6447 6448 3391 3392 6449 6450 6451 6452 6453 6454
684 29 2 20 1 2730 1995 1992 2654 5339 5338 2382 2381 5434 5433 6319 6318 6455 6456 6457 6458 6459 6460 6461 6462
685 29 2 20 1 2636 2706 2603 1982 6176 6175 6463 6464 6465 6466 6467 6468 6469 6470 6471 6472 6473 6474 6475 6476
686 29 2 20 1 2664 295 2625 294 6477 6478 6479 6480 3347 3346 3354 3355 3352 3353 431 432 6481 6482 3359 6483
687 29 2 20 1 815 2670 2771 816 6484 6485 6486 6487 6488 6489 987 986 4899 4898 6490 6491 6492 6493 6494 6495
688 29 2 20 1 2695 2702 2767 2822 6496 6497 4689 4688 6498 6499 6500 6501 6502 6503 6504 6505 6506 6507 6508 6509
689 29 2 20 1 316 318 2823 2678 669 668 6510 6511 6512 6513 6514 6515 6516 6517 6518 6519 6520 6521 6522 6523
690 29 2 20 1 2596 2702 2787 2768 4680 4681 6524 6525 5240 5241 6287 6288 6526 6527 5776 5775 6528 6290 6529 6530
691 29 2 20 1 2792 2608 292 291 5350 5349 6395 6394 6531 6532 5344 5343 401 402 5354 5353 6533 5356 6534 6535
692 29 2 20 1 2824 1323 1322 1325 6536 6537 1406 1405 6538 6539 6540 6541 1429 1430 1432 1433 6542 6543 6544 1434
693 29 2 20 1 241 242 2601 2481 246 247 3932 3931 4397 4398 2580 2579 6545 6546 2583 2582 6547 2584 6548 6549
694 29 2 20 1 2825 2673 2674 2609 6550 6551 3431 3432 6552 6553 6554 6555 6556 6557 6558 6559 6560 6561 6562 6563
695 29 2 20 1 2826 5 1321 125 6564 6565 1389 1388 6566 6567 6568 6569 1392 1391 141 140 6570 6571 6572 1393
696 29 2 20 1 2699 2698 1322 2778 3640 3641 3636 3637 3645 3644 5383 5384 6573 6574 5379 5380 3647 5386 6575 6576
697 29 2 20 1 2628 2765 2687 2686 5509 5508 5707 5708 4456 4455 4810 4809 3555 3556 4635 4634 5710 6577 6578 6579
698 29 2 20 1 2000 2474 2772 2677 5155 5156 6580 6581 5652 5651 5153 5154 4930 4931 3474 3473 6582 5157 5654 6583
699 29 2 20 1 2626 13 1328 12 4092 4091 1484 1485 3035 3036 5921 5922 1457 1458 32 33 5612 5923 6309 1486
700 29 2 20 1 2695 2787 2747 2767 6266 6265 5239 5238 6263 6264 6498 6499 5244 5245 5246 5247 6271 6584 6585 5249
701 29 2 20 1 2643 805 2827 127 6586 6587 6588 6589 6590 6591 6592 6593 6594 6595 907 908 6596 6597 6598 6599
702 29 2 20 1 810 807 2644 809 928 929 4650 4649 4572 4571 926 927 6600 6601 923 924 6602 930 6603 6604
703 29 2 20 1 2812 1327 809 2828 6075 6076 6605 6606 6607 6608 6609 6610 6611 6612 6613 6614 6615 6616 6617 6618
704 29 2 20 1 2763 290 2697 1996 4564 4565 5174 5173 5175 5176 5315 5316 6619 6620 6621 6622 5180 6623 6624 6625
705 29 2 20 1 2673 806 803 805 3983 3982 890 891 6626 6627 4076 4075 885 886 888 889 6628 4078 6629 892
706 29 2 20 1 2595 2784 2723 2476 5165 5164 6630 6631 6632 6633 6634 6635 6636 6637 6638 6639 6640 6641 6642 6643
707 29 2 20 1 2673 803 802 805 6627 6626 859 858 6644 6645 4076 4075 882 883 885 886 6646 6629 6647 887
708 29 2 20 1 2482 243 2635 2748 2589 2588 3137 3136 6648 6649 4317 4316 6650 6651 6652 6653 6654 6655 6656 6657
709 29 2 20 1 2736 241 2601 2480 4400 4399 4398 4397 4114 4115 5014 5015 2880 2881 2577 2576 4401 6658 6659 6660
710 29 2 20 1 2748 231 232 802 4314 4315 237 238 4318 4319 5327 5328 852 853 855 856 4321 5331 6661 857
711 29 2 20 1 2595 2475 2784 2476 3106 3105 6662 6663 5164 5165 6634 6635 6638 6639 2503 2502 6664 6665 6641 6666
712 29 2 20 1 816 2651 818 815 6667 6668 3238 3237 1013 1014 986 987 1011 1010 3792 3791 6669 6670 1015 4291
713 29 2 20 1 2746 1984 76 77 5844 5843 2277 2278 4293 4292 4296 4297 103 102 2303 2302 6671 5847 4299 2304
714 29 2 20 1 2708 2639 2638 1988 6672 6673 3149 3150 6674 6675 6676 6677 6678 6679 6680 6681 6682 6683 6684 6685
715 29 2 20 1 2670 2616 2775 2671 3388 3387 6686 6687 6688 6689 3393 3394 6690 6691 3395 3396 6692 3400 6693 6694
716 29 2 20 1 2722 1978 75 1981 3891 3890 2242 2243 4509 4508 5214 5215 2247 2248 2246 2245 4512 6695 5218 2249
717 29 2 20 1 2764 2627 2786 2819 6696 6697 6698 6699 5946 5945 6700 6701 6250 6249 6702 6703 6704 6705 6706 6707
718 29 2 20 1 2735 19 1346 18 4101 4102 1664 1665 5294 5295 4103 4104 1637 1638 44 45 6708 4107 5298 1666
719 29 2 20 1 1356 2813 2787 2597 6709 6710 6711 6712 6278 6277 6713 6714 6412 6411 6715 6716 6717 6718 6719 6720
720 29 2 20 1 2715 2806 1338 1339 6721 6722 5861 5862 6723 6724 4380 4379 1564 1563 5864 5863 6725 6726 6727 5868
721 29 2 20 1 2650 2733 2758 1335 6728 6729 6730 6731 6732 6733 5069 5068 5855 5854 6734 6735 6736 6737 6738 6739
722 29 2 20 1 2667 2760 2712 2711 6740 6741 6742 6743 6744 6745 6746 6747 3759 3760 4530 4531 6748 6749 6750 6751
723 29 2 20 1 2602 2781 2724 2716 6752 6753 6754 6755 6756 6757 6758 6759 6760 6761 6762 6763 6764 6765 6766 6767
724 29 2 20 1 1351 2714 2718 2814 6768 6769 5527 5526 6770 6771 6772 6773 6097 6096 6774 6775 6776 6777 6778 6779
725 29 2 20 1 316 2693 317 2653 6780 6781 6782 6783 650 649 6784 6785 6242 6241 6786 6787 6788 6789 6790 6791
726 29 2 20 1 2605 2629 2618 2620 3064 3063 5535 5534 6792 6793 2999 3000 5540 5541 5542 5543 6794 6795 6796 5545
727 29 2 20 1 2786 1972 2623 314 6797 6798 6799 6800 6801 6802 5233 5234 6803 6804 6805 6806 6807 6808 6809 6810
728 29 2 20 1 1341 2760 1340 2666 4534 4535 5755 5754 1585 1586 6053 6052 6274 6273 6811 6812 6813 6814 6276 6815
729 29 2 20 1 2829 2830 811 2812 6816 6817 6818 6819 6820 6821 6822 6823 6302 6303 6824 6825 6826 6827 6828 6829
730 29 2 20 1 316 318 2678 315 669 668 6519 6518 6514 6515 641 642 5604 5605 666 665 6521 670 6830 6831
731 29 2 20 1 2813 2598 2596 2597 6832 6833 2860 2861 6834 6835 6715 6716 2857 2856 2858 2859 6836 6837 6838 2868
732 29 2 20 1 2691 2647 2693 2692 6839 6840 5260 5261 3587 3588 3584 3583 3585 3586 6841 6842 6843 6844 3595 6845
733 29 2 20 1 2722 75 74 308 4508 4509 99 98 4510 4511 5798 5799 567 568 564 565 4513 6846 6847 569
734 29 2 20 1 2662 2804 2813 321 6109 6108 6848 6849 6087 6088 6850 6851 6852 6853 5701 5700 6854 6855 6856 6857
735 29 2 20 1 820 132 131 2815 1058 1057 155 154 1030 1031 6161 6162 6858 6859 6860 6861 1059 6862 6863 6864
736 29 2 20 1 2764 2705 2668 2765 4575 4576 5684 5685 6865 6866 4579 4580 4632 4633 4578 4577 6867 4587 6868 6869
737 29 2 20 1 2679 303 301 2669 6870 6871 518 519 4781 4780 4782 4783 3379 3378 3376 3377 6872 6873 4788 3382
738 29 2 20 1 2744 1982 2686 2722 5454 5453 6874 6875 4216 4217 6876 6877 3882 3883 6878 6879 6880 6881 6882 6883
739 29 2 20 1 2691 2692 2645 2647 3583 3584 6884 6885 6886 6887 6840 6839 3211 3212 6842 6841 6888 6844 6889 6890
740 29 2 20 1 322 2813 321 2597 6891 6892 6853 6852 701 702 6893 6894 4344 4345 6715 6716 6895 6896 6897 6898
741 29 2 20 1 1967 2629 2618 2605 3061 3062 5535 5534 2990 2989 2916 2915 6793 6792 3064 3063 6899 3069 6900 6794
742 29 2 20 1 2831 135 134 1351 6901 6902 161 160 6903 6904 6905 6906 1688 1689 1691 1692 6907 6908 6909 1693
743 29 2 20 1 2605 2619 1966 1963 2995 2996 6910 6911 2910 2909 6912 6913 2095 2096 6914 6915 6916 6917 6918 6919
744 29 2 20 1 1356 2695 1354 1357 4194 4195 4203 4202 1741 1740 1744 1743 1745 1746 6279 6280 4205 6284 1747 6920
745 29 2 20 1 2789 843 2702 2701 6921 6922 3661 3660 6923 6924 5269 5268 3659 3658 3653 3652 6925 6926 6927 3665
746 29 2 20 1 137 2695 2753 1357 6928 6929 6930 6931 4409 4408 1751 1752 4405 4404 6279 6280 6932 6933 4411 6934
747 29 2 20 1 2813 2597 2596 2787 6716 6715 2857 2856 6834 6835 6712 6711 5240 5241 6411 6412 6838 6720 6935 6413
748 29 2 20 1 2636 2639 2638 2703 3148 3147 3149 3150 3145 3146 3668 3669 3675 3674 5363 5364 3155 6936 3679 6937
749 29 2 20 1 2721 1363 2740 844 3871 3872 4175 4176 4173 4174 6938 6939 4711 4710 6940 6941 4178 6942 6943 6944
750 29 2 20 1 835 2816 2800 2832 6191 6192 6945 6946 6947 6948 6949 6950 6951 6952 6953 6954 6955 6956 6957 6958
751 29 2 20 1 2813 2596 2742 2787 6835 6834 6959 6960 6961 6962 6712 6711 6267 6268 5240 5241 6963 6935 6964 6965
752 29 2 20 1 323 70 2619 69 714 715 6966 6967 6968 6969 718 717 6970 6971 88 89 6972 719 6973 6974
753 29 2 20 1 2658 2745 2811 845 6975 6976 6977 6978 5974 5973 5979 5980 5981 5982 4449 4450 6979 6980 5984 6981
754 29 2 20 1 2754 2666 1340 306 5112 5111 6274 6273 4666 4667 5022 5023 5758 5759 6982 6983 6275 6984 6985 6986
755 29 2 20 1 2660 2811 2745 842 6987 6988 6978 6977 6989 6990 6991 6992 6993 6994 6995 6996 6997 6998 6999 7000
756 29 2 20 1 2662 1352 2684 318 3337 3336 3749 3750 3747 3748 3333 3332 7001 7002 3339 3338 3755 3341 7003 7004
757 29 2 20 1 2666 2743 2756 2717 5114 5113 4424 4423 5109 5110 7005 7006 7007 7008 7009 7010 5117 7011 7012 7013
758 29 2 20 1 2709 2626 297 1331 7014 7015 4094 4093 7016 7017 7018 7019 4096 4095 4090 4089 7020 7021 7022 4098
759 29 2 20 1 2747 2629 2767 2620 5537 5536 7023 7024 5244 5245 4305 4306 7025 7026 5542 5543 7027 5547 7028 7029
760 29 2 20 1 2599 2783 2614 324 7030 7031 5770 5769 3403 3404 4433 4434 6000 5999 5667 5666 7032 7033 7034 6001
761 29 2 20 1 2658 2657 2613 1362 3280 3279 7035 7036 3898 3899 6215 6216 5094 5095 7037 7038 7039 7040 6218 7041
762 29 2 20 1 320 2797 322 2619 5647 5648 5448 5447 706 707 7042 7043 4465 4464 7044 7045 5650 7046 7047 7048
763 29 2 20 1 2600 2677 2772 2474 5735 5736 4930 4931 4863 4864 5555 5556 6580 6581 3473 3474 7049 7050 7051 6583
764 29 2 20 1 2648 2649 2606 2719 3221 3222 7052 7053 4724 4725 4723 4722 3849 3848 6122 6123 7054 6128 4726 7055
765 29 2 20 1 1957 264 1958 2633 2011 2010 2013 2014 2015 2016 7056 7057 5146 5145 5144 5143 2017 7058 7059 5151
766 29 2 20 1 2813 321 2597 21 6853 6852 4345 4344 6715 6716 6085 6086 4348 4349 693 694 6898 7060 7061 4351
767 29 2 20 1 1357 2833 136 137 7062 7063 7064 7065 1749 1748 1752 1751 165 164 7066 7067 7068 7069 1753 7070
768 29 2 20 1 2600 2772 2677 287 4864 4863 4931 4930 5736 5735 4865 4866 4879 4880 4867 4868 7049 4871 5738 4937
769 29 2 20 1 2691 2653 2622 2623 7071 7072 7073 7074 7075 7076 7077 7078 3012 3011 7079 7080 7081 7082 7083 7084
770 29 2 20 1 2670 2771 2775 2616 6486 6487 7085 7086 6688 6689 3387 3388 6686 6687 7087 7088 7089 7090 6692 7091
771 29 2 20 1 2672 2734 295 296 7092 7093 4080 4081 7094 7095 3815 3814 440 439 4082 4083 7096 7097 7098 4086
772 29 2 20 1 2735 2739 312 1346 6024 6023 4553 4552 4105 4106 5294 5295 5297 5296 6029 6030 7099 6034 5299 7100
773 29 2 20 1 2787 1356 1358 1359 6278 6277 1763 1762 7101 7102 7103 7104 1766 1765 1767 1768 7105 7106 7107 1769
774 29 2 20 1 1995 2730 2680 195 5338 5339 5334 5335 3681 3680 2389 2390 3510 3509 4011 4010 5341 7108 3682 7109
775 29 2 20 1 2686 1978 2722 1979 3889 3888 3890 3891 3882 3883 4806 4805 7110 7111 2225 2226 3895 7112 7113 7114
776 29 2 20 1 2603 2681 2773 2717 6005 6006 6008 6007 6009 6010 3806 3807 7115 7116 7117 7118 6013 7119 7120 7121
777 29 2 20 1 2653 71 1969 317 3618 3617 2128 2127 3615 3616 6241 6242 7122 7123 657 658 3621 6244 7124 7125
778 29 2 20 1 2605 1966 1964 1963 2909 2910 2101 2100 3044 3043 6912 6913 2076 2075 2095 2096 3045 6918 7126 2102
779 29 2 20 1 304 2754 306 2743 5020 5021 5023 5022 548 549 6429 6428 7127 7128 4414 4413 5025 7129 7130 7131
780 29 2 20 1 2687 2765 2668 2686 5708 5707 4632 4633 3559 3560 3555 3556 3562 3561 4635 4634 7132 6579 3566 4639
781 29 2 20 1 2813 2597 1355 21 6716 6715 4525 4524 6089 6090 6085 6086 1727 1728 4348 4349 7133 7061 6092 4527
782 29 2 20 1 2705 1976 1978 1979 7134 7135 2220 2221 7136 7137 7138 7139 2225 2226 2224 2223 7140 7141 7142 2227
783 29 2 20 1 809 1327 808 2643 6606 6605 7143 7144 918 919 4604 4605 7145 7146 4018 4019 7147 7148 7149 7150
784 29 2 20 1 2772 274 114 2474 6067 6068 2484 2483 4861 4862 6580 6581 2487 2486 2488 2489 7151 7152 7153 2490
785 29 2 20 1 2722 1981 1979 1978 5215 5214 2251 2250 7110 7111 3890 3891 2226 2225 2245 2246 7154 6695 7114 2252
786 29 2 20 1 2603 2686 2717 2716 7155 7156 7157 7158 3806 3807 3800 3801 3809 3808 4224 4225 7159 7160 3813 7161
787 29 2 20 1 2715 1338 2756 1339 6724 6723 5832 5831 7162 7163 4380 4379 7164 7165 1564 1563 7166 6727 7167 7168
788 29 2 20 1 2628 2681 825 1980 4811 4812 4337 4338 5958 5957 5398 5399 7169 7170 5400 5401 5961 5404 7171 7172
789 29 2 20 1 291 2793 2824 2792 5345 5346 7173 7174 7175 7176 5343 5344 7177 7178 5348 5347 7179 5355 7180 7181
790 29 2 20 1 2665 2705 1978 1979 7182 7183 7137 7136 3886 3887 7184 7185 2225 2226 7138 7139 7186 7187 7188 7142
791 29 2 20 1 1320 2748 2635 1321 7189 7190 6650 6651 3132 3133 1384 1383 3135 3134 7191 7192 7193 7194 3139 7195
792 29 2 20 1 2644 2609 807 1998 6383 6382 7196 7197 4650 4649 7198 7199 7200 7201 7202 7203 7204 7205 7206 7207
793 29 2 20 1 2615 57 2633 1839 3094 3093 3092 3091 3090 3089 4765 4764 4766 4767 1879 1878 3099 5603 4772 7208
794 29 2 20 1 2661 252 56 1836 7209 7210 1846 1845 3318 3317 4047 4048 1849 1848 1850 1851 7211 7212 7213 1852
795 29 2 20 1 2688 1959 2689 1958 5615 5614 4027 4028 3568 3567 7214 7215 5147 5148 2024 2023 5616 7216 7217 7218
796 29 2 20 1 2628 1977 2765 1976 5513 5512 5514 5515 5508 5509 5747 5748 7219 7220 2204 2203 5519 5751 7221 7222
797 29 2 20 1 2636 2737 1984 1985 7223 7224 4129 4128 7225 7226 3671 3670 2285 2286 4130 4131 7227 7228 7229 4134
798 29 2 20 1 1977 828 2770 2641 7230 7231 7232 7233 7234 7235 3166 3167 7236 7237 7238 7239 7240 7241 7242 7243
799 29 2 20 1 2688 2659 2745 2834 3903 3902 7244 7245 4447 4448 7246 7247 7248 7249 7250 7251 7252 7253 7254 7255
800 29 2 20 1 2763 1996 2609 1997 5316 5315 7256 7257 7258 7259 5321 5322 4974 4973 2405 2406 7260 5326 7261 7262
801 29 2 20 1 2688 2659 2658 2745 3903 3902 3282 3281 3900 3901 4447 4448 6976 6975 7245 7244 3908 7252 7263 7264
802 29 2 20 1 1997 1999 2697 2696 2430 2431 4893 4894 4976 4975 4854 4855 3627 3626 4852 4853 7265 4856 4978 7266
803 29 2 20 1 2762 18 309 312 7267 7268 600 601 7269 7270 4550 4551 605 606 604 603 7271 7272 7273 607
804 29 2 20 1 2627 2687 2759 827 4458 4457 4503 4504 4751 4750 3053 3054 4758 4759 4459 4460 5665 4462 4761 7274
805 29 2 20 1 2788 2652 2693 2692 7275 7276 3591 3592 5253 5252 7277 7278 3585 3586 3594 3593 7279 7280 7281 3598
806 29 2 20 1 819 2821 2637 193 7282 7283 7284 7285 4839 4840 1022 1021 7286 7287 6367 6368 7288 7289 7290 7291
807 29 2 20 1 806 2643 805 2642 3199 3200 6586 6587 888 889 3196 3195 4073 4074 3189 3190 7292 3202 4077 7293
808 29 2 20 1 8 804 230 2723 872 871 868 869 234 233 7294 7295 7296 7297 7298 7299 873 7300 7301 7302
809 29 2 20 1 2749 2687 2686 2717 4332 4331 3556 3555 7303 7304 5196 5197 7158 7157 5805 5806 7305 7306 7307 7308
810 29 2 20 1 2711 1344 1342 1341 5412 5411 1620 1621 7309 7310 4536 4537 1593 1594 1618 1617 7311 7312 7313 1622
811 29 2 20 1 2681 2686 1982 1979 4803 4804 6875 6874 7314 7315 4801 4802 2253 2254 4806 4805 7316 4813 7317 7318
812 29 2 20 1 2720 1842 58 3 5059 5060 1909 1908 3865 3864 3863 3862 66 65 1935 1936 7319 5063 3869 1937
813 29 2 20 1 7 174 2731 2689 182 181 7320 7321 7322 7323 4515 4516 4029 4030 4518 4517 7324 4521 7325 7326
814 29 2 20 1 2743 2744 2686 2722 4219 4218 4217 4216 4215 4214 4794 4795 3882 3883 6876 6877 4226 7327 4800 6882
815 29 2 20 1 2688 2689 2633 1958 3567 3568 5140 5139 7328 7329 7214 7215 5145 5146 5147 5148 7330 7217 7331 5150
816 29 2 20 1 326 329 2810 2783 772 771 6207 6208 7332 7333 7334 7335 6199 6200 6204 6203 7336 7337 7338 6210
817 29 2 20 1 2834 2810 2659 1961 7339 7340 6140 6141 7251 7250 7341 7342 4702 4703 7343 7344 7345 7346 7347 7348
818 29 2 20 1 2721 844 2740 172 6939 6938 4711 4710 4173 4174 7349 7350 4715 4714 1300 1301 6943 7351 7352 4716
819 29 2 20 1 2810 1958 1960 1961 6145 6144 2040 2041 7353 7354 7343 7344 2045 2046 2044 2043 7355 7356 7357 2047
820 29 2 20 1 2631 2655 2730 2799 6018 6017 7358 7359 6317 6316 7360 7361 5480 5481 7362 7363 7364 7365 7366 7367
821 29 2 20 1 2715 2717 2603 821 3805 3804 3806 3807 3802 3803 7368 7369 2888 2889 7370 7371 3812 7372 7373 7374
822 29 2 20 1 2647 2714 2718 2682 7375 7376 5527 5526 4138 4137 3533 3532 4302 4301 5521 5520 7377 7378 4304 5531
823 29 2 20 1 2774 2749 1342 2815 5202 5203 7379 7380 7381 7382 6166 6165 7383 7384 7385 7386 7387 7388 7389 7390
824 29 2 20 1 2603 2681 1982 1983 6005 6006 7315 7314 6469 6470 7391 7392 2263 2264 3523 3522 7393 7394 7395 7396
825 29 2 20 1 2599 2768 2783 325 7397 7398 7399 7400 7031 7030 7401 7402 5668 5669 7403 7404 7405 7406 7407 7408
826 29 2 20 1 2743 2716 2717 2686 4221 4220 3809 3808 7009 7010 4215 4214 7157 7158 4225 4224 7409 4227 7410 7161
827 29 2 20 1 2622 313 2739 2624 3016 3015 7411 7412 7413 7414 3017 3018 4165 4166 3019 3020 7415 3025 7416 7417
828 29 2 20 1 2645 2735 2622 2646 7418 7419 5499 5498 3209 3210 3206 3205 3207 3208 7420 7421 7422 7423 3217 7424
829 29 2 20 1 2817 2695 2767 839 7425 7426 6499 6498 7427 7428 7429 7430 7431 7432 3608 3607 7433 7434 7435 7436
830 29 2 20 1 2790 2691 2652 2692 7437 7438 3590 3589 7439 7440 7441 7442 3594 3593 3584 3583 7443 7444 7445 3596
831 29 2 20 1 2762 18 312 1346 7267 7268 603 604 4550 4551 7446 7447 5297 5296 1638 1637 7272 7448 7449 5300
832 29 2 20 1 2604 1328 2626 1331 3034 3033 3035 3036 3031 3032 7450 7451 4090 4089 1489 1490 3041 7452 7453 5613
833 29 2 20 1 2604 1329 1328 1331 2905 2904 1466 1465 3033 3034 7450 7451 1489 1490 1492 1493 6314 7454 7452 1494
834 29 2 20 1 2672 2734 296 1990 7092 7093 4083 4082 3815 3814 3418 3417 7455 7456 7457 7458 7097 7459 7460 7461
835 29 2 20 1 2640 2709 298 297 7462 7463 7464 7465 3161 3162 3159 3160 461 462 7016 7017 7466 7467 3165 7468
836 29 2 20 1 2801 2702 2787 2753 7469 7470 6524 6525 7471 7472 5992 5991 7473 7474 7475 7476 7477 7478 7479 7480
837 29 2 20 1 2801 2660 2768 2702 5570 5569 5103 5102 7481 7482 7470 7469 5775 5776 5773 5774 7483 7484 7485 5778
838 29 2 20 1 2603 2716 2744 2686 3801 3800 4222 4223 7486 7487 7156 7155 4216 4217 4225 4224 7488 7160 7489 4229
839 29 2 20 1 2819 1976 1974 1973 7490 7491 2199 2198 7492 7493 6251 6252 2174 2173 2193 2194 7494 7495 7496 2200
840 29 2 20 1 2756 2815 1339 1342 7497 7498 7499 7500 7164 7165 7501 7502 1595 1596 7384 7383 7503 7504 7505 7506
841 29 2 20 1 307 2728 310 308 3991 3990 7507 7508 583 584 560 559 587 586 3996 3997 7509 4001 588 7510
842 29 2 20 1 2707 2706 192 1986 3721 3722 7511 7512 3831 3830 7513 7514 2300 2299 5134 5135 7515 7516 7517 7518
843 29 2 20 1 2605 1964 2620 1963 3043 3044 3126 3127 2999 3000 6912 6913 7519 7520 2076 2075 3131 7126 7521 7522
844 29 2 20 1 2665 2743 2666 2686 4797 4796 5113 5114 3361 3360 3884 3885 3554 3553 4215 4214 7523 4799 7524 7525
845 29 2 20 1 2678 20 19 315 3486 3487 47 46 3490 3491 5604 5605 634 633 661 660 3493 7526 5606 662
846 29 2 20 1 2797 2719 319 2621 7527 7528 7529 7530 5445 5446 5442 5441 5443 5444 7531 7532 7533 7534 5449 7535
847 29 2 20 1 2723 2595 2476 276 6632 6633 6635 6634 6636 6637 3921 3920 2505 2504 2851 2852 6642 7536 7537 7538
848 29 2 20 1 2754 2743 2666 306 4413 4414 5113 5114 5111 5112 5022 5023 6982 6983 7128 7127 5116 7131 6984 7539
849 29 2 20 1 836 2816 2832 2682 6189 6190 6954 6953 7540 7541 7542 7543 7544 7545 7546 7547 7548 7549 7550 7551
850 29 2 20 1 2681 825 191 822 4337 4338 1081 1082 3521 3520 3519 3518 1054 1055 1079 1078 4341 7552 3526 1083
851 29 2 20 1 2651 814 2733 817 3794 3793 4065 4064 7553 7554 3243 3244 4068 4069 1002 1003 7555 3797 7556 4071
852 29 2 20 1 2779 288 289 2793 7557 7558 371 372 7559 7560 7561 7562 7563 7564 7565 7566 7567 7568 7569 7570
853 29 2 20 1 2753 138 137 1360 5625 5624 167 166 4408 4409 4406 4407 1778 1779 1781 1782 7571 5629 4412 1783
854 29 2 20 1 2656 2655 1990 1991 3266 3265 3420 3419 5562 5563 3271 3272 2345 2346 3273 3274 7572 3278 7573 3428
855 29 2 20 1 2801 2659 2599 2768 7574 7575 7576 7577 7578 7579 7481 7482 7398 7397 4699 4698 7580 7581 7582 7583
856 29 2 20 1 2721 254 1837 1838 3876 3875 1862 1861 3986 3987 5589 5588 1865 1864 1866 1867 3989 5767 7584 1868
857 29 2 20 1 2754 16 1337 15 4665 4664 1574 1575 4613 4612 7585 7586 1547 1548 38 39 4668 7587 7588 1576
858 29 2 20 1 1343 2711 1341 1344 4528 4529 4537 4536 1613 1612 1616 1615 1617 1618 5411 5412 4539 7589 1619 7312
859 29 2 20 1 2824 2608 2793 2779 7590 7591 5351 5352 7173 7174 7592 7593 7562 7561 5036 5035 7594 7595 7596 7597
860 29 2 20 1 2626 13 294 297 4092 4091 450 451 4260 4261 4093 4094 455 456 454 453 5924 4099 7598 457
861 29 2 20 1 2640 2758 2709 1331 4485 4484 7599 7600 7463 7462 7601 7602 7018 7019 7603 7604 7605 7606 7607 7608
862 29 2 20 1 2627 827 2770 828 3054 3053 4756 4757 4754 4755 3048 3047 7232 7233 1107 1106 4762 3058 7609 7610
863 29 2 20 1 2662 2684 2683 2742 3748 3747 3540 3539 3746 3745 5886 5887 7611 7612 6113 6112 3753 6115 7613 7614
864 29 2 20 1 2738 2805 2814 1348 7615 7616 7617 7618 7619 7620 7621 7622 7623 7624 7625 7626 7627 7628 7629 7630
865 29 2 20 1 2720 329 67 58 4232 4233 777 778 3867 3866 3865 3864 798 799 795 796 4239 7631 3870 800
866 29 2 20 1 2762 2739 1347 1346 4545 4544 7632 7633 7634 7635 7446 7447 1645 1646 6029 6030 7636 7637 7638 7639
867 29 2 20 1 2761 2713 2762 2739 7640 7641 7642 7643 4546 4547 4543 4542 4544 4545 4157 4158 7644 7645 4554 7646
868 29 2 20 1 2688 2633 2659 1958 7329 7328 6137 6136 3902 3903 7214 7215 6142 6143 5145 5146 7647 7331 7648 6147
869 29 2 20 1 2701 2757 1963 2780 7649 7650 7651 7652 7653 7654 5047 5048 7655 7656 7657 7658 7659 7660 7661 7662
870 29 2 20 1 2785 831 2790 830 5181 5182 7663 7664 7665 7666 5184 5183 7667 7668 1136 1137 7669 5188 7670 7671
871 29 2 20 1 2791 2608 2792 2799 6391 6390 5349 5350 7672 7673 7674 7675 7676 7677 7678 7679 7680 7681 7682 7683
872 29 2 20 1 2721 1841 2690 173 5593 5592 7684 7685 4674 4673 7686 7687 4745 4746 1903 1902 7688 7689 7690 7691
873 29 2 20 1 58 2720 329 2633 3865 3864 4232 4233 796 795 7692 7693 6206 6205 7694 7695 7631 7696 7697 7698
874 29 2 20 1 807 809 806 2766 924 923 920 921 896 897 4646 4645 4601 4600 4602 4603 925 7699 4651 4608
875 29 2 20 1 1321 2698 2777 1323 6081 6080 4986 4987 7700 7701 1410 1411 4984 4985 4989 4988 7702 6083 7703 4994
876 29 2 20 1 2670 2771 816 1989 6486 6487 4898 4899 6490 6491 7704 7705 7706 7707 4825 4826 6495 7708 7709 7710
877 29 2 20 1 2672 296 2656 1990 3814 3815 3825 3824 3820 3821 3418 3417 5562 5563 7455 7456 3827 7460 7711 7712
878 29 2 20 1 811 2829 1330 128 6820 6821 7713 7714 4940 4941 940 941 1482 1481 7715 7716 7717 7718 4946 7719
879 29 2 20 1 2771 193 1992 194 4901 4900 2356 2357 6438 6437 4902 4903 2359 2360 221 220 7720 4906 7721 2361
880 29 2 20 1 2778 2674 2609 2610 7722 7723 6557 6556 7724 7725 7726 7727 2938 2937 7728 7729 7730 7731 7732 7733
881 29 2 20 1 1321 2826 125 2748 6566 6567 6569 6568 1392 1391 7192 7191 7734 7735 7736 7737 6572 7738 7739 7740
882 29 2 20 1 2610 2698 2748 2601 7741 7742 7743 7744 5724 5723 3176 3175 5729 5730 5377 5378 7745 7746 5732 7747
883 29 2 20 1 2481 2635 2482 242 7748 7749 6648 6649 2563 2562 2582 2583 2585 2586 3929 3930 7750 7751 2587 7752
884 29 2 20 1 275 2595 276 2475 2849 2850 2852 2851 282 281 2496 2497 2499 2500 3105 3106 2855 3109 2501 7753
885 29 2 20 1 807 804 2820 2673 898 899 7754 7755 6340 6341 6330 6331 6337 6336 7756 7757 7758 7759 6343 7760
886 29 2 20 1 2610 2784 2595 2677 5163 5162 5164 5165 4356 4355 6372 6373 3475 3476 7761 7762 5168 7763 7764 7765
887 29 2 20 1 2615 1837 1839 1840 6351 6350 1884 1883 4765 4764 4768 4769 1887 1886 1888 1889 6353 7766 4773 1890
888 29 2 20 1 2658 2721 1363 1362 6214 6213 3871 3872 7767 7768 6215 6216 1803 1804 5002 5003 7769 6219 7770 5007
889 29 2 20 1 1844 174 2689 2690 1932 1933 4517 4518 5597 5598 7771 7772 3570 3569 7773 7774 7775 7776 7777 7778
890 29 2 20 1 2757 2621 2620 2619 4470 4471 3003 3004 7779 7780 4473 4472 2997 2998 3006 3005 7781 4477 7782 3010
891 29 2 20 1 2688 2659 2834 1958 3903 3902 7251 7250 7246 7247 7214 7215 7783 7784 6142 6143 7253 7648 7785 7786
892 29 2 20 1 2810 1958 2633 1957 6145 6144 5145 5146 6138 6139 5968 5969 7057 7056 2016 2015 6149 7787 7788 7059
893 29 2 20 1 829 827 2770 2835 1125 1126 4756 4757 7789 7790 7791 7792 7793 7794 7795 7796 7797 7798 7799 7800
894 29 2 20 1 2770 827 830 828 4757 4756 1131 1130 7801 7802 7232 7233 1134 1133 1107 1106 7803 7610 7804 1135
895 29 2 20 1 2667 2711 2666 2760 6747 6746 4327 4328 3362 3363 6741 6740 6812 6811 4531 4530 7805 6749 7806 7807
896 29 2 20 1 2639 2640 2703 2726 5366 5365 5367 5368 5363 5364 5899 5900 3951 3952 4478 4479 5373 7808 7809 7810
897 29 2 20 1 196 2729 810 2644 7811 7812 4005 4004 931 932 7813 7814 4572 4571 4274 4273 7815 7816 7817 4574
898 29 2 20 1 2663 2836 1325 2792 7818 7819 7820 7821 7822 7823 7824 7825 7826 7827 7828 7829 7830 7831 7832 7833
899 29 2 20 1 2688 2834 1959 1958 7247 7246 7834 7835 5614 5615 7214 7215 2024 2023 7783 7784 7836 7785 7216 7837
900 29 2 20 1 2701 185 1965 840 7838 7839 2089 2090 3777 3778 5270 5271 7840 7841 1234 1235 7842 7843 7844 7845
901 29 2 20 1 1362 1360 1363 2769 1800 1801 1806 1805 1804 1803 7846 7847 7848 7849 4729 4730 1807 7850 7851 7852
902 29 2 20 1 2699 9 1319 285 4658 4657 1367 1368 3643 3642 4659 4660 4121 4120 334 333 7853 4663 7854 7855
903 29 2 20 1 2628 2686 2717 825 4809 4810 7157 7158 5804 5803 5958 5957 7856 7857 5960 5959 7858 5962 7859 7860
904 29 2 20 1 2700 843 2660 2745 3650 3651 7861 7862 5105 5104 4246 4247 6989 6990 4248 4249 7863 4253 7864 7865
905 29 2 20 1 2783 2615 2614 327 5125 5124 2956 2955 5769 5770 5670 5671 5641 5640 3312 3311 5771 6347 6002 5644
906 29 2 20 1 2745 846 184 843 4446 4445 1291 1292 5085 5084 4249 4248 1264 1265 1289 1288 7866 7867 7868 1293
907 29 2 20 1 2689 265 1958 1959 4520 4519 2018 2019 5147 5148 4027 4028 2023 2024 2022 2021 7869 7870 7218 2025
908 29 2 20 1 838 138 137 2753 1238 1237 167 166 1210 1211 7871 7872 4409 4408 5625 5624 1239 7873 7874 7571
909 29 2 20 1 319 2719 2794 2823 7530 7529 6124 6125 7875 7876 7877 7878 7879 7880 7881 7882 7883 7884 7885 7886
910 29 2 20 1 2816 2800 2832 2682 6945 6946 6952 6951 6953 6954 7546 7547 7544 7545 5522 5523 6958 7887 7551 7888
911 29 2 20 1 2794 317 320 319 7889 7890 682 681 5491 5492 7876 7875 679 680 676 677 7891 7892 7893 683
912 29 2 20 1 2804 2684 2742 2621 6111 6110 6112 6113 6106 6107 5783 5782 7894 7895 7896 7897 6117 7898 7899 7900
913 29 2 20 1 2649 2646 2647 316 3223 3224 3216 3215 3229 3230 7901 7902 7903 7904 7905 7906 3234 7907 7908 7909
914 29 2 20 1 2600 2772 114 2474 4864 4863 4862 4861 4860 4859 5555 5556 2487 2486 6580 6581 4869 7051 5559 7153
915 29 2 20 1 2683 2742 1353 1352 7612 7611 7910 7911 7912 7913 3751 3752 1705 1706 5888 5889 7914 7915 7916 7917
916 29 2 20 1 2633 2689 1840 1843 5139 5140 6059 6058 4770 4771 6152 6153 1918 1919 7918 7919 7920 7921 6155 7922
917 29 2 20 1 2613 2732 2721 1362 5093 5092 4999 4998 5634 5635 5094 5095 5002 5003 5000 5001 5639 5100 6220 5006
918 29 2 20 1 834 836 2837 837 1194 1193 7923 7924 7925 7926 1198 1199 7927 7928 1197 1196 7929 1200 7930 7931
919 29 2 20 1 2749 2815 2774 2717 7386 7385 6166 6165 5202 5203 5196 5197 5205 5204 7932 7933 7388 7934 5209 7935
920 29 2 20 1 2760 17 1340 16 7936 7937 1604 1605 5754 5755 5753 5752 1577 1578 40 41 7938 7939 5760 1606
921 29 2 20 1 1353 1351 2714 2718 1710 1711 6768 6769 7940 7941 7942 7943 5526 5527 6770 6771 7944 7945 7946 6776
922 29 2 20 1 2767 2817 839 840 7427 7428 7430 7429 7431 7432 5274 5275 1227 1226 7947 7948 7435 7949 7950 7951
923 29 2 20 1 2662 1355 2813 2742 5792 5791 6089 6090 6087 6088 5886 5887 6961 6962 5885 5884 6093 5890 7952 7953
924 29 2 20 1 1957 2720 263 2633 4230 4231 5062 5061 2005 2006 7056 7057 7954 7955 7694 7695 7956 7957 7958 7959
925 29 2 20 1 2838 836 2788 2837 7960 7961 7962 7963 7964 7965 7966 7967 7968 7969 7924 7923 7970 7971 7972 7973
926 29 2 20 1 2628 2717 824 825 5803 5804 5812 5811 5807 5808 5958 5957 1077 1076 7856 7857 5814 7859 7974 7975
927 29 2 20 1 1359 1361 1358 2614 1793 1792 1789 1790 1765 1766 3402 3401 7976 7977 2964 2963 1794 7978 7979 7980
928 29 2 20 1 1347 1344 2818 2762 1647 1648 6236 6237 7981 7982 7635 7634 7983 7984 7985 7986 7987 7988 7989 7990
929 29 2 20 1 2812 809 1327 808 6608 6607 6606 6605 6076 6075 7991 7992 7144 7143 918 919 6615 7993 7994 7147
930 29 2 20 1 2699 285 288 10 4660 4659 366 365 7995 7996 4656 4655 363 364 360 361 7997 4662 7998 367
931 29 2 20 1 2631 2632 1993 293 3075 3076 3082 3081 3083 3084 3301 3302 7999 8000 6295 6296 3088 6299 8001 8002
932 29 2 20 1 2763 2697 2609 1996 5176 5175 3630 3631 7258 7259 5315 5316 7256 7257 6619 6620 8003 6624 7260 8004
933 29 2 20 1 2839 1359 1361 1362 8005 8006 1793 1792 8007 8008 8009 8010 1796 1795 1797 1798 8011 8012 8013 1799
934 29 2 20 1 1963 1961 1964 2701 2071 2070 2073 2074 2075 2076 7654 7653 3776 3775 8014 8015 2077 8016 8017 8018
935 29 2 20 1 2754 15 1337 303 7586 7585 1547 1548 4613 4612 4616 4617 4620 4621 514 513 7588 8019 4623 8020
936 29 2 20 1 2648 2606 2682 2685 4725 4724 8021 8022 3529 3528 3543 3544 8023 8024 3856 3857 8025 4728 8026 8027
937 29 2 20 1 2673 803 804 2825 6627 6626 866 867 7757 7756 6550 6551 8028 8029 8030 8031 8032 8033 8034 8035
938 29 2 20 1 2736 2601 2600 2480 4115 4114 2873 2872 5009 5008 5014 5015 2878 2879 2880 2881 5550 6659 5017 2883
939 29 2 20 1 2628 2765 1979 1976 5509 5508 8036 8037 4808 4807 5747 5748 2223 2224 7219 7220 8038 7221 5750 8039
940 29 2 20 1 2612 287 2697 290 3324 3323 3913 3912 3914 3915 5171 5172 5174 5173 381 382 3919 8040 5179 8041
941 29 2 20 1 809 2776 2799 2644 4962 4961 5479 5478 8042 8043 6601 6600 5477 5476 5475 5474 8044 8045 8046 5484
942 29 2 20 1 2663 2828 2792 1326 8047 8048 8049 8050 7824 7825 8051 8052 8053 8054 8055 8056 8057 8058 8059 8060
943 29 2 20 1 2747 2620 2596 2621 4306 4305 8061 8062 5242 5243 4309 4310 8063 8064 3003 3004 8065 4313 8066 8067
944 29 2 20 1 2840 2687 2628 827 8068 8069 4456 4455 8070 8071 8072 8073 3055 3056 4459 4460 8074 8075 8076 4463
945 29 2 20 1 2650 2602 2715 2781 8077 8078 8079 8080 8081 8082 5066 5067 8083 8084 6753 6752 8085 8086 8087 8088
946 29 2 20 1 2699 2601 285 1319 5375 5376 4113 4112 4659 4660 3643 3642 4120 4121 4118 4119 8089 8090 7854 4125
947 29 2 20 1 2603 2744 1982 2686 7487 7486 5454 5453 6469 6470 7156 7155 6875 6874 4216 4217 8091 7489 8092 6880
948 29 2 20 1 2600 286 114 287 3182 3181 346 347 4860 4859 4865 4866 351 352 350 349 8093 5739 4870 353
949 29 2 20 1 2801 2660 2702 2753 5570 5569 5774 5773 7470 7469 5992 5991 7475 7476 5989 5990 7484 5997 7478 8094
950 29 2 20 1 2610 2677 2595 2000 6373 6372 3475 3476 4356 4355 4286 4285 4361 4362 5154 5153 7764 8095 4366 5158
951 29 2 20 1 2717 2686 2681 825 7158 7157 4804 4803 7118 7117 7856 7857 4338 4337 5960 5959 8096 7860 8097 5963
952 29 2 20 1 2818 2759 1345 2803 6232 6233 8098 8099 8100 8101 8102 8103 8104 8105 8106 8107 8108 8109 8110 8111
953 29 2 20 1 2738 2739 2818 2713 4155 4156 8112 8113 8114 8115 4159 4160 6234 6235 4158 4157 8116 4167 8117 8118
954 29 2 20 1 2678 2646 2823 316 8119 8120 8121 8122 6517 6516 6515 6514 6513 6512 7905 7906 8123 8124 6522 8125
955 29 2 20 1 1962 184 843 2745 2060 2059 1265 1264 4241 4240 4244 4245 4248 4249 5084 5085 8126 5090 4251 7868
956 29 2 20 1 2695 2767 2702 2787 6499 6498 4688 4689 6497 6496 6265 6266 6525 6524 5247 5246 6506 6584 8127 8128
957 29 2 20 1 2815 820 132 823 6161 6162 1058 1057 6861 6860 6163 6164 1061 1060 1062 1063 6862 6169 8129 1064
958 29 2 20 1 2755 304 2724 2716 8130 8131 8132 8133 8134 8135 8136 8137 6760 6761 6433 6432 8138 8139 8140 8141
959 29 2 20 1 824 2687 2796 823 5809 5810 5425 5426 8142 8143 1068 1069 5419 5420 5428 5427 8144 8145 8146 5432
960 29 2 20 1 2681 825 822 2773 4337 4338 1078 1079 3519 3518 6007 6008 4917 4916 8147 8148 7552 8149 6012 8150
961 29 2 20 1 2691 2693 2622 2653 3588 3587 8151 8152 7075 7076 7072 7071 7073 7074 6786 6787 8153 8154 7081 8155
962 29 2 20 1 2748 2723 2479 231 8156 8157 8158 8159 5741 5740 4315 4314 2541 2540 8160 8161 8162 8163 8164 8165
963 29 2 20 1 2758 2741 1332 1331 8166 8167 8168 8169 5856 5857 7603 7604 1495 1496 8170 8171 8172 8173 8174 8175
964 29 2 20 1 2741 1334 1335 1332 4189 4188 1525 1526 8176 8177 8169 8168 1528 1527 1523 1522 8178 8179 8180 1529
965 29 2 20 1 2629 837 186 1968 8181 8182 1204 1205 8183 8184 8185 8186 2120 2119 8187 8188 8189 8190 8191 8192
966 29 2 20 1 2614 2599 1358 1359 3403 3404 4429 4430 7977 7976 3401 3402 1766 1765 3406 3405 8193 3413 7979 8194
967 29 2 20 1 2733 130 814 129 4067 4066 997 998 4065 4064 8195 8196 970 971 150 151 4070 8197 8198 999
968 29 2 20 1 2807 2637 819 1986 5870 5871 4839 4840 8199 8200 5874 5875 8201 8202 5873 5872 8203 5880 8204 8205
969 29 2 20 1 2839 1361 2657 1362 8008 8007 8206 8207 8208 8209 8009 8010 7037 7038 1796 1795 8210 8013 8211 8212
970 29 2 20 1 2636 2638 2637 1985 3146 3145 3144 3143 3142 3141 3671 3670 5878 5879 3673 3672 3153 3678 8213 8214
971 29 2 20 1 2769 1362 1360 1359 7846 7847 1800 1801 4730 4729 4735 4736 1773 1774 1798 1797 7850 8215 4740 1802
972 29 2 20 1 2663 1328 2791 294 8216 8217 8218 8219 8220 8221 3350 3351 8222 8223 4258 4259 8224 8225 8226 8227
973 29 2 20 1 2637 819 193 816 4839 4840 1021 1022 7286 7287 4841 4842 994 995 1019 1018 7290 4845 8228 1023
974 29 2 20 1 2812 2830 2776 809 6824 6825 8229 8230 8231 8232 6607 6608 4962 4961 8233 8234 8235 8236 8237 8238
975 29 2 20 1 2643 1324 1326 1327 3709 3708 1441 1440 3707 3706 4019 4018 1444 1443 1445 1446 3712 4022 8239 1447
976 29 2 20 1 2631 2655 2654 2730 6018 6017 3264 3263 6015 6016 6317 6316 6318 6319 7359 7358 6021 7364 6326 8240
977 29 2 20 1 2600 2784 2677 2477 8241 8242 7762 7761 5736 5735 2876 2877 4886 4885 8243 8244 8245 8246 8247 8248
978 29 2 20 1 2722 308 305 75 5799 5798 561 562 5211 5210 4509 4508 538 537 565 564 8249 6846 5217 566
979 29 2 20 1 1979 2665 2765 2686 7184 7185 4631 4630 8036 8037 4805 4806 4635 4634 3884 3885 8250 8251 8252 4637
980 29 2 20 1 2715 2603 2602 821 3803 3802 2890 2891 8079 8080 7368 7369 2887 2886 2888 2889 8253 7373 8254 2896
981 29 2 20 1 2729 2730 1995 195 4013 4012 5339 5338 8255 8256 4007 4006 2389 2390 4011 4010 8257 4017 8258 7108
982 29 2 20 1 2750 2723 2595 2784 8259 8260 6632 6633 4357 4358 5160 5161 5164 5165 6630 6631 8261 8262 5166 6640
983 29 2 20 1 242 2601 1319 241 3932 3931 4119 4118 1372 1373 246 247 1370 1369 4398 4397 8263 6547 1374 4403
984 29 2 20 1 2794 2648 316 2823 6119 6118 8264 8265 8266 8267 7879 7880 6512 6513 8268 8269 8270 8271 8272 8273
985 29 2 20 1 834 2837 187 837 7926 7925 8274 8275 1175 1174 1198 1199 1201 1202 7927 7928 8276 7930 1203 8277
986 29 2 20 1 2762 18 17 309 7267 7268 43 42 8278 8279 7269 7270 574 573 601 600 8280 7271 8281 602
987 29 2 20 1 2790 2770 830 831 5280 5281 7802 7801 7667 7668 7663 7664 1137 1136 8282 8283 8284 8285 7671 8286
988 29 2 20 1 2737 76 1981 75 8287 8288 2273 2272 5222 5223 5221 5220 2248 2247 100 101 8289 8290 5226 2274
989 29 2 20 1 2738 2814 2692 2841 7620 7619 8291 8292 8293 8294 8295 8296 8297 8298 8299 8300 8301 8302 8303 8304
990 29 2 20 1 1350 2805 1347 1348 8305 8306 8307 8308 1678 1677 1681 1680 1654 1653 7625 7626 8309 8310 1682 8311
991 29 2 20 1 2813 2621 2596 322 8312 8313 8063 8064 6834 6835 6891 6892 8314 8315 4467 4466 8316 8317 8318 8319
992 29 2 20 1 2764 2705 2712 2668 4575 4576 5689 5688 8320 8321 6865 6866 5693 5692 5685 5684 8322 6867 8323 5695
993 29 2 20 1 2721 2740 1838 172 4174 4173 5765 5764 5589 5588 7349 7350 1873 1872 4715 4714 5766 7352 8324 8325
994 29 2 20 1 2673 802 2777 805 6645 6644 8326 8327 8328 8329 4076 4075 5712 5711 882 883 8330 6647 8331 8332
995 29 2 20 1 2799 809 2644 2643 8042 8043 6600 6601 5477 5476 8333 8334 3191 3192 4604 4605 8046 8335 8336 8337
996 29 2 20 1 2608 1323 2792 2842 8338 8339 8340 8341 5350 5349 8342 8343 8344 8345 8346 8347 8348 8349 8350 8351
997 29 2 20 1 2636 2639 2703 2726 3148 3147 5364 5363 3668 3669 5897 5898 3951 3952 5899 5900 6936 5905 8352 7809
998 29 2 20 1 2672 2656 2664 2655 3821 3820 3822 3823 3818 3819 3421 3422 8353 8354 3265 3266 3828 8355 8356 8357
999 29 2 20 1 2604 1329 1331 1332 2905 2904 1493 1492 7450 7451 2901 2900 1496 1495 1497 1498 7454 2907 8358 1499
1000 29 2 20 1 2658 2721 2613 2689 6214 6213 5634 5635 3898 3899 8359 8360 8361 8362 4671 4672 6217 8363 8364 8365
1001 29 2 20 1 2733 1336 130 129 8366 8367 1541 1542 4066 4067 8195 8196 150 151 1539 1538 8368 8369 8197 1543
1002 29 2 20 1 2656 79 78 296 5560 5561 107 106 5564 5565 3825 3824 447 448 444 445 5567 8370 8371 449
1003 29 2 20 1 2595 276 2475 2476 2852 2851 2500 2499 3105 3106 6634 6635 2503 2502 2504 2505 7753 7538 6665 2506
1004 29 2 20 1 846 2688 2834 1959 4444 4443 7247 7246 8372 8373 8374 8375 7835 7834 5614 5615 8376 8377 8378 7836
1005 29 2 20 1 1361 1358 2614 23 1789 1790 7977 7976 2964 2963 1787 1788 8379 8380 1784 1785 7980 1791 8381 8382
1006 29 2 20 1 2834 2810 1961 1958 7339 7340 7344 7343 7341 7342 7783 7784 2043 2044 6144 6145 7346 8383 8384 7356
1007 29 2 20 1 2663 2791 2664 294 8221 8220 5306 5305 3345 3344 3350 3351 3354 3355 8222 8223 8385 8226 3357 8386
1008 29 2 20 1 2688 2690 846 845 3572 3571 4743 4744 4444 4443 3573 3574 1286 1287 3575 3576 8387 3581 4452 4747
1009 29 2 20 1 2720 1842 263 2633 5059 5060 1939 1938 5061 5062 7694 7695 7954 7955 6151 6150 5065 8388 7959 8389
1010 29 2 20 1 2731 174 183 2690 7321 7320 1315 1316 8390 8391 4031 4032 8392 8393 7773 7774 8394 8395 8396 8397
1011 29 2 20 1 2722 74 1978 308 4511 4510 2218 2217 3890 3891 5798 5799 5796 5797 567 568 4514 6847 5802 8398
1012 29 2 20 1 2636 2603 2744 1982 6466 6465 7487 7486 8399 8400 6467 6468 5453 5454 6469 6470 8401 6475 8402 8091
1013 29 2 20 1 824 827 2796 2687 1101 1100 8403 8404 8142 8143 5810 5809 5425 5426 4460 4459 8405 8406 8144 8407
1014 29 2 20 1 2764 2819 1975 1976 6701 6700 8408 8409 4581 4582 8410 8411 2195 2196 7491 7490 8412 8413 8414 8415
1015 29 2 20 1 2748 1321 2698 2777 7192 7191 6081 6080 7743 7744 8416 8417 4987 4986 7700 7701 8418 8419 8420 7702
1016 29 2 20 1 2778 286 2601 2610 8421 8422 3183 3184 5382 5381 7726 7727 3175 3176 3180 3179 8423 8424 8425 3186
1017 29 2 20 1 127 808 2829 2812 910 911 8426 8427 8428 8429 8430 8431 6822 6823 7992 7991 8432 8433 8434 8435
1018 29 2 20 1 2648 2682 2683 2685 3528 3529 6045 6044 3538 3537 3543 3544 3547 3548 8023 8024 8436 8026 3550 8437
1019 29 2 20 1 1985 2746 2703 2638 8438 8439 5361 5362 3667 3666 3672 3673 3674 3675 8440 8441 8442 8443 3677 8444
1020 29 2 20 1 837 2694 836 2618 8445 8446 6187 6188 1196 1197 8447 8448 8449 8450 8451 8452 8453 8454 8455 8456
1021 29 2 20 1 2597 324 321 322 4436 4435 725 726 4345 4344 6894 6893 702 701 729 728 8457 8458 6897 730
1022 29 2 20 1 2769 1359 2801 2657 4736 4735 5994 5993 5576 5575 5574 5573 5572 5571 3407 3408 8459 8460 5580 8461
1023 29 2 20 1 2743 2744 2722 304 4219 4218 6877 6876 4794 4795 6428 6429 8462 8463 6430 6431 7327 6435 8464 8465
1024 29 2 20 1 2771 2775 1992 1991 7085 7086 8466 8467 6438 6437 4828 4827 2354 2353 8468 8469 8470 8471 6439 8472
1025 29 2 20 1 2818 1345 2759 1344 8101 8100 8099 8098 6233 6232 6236 6237 5407 5408 1623 1624 8108 8473 6239 8474
1026 29 2 20 1 2661 56 2615 1836 3317 3318 3309 3310 3316 3315 4047 4048 4045 4046 1849 1848 3322 7213 4052 4721
1027 29 2 20 1 1960 2701 1963 2780 5049 5050 7654 7653 2066 2065 5052 5051 7655 7656 5047 5048 8475 5057 8476 7661
1028 29 2 20 1 2658 2721 2689 845 6214 6213 4672 4671 8359 8360 5979 5980 3577 3578 4675 4676 8363 8477 8478 4678
1029 29 2 20 1 2747 2767 2596 2620 5245 5244 4684 4685 5242 5243 4305 4306 8061 8062 7025 7026 5250 7028 8065 8479
1030 29 2 20 1 2714 832 2831 135 3785 3784 8480 8481 8482 8483 8484 8485 6902 6901 1150 1151 8486 8487 8488 8489
1031 29 2 20 1 2764 1975 2765 1976 4582 4581 4583 4584 4579 4580 8410 8411 7219 7220 2195 2196 4589 8414 8490 8491
1032 29 2 20 1 2629 2747 2767 2817 5536 5537 5245 5244 7024 7023 6228 6227 7428 7427 6225 6226 7027 6231 8492 8493
1033 29 2 20 1 2673 2777 2642 805 8329 8328 8494 8495 3437 3438 4076 4075 4074 4073 5712 5711 8496 8331 4079 8497
1034 29 2 20 1 2000 2474 2595 275 5155 5156 3104 3103 4362 4361 2462 2461 2849 2850 2492 2491 5159 6130 8498 3108
1035 29 2 20 1 2600 116 115 285 5010 5011 122 121 5554 5553 5548 5549 338 339 335 336 8499 6066 8500 340
1036 29 2 20 1 5 2748 232 2826 8501 8502 4319 4318 239 240 6564 6565 8503 8504 7737 7736 8505 8506 8507 8508
1037 29 2 20 1 2748 803 2723 231 5330 5329 8509 8510 8157 8156 4315 4314 8160 8161 861 860 8511 5332 8163 8512
1038 29 2 20 1 832 2692 2682 2714 8513 8514 8515 8516 8517 8518 3785 3784 5520 5521 8519 8520 8521 8522 8523 8524
1039 29 2 20 1 2658 2613 2783 2659 3899 3898 5122 5123 8525 8526 3282 3281 8527 8528 3904 3905 8529 3909 8530 8531
1040 29 2 20 1 2768 2659 2810 1961 4699 4698 6141 6140 8532 8533 4700 4701 7343 7344 4702 4703 8534 4708 8535 7348
1041 29 2 20 1 835 2800 2694 2695 6948 6947 8536 8537 6194 6193 8538 8539 3603 3604 8540 8541 8542 8543 8544 8545
1042 29 2 20 1 2701 2757 1964 1963 7649 7650 8546 8547 3775 3776 7653 7654 2076 2075 7652 7651 8548 7659 8017 8549
1043 29 2 20 1 2695 2747 2817 2767 6264 6263 6226 6225 7425 7426 6498 6499 7427 7428 5244 5245 8550 6585 7433 8493
1044 29 2 20 1 2805 1347 2739 1346 8307 8308 7633 7632 5823 5824 6027 6028 6029 6030 1645 1646 8551 8552 6032 7639
1045 29 2 20 1 2600 2610 2784 2601 3177 3178 5163 5162 8242 8241 2873 2872 5727 5728 3176 3175 8553 3185 8554 5733
1046 29 2 20 1 187 2837 1971 186 8275 8274 8555 8556 2150 2149 206 207 2146 2147 8557 8558 8559 8560 2151 8561
1047 29 2 20 1 2695 2787 2753 1357 6266 6265 7474 7473 6931 6930 6279 6280 4405 4404 6281 6282 8562 6285 6934 8563
1048 29 2 20 1 2757 2620 1964 1963 7780 7779 3127 3126 8547 8546 7652 7651 2076 2075 7519 7520 8564 8565 8549 7522
1049 29 2 20 1 831 2785 834 833 5182 5181 8566 8567 1168 1169 1163 1164 1166 1167 5186 5185 8568 5187 1170 8569
1050 29 2 20 1 2790 2641 2770 831 8570 8571 7236 7237 5281 5280 7663 7664 8282 8283 8572 8573 8574 8575 8285 8576
1051 29 2 20 1 310 2762 2712 309 6039 6038 8577 8578 5690 5691 581 582 8579 8580 7269 7270 8581 8582 8583 8584
1052 29 2 20 1 2692 830 2790 2738 8585 8586 7667 7668 7442 7441 8294 8293 8587 8588 8589 8590 8591 8592 8593 8594
1053 29 2 20 1 2736 241 9 1319 4400 4399 1365 1364 8595 8596 4116 4117 1368 1367 1369 1370 8597 4402 8598 1371
1054 29 2 20 1 1319 2698 2699 2601 3638 3639 3641 3640 3642 3643 4119 4118 5376 5375 5377 5378 3648 8599 8090 5385
1055 29 2 20 1 2689 1841 2690 2721 6056 6057 7684 7685 3570 3569 4672 4671 4673 4674 5593 5592 8600 6060 4677 7688
1056 29 2 20 1 2779 288 2793 2824 7557 7558 7566 7565 7561 7562 7593 7592 7174 7173 8601 8602 7568 8603 7596 8604
1057 29 2 20 1 6 139 844 2740 171 170 1270 1271 1298 1297 4712 4713 4710 4711 8605 8606 1299 8607 4717 8608
1058 29 2 20 1 2811 2660 2802 841 6988 6987 8609 8610 8611 8612 8613 8614 8615 8616 8617 8618 8619 8620 8621 8622
1059 29 2 20 1 2708 298 2640 2709 8623 8624 3161 3162 8625 8626 3739 3740 7463 7462 7464 7465 8627 8628 8629 7466
1060 29 2 20 1 2625 295 2626 294 6480 6479 8630 8631 3030 3029 3352 3353 4260 4261 431 432 8632 6483 4262 8633
1061 29 2 20 1 2669 305 2744 304 8634 8635 8636 8637 8638 8639 3380 3381 6430 6431 529 530 8640 8641 8642 8643
1062 29 2 20 1 2656 1993 1994 1991 8644 8645 2376 2375 8646 8647 3271 3272 2373 2374 2370 2371 8648 8649 8650 2377
1063 29 2 20 1 804 2673 2825 2750 7757 7756 6551 6550 8028 8029 8651 8652 8653 8654 8655 8656 8034 8657 8658 8659
1064 29 2 20 1 2664 2617 2655 2776 8660 8661 8662 8663 8353 8354 8664 8665 8666 8667 6354 6355 8668 8669 8670 8671
1065 29 2 20 1 2723 2476 230 8 6637 6636 2510 2511 7297 7296 7295 7294 233 234 2508 2507 8672 8673 7301 2512
1066 29 2 20 1 2690 1844 174 173 7771 7772 1932 1933 7774 7773 4745 4746 179 180 1930 1929 7776 8674 8675 1934
1067 29 2 20 1 2633 329 57 328 6206 6205 793 792 3092 3091 3097 3098 790 789 769 770 8676 8677 3102 794
1068 29 2 20 1 2789 839 840 2767 8678 8679 1226 1227 5272 5273 5266 5267 5275 5274 7432 7431 8680 8681 5279 7950
1069 29 2 20 1 2658 2783 2657 2659 8526 8525 8682 8683 3279 3280 3282 3281 3283 3284 8527 8528 8684 8530 3291 8685
1070 29 2 20 1 2783 2659 2613 2633 8528 8527 3904 3905 5122 5123 6201 6202 8686 8687 6137 6136 8531 8688 8689 8690
1071 29 2 20 1 2603 2724 2716 2602 8691 8692 6761 6760 3800 3801 2891 2890 6759 6758 6757 6756 8693 8694 8695 6766
1072 29 2 20 1 2691 2645 2692 2624 6887 6886 6885 6884 3584 3583 8696 8697 8698 8699 5819 5820 6888 8700 8701 8702
1073 29 2 20 1 2636 2637 2807 1985 3141 3142 5871 5870 5894 5893 3671 3670 5876 5877 5878 5879 8703 8213 8704 5881
1074 29 2 20 1 299 2640 301 2746 4626 4627 3684 3685 496 497 8705 8706 8707 8708 5370 5369 4629 8709 8710 8711
1075 29 2 20 1 2746 302 76 1984 4295 4294 507 508 4293 4292 5843 5844 2277 2278 8712 8713 4298 8714 6671 8715
1076 29 2 20 1 2768 2810 1960 1961 8533 8532 7354 7353 5053 5054 4700 4701 2045 2046 7343 7344 8716 8535 8717 7357
1077 29 2 20 1 2597 1358 1356 1355 4432 4431 1762 1763 6714 6713 4524 4525 1735 1736 1760 1759 8718 8719 8720 1764
1078 29 2 20 1 2824 2608 2699 1322 7590 7591 8721 8722 8723 8724 6538 6539 3645 3644 8725 8726 8727 8728 8729 8730
1079 29 2 20 1 2807 819 2706 1986 8200 8199 8731 8732 8733 8734 5874 5875 5134 5135 8201 8202 8735 8204 8736 8737
1080 29 2 20 1 2781 1335 2725 2679 5071 5070 6419 6418 6417 6416 5910 5909 4779 4778 5916 5915 6424 5920 8738 8739
1081 29 2 20 1 2650 2758 2651 2726 6733 6732 6443 6444 3239 3240 8740 8741 8742 8743 4487 4486 8744 8745 8746 8747
1082 29 2 20 1 2811 842 841 844 6996 6995 1249 1248 8613 8614 5976 5975 1272 1273 1275 1276 8748 8749 8750 1277
1083 29 2 20 1 2658 2769 1362 1363 8751 8752 7846 7847 6215 6216 7767 7768 1804 1803 7849 7848 8753 8754 7770 7851
1084 29 2 20 1 841 838 2822 2753 1242 1243 8755 8756 8757 8758 8759 8760 8761 8762 7871 7872 8763 8764 8765 8766
1085 29 2 20 1 185 2809 2701 1965 5930 5931 8767 8768 7838 7839 2090 2089 3777 3778 5926 5927 8769 5933 7842 8770
1086 29 2 20 1 2788 2692 2693 2647 7278 7277 3585 3586 5253 5252 5258 5259 5260 5261 6842 6841 7281 8771 5263 6845
1087 29 2 20 1 2598 326 2780 2768 8772 8773 8774 8775 8776 8777 8778 8779 5045 5046 8780 8781 8782 8783 8784 8785
1088 29 2 20 1 2613 1362 2657 1361 5095 5094 7037 7038 7035 7036 2959 2960 8206 8207 1795 1796 7041 6063 8786 8212
1089 29 2 20 1 276 2704 2723 197 8787 8788 8789 8790 3920 3921 2470 2471 3923 3922 3689 3688 8791 8792 3927 8793
1090 29 2 20 1 8 276 2704 2723 284 283 8787 8788 3691 3690 7294 7295 8790 8789 3920 3921 8794 8795 8796 8791
1091 29 2 20 1 8 2704 804 2723 3690 3691 3693 3692 871 872 7294 7295 7298 7299 8790 8789 3696 8796 7300 8797
1092 29 2 20 1 197 8 276 2704 228 229 284 283 2471 2470 3688 3689 8788 8787 3691 3690 2473 3694 8792 8794
1093 29 2 20 1 2691 2692 2790 2624 3583 3584 7441 7442 7437 7438 8696 8697 5284 5285 8698 8699 7444 8701 8798 8799
1094 29 2 20 1 1320 242 2601 1319 1377 1378 3932 3931 3933 3934 1375 1376 4118 4119 1372 1373 3939 1379 8800 8263
1095 29 2 20 1 125 232 802 2748 847 848 853 852 851 850 7734 7735 5328 5327 4319 4318 854 8801 8802 6661
1096 29 2 20 1 2723 230 2479 231 7296 7297 2538 2537 8159 8158 8160 8161 2541 2540 236 235 8803 8804 8165 2542
1097 29 2 20 1 2723 803 230 231 8510 8509 863 864 7297 7296 8160 8161 236 235 861 860 8805 8512 8804 865
1098 29 2 20 1 2723 230 803 804 7296 7297 864 863 8509 8510 7299 7298 867 866 868 869 8805 7302 8806 870
1099 29 2 20 1 2825 2723 2784 2748 8807 8808 6631 6630 8809 8810 8811 8812 5725 5726 8156 8157 8813 8814 8815 8816
1100 29 2 20 1 2723 197 804 2001 3922 3923 875 874 7299 7298 3925 3924 8817 8818 2450 2449 8819 3928 8820 8821
1101 29 2 20 1 2723 2476 2479 230 6637 6636 2535 2534 8159 8158 7297 7296 2538 2537 2511 2510 8822 8672 8803 2539
1102 29 2 20 1 2750 2696 2673 2609 8823 8824 6334 6335 8656 8655 8825 8826 6558 6559 3623 3622 8827 8828 8829 8830
1103 29 2 20 1 289 287 2612 290 376 377 3323 3324 3328 3327 380 379 5171 5172 381 382 3330 383 8831 8040
1104 29 2 20 1 2772 4 1999 81 8832 8833 2453 2452 4933 4932 8834 8835 2428 2427 112 113 8836 8837 8838 2454
1105 29 2 20 1 2772 81 1999 287 8835 8834 2428 2427 4933 4932 4867 4868 4892 4891 357 358 8838 8839 4939 8840
1106 29 2 20 1 2772 4 81 287 8832 8833 113 112 8834 8835 4867 4868 357 358 354 355 8837 8841 8839 359
1107 29 2 20 1 2772 114 274 4 4862 4861 2483 2484 6068 6067 8833 8832 277 278 117 118 7151 8842 8843 2485
1108 29 2 20 1 2772 114 4 287 4862 4861 118 117 8833 8832 4867 4868 354 355 351 352 8842 4872 8841 356
1109 29 2 20 1 2772 1999 4 274 4932 4933 2452 2453 8833 8832 6068 6067 278 277 2456 2455 8836 6070 8843 2457
1110 29 2 20 1 2779 288 2699 286 7557 7558 7995 7996 8844 8845 8846 8847 8848 8849 369 368 8850 8851 8852 8853
1111 29 2 20 1 2477 2784 2475 2478 8243 8244 6663 6662 2522 2521 2525 2524 2526 2527 8854 8855 8856 8857 2528 8858
1112 29 2 20 1 1322 2698 1323 2778 3637 3636 4988 4989 1406 1405 6573 6574 8859 8860 5379 5380 8861 6576 8862 8863
1113 29 2 20 1 2595 2677 2784 2475 3476 3475 7761 7762 5164 5165 3105 3106 6662 6663 3477 3478 7765 3481 6664 8864
1114 29 2 20 1 2631 1994 2654 2656 6321 6320 6322 6323 6015 6016 3296 3295 3267 3268 8647 8646 6328 8865 6019 8866
1115 29 2 20 1 2750 2610 2696 2609 4353 4354 4283 4284 8824 8823 8825 8826 3623 3622 2937 2938 8867 8868 8828 8869
1116 29 2 20 1 2697 2609 1996 1997 3630 3631 7257 7256 6619 6620 4975 4976 2405 2406 4974 4973 8004 4977 8870 7262
1117 29 2 20 1 1971 1974 1973 2843 2171 2172 2173 2174 2169 2168 8871 8872 8873 8874 8875 8876 2175 8877 8878 8879
1118 29 2 20 1 2697 290 287 81 5173 5174 381 382 3913 3912 8880 8881 358 357 385 384 8041 8882 8883 386
1119 29 2 20 1 2697 287 1999 81 3912 3913 4892 4891 4893 4894 8880 8881 2428 2427 358 357 4897 8883 8884 8840
1120 29 2 20 1 2697 290 81 80 5173 5174 384 385 8880 8881 8885 8886 110 111 388 387 8882 8887 8888 389
1121 29 2 20 1 2697 1996 290 80 6620 6619 6621 6622 5174 5173 8885 8886 388 387 2398 2397 6625 8889 8887 8890
1122 29 2 20 1 2697 81 1996 80 8881 8880 2423 2422 6619 6620 8885 8886 2398 2397 110 111 8891 8888 8889 2424
1123 29 2 20 1 2697 1999 1996 81 4894 4893 2426 2425 6619 6620 8880 8881 2423 2422 2428 2427 8892 8884 8891 2429
1124 29 2 20 1 2610 2778 2698 2601 7726 7727 5379 5380 7742 7741 3176 3175 5377 5378 5382 5381 8893 8425 7746 5387
1125 29 2 20 1 2481 2784 2479 2748 8894 8895 8896 8897 2560 2559 5743 5742 5740 5741 5725 5726 8898 8899 5744 8900
1126 29 2 20 1 2696 2611 1999 2697 3625 3624 4890 4889 4853 4852 3626 3627 4894 4893 3628 3629 8901 3634 7266 4895
1127 29 2 20 1 2643 806 808 809 3200 3199 916 915 7146 7145 4605 4604 919 918 920 921 8902 4609 7149 922
1128 29 2 20 1 2827 126 127 805 8903 8904 144 145 6594 6595 6588 6589 908 907 881 880 8905 8906 6599 909
1129 29 2 20 1 808 806 2643 805 915 916 3199 3200 7145 7146 913 912 6587 6586 888 889 8902 917 8907 7292
1130 29 2 20 1 1323 2674 2778 2698 4983 4982 7723 7722 8859 8860 4988 4989 5380 5379 4990 4991 8908 4995 8863 8909
1131 29 2 20 1 2699 10 1319 9 4655 4656 1394 1395 3643 3642 4657 4658 1367 1368 26 27 8910 4661 7853 1396
1132 29 2 20 1 2629 2817 840 837 6227 6228 7948 7947 8911 8912 8182 8181 1229 1228 8913 8914 8915 8916 8917 8918
1133 29 2 20 1 2825 2748 802 803 8812 8811 5328 5327 8919 8920 8031 8030 859 858 5329 5330 8921 8922 8923 5333
1134 29 2 20 1 126 127 1327 2827 144 145 1452 1451 1448 1449 8903 8904 8924 8925 6595 6594 1453 8905 8926 8927
1135 29 2 20 1 804 2825 803 2723 8029 8028 8030 8031 866 867 7298 7299 8510 8509 8808 8807 8035 8928 8806 8929
1136 29 2 20 1 2825 2777 2673 802 8930 8931 8328 8329 6551 6550 8919 8920 6644 6645 8326 8327 8932 8933 8934 8330
1137 29 2 20 1 2696 2610 2611 2609 4284 4283 2939 2940 3624 3625 3623 3622 2942 2941 2937 2938 4289 8869 3632 2949
1138 29 2 20 1 2608 2612 290 289 5033 5034 5172 5171 2928 2927 2929 2930 379 380 3327 3328 8935 8936 2935 8831
1139 29 2 20 1 2644 2609 2673 807 6383 6382 6558 6559 3430 3429 4650 4649 6331 6330 7197 7196 8937 7204 8938 8939
1140 29 2 20 1 2673 2844 804 806 8940 8941 8942 8943 7757 7756 3982 3983 893 894 8944 8945 8946 8947 8948 8949
1141 29 2 20 1 1997 1999 1996 2697 2430 2431 2426 2425 2406 2405 4976 4975 6620 6619 4894 4893 2432 7265 8870 8892
1142 29 2 20 1 2820 196 807 1998 8950 8951 905 904 6341 6340 8952 8953 7200 7201 2420 2419 8954 8955 8956 8957
1143 29 2 20 1 2820 2001 196 1998 8958 8959 2447 2446 8951 8950 8952 8953 2420 2419 2441 2442 8960 8961 8955 2448
1144 29 2 20 1 2825 2674 2610 2609 6553 6552 7729 7728 8962 8963 6554 6555 2937 2938 6556 6557 8964 6562 8965 7733
1145 29 2 20 1 2820 2001 804 197 8958 8959 8817 8818 7754 7755 8966 8967 875 874 2449 2450 8968 8969 8970 8821
1146 29 2 20 1 2825 2723 2748 803 8807 8808 8157 8156 8811 8812 8031 8030 5329 5330 8509 8510 8814 8929 8922 8511
1147 29 2 20 1 2820 196 2001 197 8950 8951 2446 2447 8959 8958 8966 8967 2449 2450 227 226 8960 8971 8969 2451
1148 29 2 20 1 2729 195 196 810 4006 4007 224 225 7811 7812 4004 4005 931 932 934 935 8972 4014 7815 936
1149 29 2 20 1 2601 1320 1319 2698 3933 3934 1376 1375 4118 4119 5378 5377 3639 3638 4559 4558 8800 8973 8599 4561
1150 29 2 20 1 1327 2676 1329 1326 6405 6404 3468 3467 1470 1471 1443 1444 1468 1467 8974 8975 6406 8976 1472 8977
1151 29 2 20 1 836 2838 834 2837 7961 7960 8978 8979 1194 1193 7924 7923 7925 7926 7966 7967 8980 7971 7929 8981
1152 29 2 20 1 2777 126 805 802 5714 5713 880 881 5712 5711 8326 8327 883 882 878 877 5719 8982 8332 884
1153 29 2 20 1 2777 125 1324 126 8983 8984 1419 1418 5715 5716 5713 5714 1422 1421 143 142 8985 8986 5721 1423
1154 29 2 20 1 2777 802 125 126 8327 8326 851 850 8984 8983 5713 5714 143 142 877 878 8987 8982 8986 879
1155 29 2 20 1 2777 2642 1324 1323 8494 8495 8988 8989 5715 5716 4984 4985 1413 1414 8990 8991 8992 8993 8994 8995
1156 29 2 20 1 2777 1324 1321 1323 5716 5715 1415 1416 7701 7700 4984 4985 1410 1411 1413 1414 8996 8994 7703 1417
1157 29 2 20 1 2777 1324 2642 805 5716 5715 8989 8988 8495 8494 5712 5711 4074 4073 5718 5717 8992 5720 8497 8997
1158 29 2 20 1 2777 1324 125 1321 5716 5715 1418 1419 8984 8983 7701 7700 1391 1392 1416 1415 8985 8996 8998 1420
1159 29 2 20 1 2777 1321 125 802 7700 7701 1391 1392 8984 8983 8326 8327 851 850 8999 9000 8998 9001 8987 9002
1160 29 2 20 1 2778 2698 2674 2610 5379 5380 4990 4991 7723 7722 7726 7727 7728 7729 7741 7742 8909 8893 7731 9003
1161 29 2 20 1 2793 291 288 289 5346 5345 395 396 7566 7565 7564 7563 372 371 399 398 9004 9005 7570 400
1162 29 2 20 1 2699 1319 10 1322 3642 3643 1395 1394 4656 4655 3645 3644 1398 1397 1399 1400 8910 3649 9006 1401
1163 29 2 20 1 2748 1321 2777 802 7192 7191 7701 7700 8416 8417 5327 5328 8326 8327 8999 9000 8419 9007 9008 9001
1164 29 2 20 1 840 2629 837 186 8911 8912 8181 8182 1229 1228 1232 1231 1205 1204 8183 8184 8917 9009 1233 8189
1165 29 2 20 1 1322 288 11 10 9010 9011 391 390 1424 1425 1397 1398 28 29 363 364 9012 9013 1426 392
1166 29 2 20 1 2609 2612 2608 2778 2944 2943 5034 5033 6385 6384 7725 7724 5038 5037 5028 5027 9014 9015 9016 5040
1167 29 2 20 1 2635 2482 2748 2481 6648 6649 4316 4317 6650 6651 7748 7749 5742 5743 2562 2563 6656 7750 9017 5746
1168 29 2 20 1 2674 2842 2642 1323 9018 9019 9020 9021 3435 3436 4983 4982 8990 8991 8347 8346 9022 9023 9024 9025
1169 29 2 20 1 837 2629 2618 1968 8182 8181 5535 5534 8447 8448 8187 8188 2987 2988 8185 8186 9026 8190 9027 9028
1170 29 2 20 1 2784 2723 2476 2479 6630 6631 6637 6636 6638 6639 8897 8896 2534 2535 8159 8158 6643 9029 9030 8822
1171 29 2 20 1 2750 2000 2696 2610 4360 4359 4280 4279 8824 8823 4354 4353 4283 4284 4285 4286 9031 4364 8867 4288
1172 29 2 20 1 243 2635 242 2482 3137 3136 3930 3929 248 249 2589 2588 2586 2585 6649 6648 5486 6654 2590 7752
1173 29 2 20 1 2736 9 285 1319 8596 8595 333 334 4111 4110 4116 4117 4120 4121 1368 1367 9032 8598 4123 7855
1174 29 2 20 1 243 1321 2635 2748 1386 1385 3135 3134 3136 3137 6652 6653 6650 6651 7192 7191 3140 9033 6657 7195
1175 29 2 20 1 2601 242 2635 2481 3931 3932 3929 3930 3936 3935 6545 6546 7748 7749 2583 2582 3938 6549 9034 7751
1176 29 2 20 1 2601 2481 2478 2480 6546 6545 2556 2557 4394 4393 2880 2881 2551 2552 2554 2555 9035 9036 4396 2558
1177 29 2 20 1 2601 241 2481 2480 4397 4398 2579 2580 6545 6546 2880 2881 2554 2555 2577 2576 6548 6660 9036 2581
1178 29 2 20 1 2784 2476 2478 2479 6639 6638 2530 2529 8854 8855 8897 8896 2533 2532 2534 2535 9037 9030 9038 2536
1179 29 2 20 1 1994 1996 2632 2630 2400 2401 9039 9040 9041 9042 9043 9044 3078 3077 5313 5314 9045 9046 9047 9048
1180 29 2 20 1 2748 2479 2482 231 5740 5741 2565 2564 4316 4317 4315 4314 2568 2567 2541 2540 5745 8164 4320 2569
1181 29 2 20 1 2837 2788 2838 2843 7968 7969 7964 7965 7967 7966 9049 9050 9051 9052 9053 9054 7972 9055 9056 9057
1182 29 2 20 1 2698 1323 1320 1322 4988 4989 1407 1408 4558 4559 3637 3636 1402 1403 1405 1406 6082 8861 4560 1409
1183 29 2 20 1 2778 2601 286 2699 5381 5382 3184 3183 8422 8421 5384 5383 8849 8848 5375 5376 8423 5388 9058 9059
1184 29 2 20 1 2748 1321 802 125 7192 7191 9000 8999 5327 5328 7735 7734 850 851 1392 1391 9007 7739 8802 9002
1185 29 2 20 1 2843 2790 2785 831 9060 9061 7665 7666 9062 9063 9064 9065 5182 5181 7663 7664 9066 9067 9068 7669
1186 29 2 20 1 808 809 811 2830 918 919 946 945 942 943 9069 9070 6818 6819 8234 8233 947 9071 9072 9073
1187 29 2 20 1 2812 809 808 2830 6608 6607 919 918 7991 7992 6825 6824 9069 9070 8234 8233 7993 8236 9074 9071
1188 29 2 20 1 1323 1325 2792 1326 1433 1432 7827 7826 8341 8340 1437 1438 8053 8054 1436 1435 9075 1439 9076 9077
1189 29 2 20 1 2734 296 299 298 4083 4082 472 471 9078 9079 4084 4085 469 470 466 467 9080 4088 9081 473
1190 29 2 20 1 2630 2799 2644 2608 9082 9083 5476 5477 4266 4265 6377 6376 6378 6379 7679 7678 9084 9085 6386 9086
1191 29 2 20 1 2775 2751 812 813 4952 4953 4963 4964 9087 9088 4950 4951 957 956 4368 4367 9089 4956 9090 9091
1192 29 2 20 1 2824 2699 288 1322 8724 8723 7996 7995 8602 8601 6538 6539 9010 9011 3645 3644 9092 8729 9093 9094
1193 29 2 20 1 1326 1327 2676 2828 1443 1444 6405 6404 8975 8974 8056 8055 9095 9096 6613 6614 8976 9097 9098 9099
1194 29 2 20 1 2654 2656 1994 1991 3268 3267 8647 8646 6322 6323 3269 3270 2373 2374 3271 3272 8866 3277 9100 8650
1195 29 2 20 1 2672 2734 2709 295 7092 7093 9101 9102 3735 3736 7094 7095 9103 9104 4081 4080 9105 7096 9106 9107
1196 29 2 20 1 2672 2670 2775 2671 3734 3733 6689 6688 9108 9109 3970 3971 6690 6691 3393 3394 9110 9111 9112 6693
1197 29 2 20 1 2829 2812 811 1330 6823 6822 6302 6303 6820 6821 7714 7713 4940 4941 6074 6073 6828 9113 7717 9114
1198 29 2 20 1 805 2827 126 2643 6588 6589 8903 8904 880 881 6586 6587 4020 4021 6591 6590 8906 6596 9115 9116
1199 29 2 20 1 1325 1326 2663 2792 1435 1436 8051 8052 7823 7822 7826 7827 7824 7825 8054 8053 9117 9077 7832 8059
1200 29 2 20 1 1327 808 2643 127 7143 7144 7146 7145 4018 4019 1452 1451 6592 6593 910 911 7150 9118 9119 9120
1201 29 2 20 1 2812 1330 2829 127 6073 6074 7714 7713 6823 6822 8431 8430 8429 8428 1479 1478 9113 9121 8434 9122
1202 29 2 20 1 2672 2775 2670 2727 9109 9108 6688 6689 3733 3734 3958 3957 3959 3960 9123 9124 9110 9125 3963 9126
1203 29 2 20 1 2788 2692 2838 2843 7278 7277 9127 9128 7965 7964 9053 9054 9051 9052 9129 9130 9131 9132 9057 9133
1204 29 2 20 1 2812 1330 127 1327 6073 6074 1478 1479 8431 8430 6076 6075 1451 1452 1476 1475 9121 6079 9134 1480
1205 29 2 20 1 808 2829 128 127 8426 8427 7716 7715 937 938 910 911 146 147 8429 8428 9135 8432 939 9136
1206 29 2 20 1 836 2682 2788 2816 7543 7542 9137 9138 7963 7962 6190 6189 9139 9140 7547 7546 9141 7549 9142 9143
1207 29 2 20 1 286 2610 2612 2611 3179 3180 2948 2947 3325 3326 4873 4874 2946 2945 2940 2939 9144 9145 9146 2952
1208 29 2 20 1 1324 126 2643 805 1421 1422 4021 4020 3709 3708 5718 5717 6587 6586 881 880 4024 5722 9147 9115
1209 29 2 20 1 807 2644 806 2673 4650 4649 3198 3197 896 897 6330 6331 3983 3982 3430 3429 4652 8938 9148 3984
1210 29 2 20 1 2816 2832 835 836 6954 6953 6949 6950 6191 6192 6189 6190 1189 1188 7541 7540 6956 7548 6197 9149
1211 29 2 20 1 196 2644 807 1998 7814 7813 4649 4650 904 905 2420 2419 7200 7201 7198 7199 9150 9151 8957 7206
1212 29 2 20 1 831 834 2843 188 1169 1168 9152 9153 9065 9064 1145 1144 9154 9155 1172 1171 9156 1173 9157 9158
1213 29 2 20 1 1327 2827 2643 126 8925 8924 6590 6591 4018 4019 1449 1448 4021 4020 8904 8903 9159 8926 4023 9116
1214 29 2 20 1 127 805 808 2643 907 908 913 912 911 910 6593 6592 7145 7146 6586 6587 914 6597 9120 8907
1215 29 2 20 1 2644 2799 2842 2608 5477 5476 9160 9161 9162 9163 6378 6379 8343 8342 7679 7678 9164 9086 9165 9166
1216 29 2 20 1 127 1327 2827 2643 1452 1451 8925 8924 6595 6594 6593 6592 6591 6590 4018 4019 8927 9119 6598 9159
1217 29 2 20 1 2630 1995 1997 1998 9167 9168 2408 2409 5319 5320 9169 9170 2413 2414 2412 2411 9171 9172 9173 2415
1218 29 2 20 1 2643 1324 805 2642 3709 3708 5717 5718 6587 6586 3189 3190 4073 4074 8988 8989 9147 9174 7293 8997
1219 29 2 20 1 2630 2763 2608 2609 5318 5317 4567 4566 6377 6376 6380 6381 6384 6385 7258 7259 9175 9176 6387 9177
1220 29 2 20 1 2644 2642 2674 2842 3193 3194 3435 3436 3433 3434 9162 9163 9019 9018 9020 9021 3441 9178 9179 9022
1221 29 2 20 1 2828 809 2776 2799 6611 6612 4962 4961 9180 9181 9182 9183 5478 5479 8042 8043 9184 9185 9186 8044
1222 29 2 20 1 2730 2751 2644 2776 4371 4372 9187 9188 4267 4268 5473 5472 5474 5475 4968 4967 9189 9190 5482 9191
1223 29 2 20 1 1995 1998 2630 2729 2411 2412 9169 9170 9167 9168 8256 8255 4271 4272 9192 9193 9172 9194 9195 9196
1224 29 2 20 1 1970 2788 2606 2845 9197 9198 9199 9200 5935 5936 9201 9202 9203 9204 9205 9206 9207 9208 9209 9210
1225 29 2 20 1 2643 2799 809 2828 8333 8334 8042 8043 4605 4604 9211 9212 6611 6612 9183 9182 8335 9213 9214 9185
1226 29 2 20 1 196 1998 2729 2644 2419 2420 9193 9192 7812 7811 7813 7814 4274 4273 7199 7198 9215 9151 7816 9216
1227 29 2 20 1 2776 2751 2775 2730 4968 4967 4953 4952 9217 9218 5472 5473 4954 4955 4371 4372 9219 9190 9220 4958
1228 29 2 20 1 2751 2644 810 2730 9187 9188 4572 4571 4373 4374 4371 4372 4008 4009 4268 4267 9221 9189 4377 4573
1229 29 2 20 1 809 812 2751 810 951 950 4964 4963 4965 4966 927 926 4373 4374 954 953 4971 955 9222 9223
1230 29 2 20 1 2680 194 813 2730 3507 3508 965 964 3512 3511 5334 5335 4370 4369 5337 5336 3513 5340 9224 5439
1231 29 2 20 1 813 195 2680 2730 961 962 3510 3509 3511 3512 4370 4369 5334 5335 4010 4011 3515 9225 9224 7109
1232 29 2 20 1 2605 2719 2606 1966 3851 3850 3849 3848 2913 2914 2910 2909 2911 2912 9226 9227 3858 9228 2919 9229
1233 29 2 20 1 1992 194 1995 2730 2360 2359 2386 2387 2382 2381 5433 5434 5339 5338 5337 5336 2388 5437 6459 5342
1234 29 2 20 1 2791 2664 2631 2799 5306 5305 5304 5303 5302 5301 7674 7675 7360 7361 9230 9231 5309 9232 9233 9234
1235 29 2 20 1 2656 1990 1993 1991 5563 5562 2365 2366 8645 8644 3271 3272 2370 2371 2345 2346 9235 7573 8649 2372
1236 29 2 20 1 2663 1328 1329 2676 8216 8217 1465 1466 3465 3466 3459 3460 3468 3467 9236 9237 9238 9239 3472 9240
1237 29 2 20 1 2607 2608 2630 2763 2925 2926 6377 6376 4144 4145 4563 4562 5317 5318 4567 4566 9241 4570 9242 9175
1238 29 2 20 1 832 2692 2714 2814 8513 8514 8520 8519 3785 3784 9243 9244 6774 6775 8291 8292 8522 9245 9246 9247
1239 29 2 20 1 2656 78 1990 296 5565 5564 2338 2337 5562 5563 3825 3824 7456 7455 447 448 5568 8371 7712 9248
1240 29 2 20 1 2730 2776 2799 2655 5472 5473 5479 5478 5480 5481 7358 7359 7363 7362 8667 8666 5485 9249 7367 9250
1241 29 2 20 1 809 2766 2644 2643 4603 4602 4648 4647 6601 6600 4604 4605 3191 3192 4606 4607 9251 4610 8337 6022
1242 29 2 20 1 2656 1990 79 1993 5563 5562 2362 2363 5561 5560 8645 8644 2367 2368 2366 2365 5566 9235 9252 2369
1243 29 2 20 1 2792 2643 2828 2799 9253 9254 9212 9211 8049 8050 7676 7677 9182 9183 8334 8333 9255 9256 9257 9213
1244 29 2 20 1 2791 292 2631 2656 6392 6393 3299 3300 5302 5301 5307 5308 3296 3295 3297 3298 6401 9258 5310 3305
1245 29 2 20 1 1330 2617 2812 811 3113 3112 6300 6301 6073 6074 4941 4940 6303 6302 2974 2973 9259 9260 9114 6306
1246 29 2 20 1 2656 296 295 293 3824 3825 440 439 4152 4151 3303 3304 437 436 442 441 9261 9262 4154 443
1247 29 2 20 1 2656 293 1993 79 3304 3303 7999 8000 8645 8644 5561 5560 2368 2367 418 417 9263 9264 9252 9265
1248 29 2 20 1 2656 293 79 296 3304 3303 417 418 5561 5560 3825 3824 444 445 441 442 9264 9262 8370 446
1249 29 2 20 1 2632 1994 1993 1996 9041 9042 2375 2376 3081 3082 9039 9040 2396 2395 2401 2400 9266 9045 9267 2402
1250 29 2 20 1 2632 80 1993 79 9268 9269 2393 2392 3081 3082 9270 9271 2368 2367 108 109 9272 9273 9274 2394
1251 29 2 20 1 2632 79 1993 293 9271 9270 2368 2367 3081 3082 6295 6296 7999 8000 417 418 9274 9275 8002 9265
1252 29 2 20 1 2632 80 79 293 9268 9269 109 108 9270 9271 6295 6296 417 418 414 415 9273 9276 9275 419
1253 29 2 20 1 2644 2643 2842 2799 3192 3191 9277 9278 9162 9163 5476 5477 9160 9161 8334 8333 9279 8336 9164 9280
1254 29 2 20 1 2632 290 1996 80 9281 9282 6622 6621 9039 9040 9269 9268 2398 2397 388 387 9283 9284 9285 8890
1255 29 2 20 1 2632 293 290 80 6296 6295 411 412 9282 9281 9269 9268 388 387 415 414 9286 9276 9284 416
1256 29 2 20 1 2632 1993 80 1996 3082 3081 2392 2393 9269 9268 9039 9040 2397 2398 2396 2395 9272 9267 9285 2399
1257 29 2 20 1 11 291 1322 1325 393 394 9287 9288 1425 1424 1428 1427 1429 1430 9289 9290 9291 9292 1431 9293
1258 29 2 20 1 2606 2618 2816 2685 2984 2983 9294 9295 9296 9297 3856 3857 9298 9299 9300 9301 9302 9303 9304 9305
1259 29 2 20 1 291 2824 288 1322 7176 7175 8601 8602 396 395 9288 9287 9010 9011 6538 6539 9306 9307 9308 9093
1260 29 2 20 1 2696 2611 2000 1999 3625 3624 4282 4281 4280 4279 4853 4852 2436 2435 4889 4890 4287 8901 4857 9309
1261 29 2 20 1 1321 1320 2748 2698 1384 1383 7189 7190 7192 7191 6080 6081 7743 7744 4559 4558 7194 6084 8418 9310
1262 29 2 20 1 292 289 2608 2607 403 404 2929 2930 6395 6394 9311 9312 2925 2926 2932 2931 9313 9314 9315 2936
1263 29 2 20 1 2763 2632 290 1996 9316 9317 9281 9282 4565 4564 5315 5316 6621 6622 9039 9040 9318 9319 6623 9283
1264 29 2 20 1 2607 2630 2632 2763 4145 4144 3078 3077 4143 4142 4563 4562 9316 9317 5317 5318 4148 9242 9320 9321
1265 29 2 20 1 288 2699 286 285 7995 7996 8849 8848 369 368 366 365 341 342 4659 4660 8853 7997 370 9322
1266 29 2 20 1 2792 2828 2643 1326 8050 8049 9211 9212 9254 9253 8053 8054 3707 3706 8055 8056 9255 8060 9323 9324
1267 29 2 20 1 2792 2608 2842 2799 5350 5349 8343 8342 8344 8345 7676 7677 9160 9161 7678 7679 8350 7683 9325 9166
1268 29 2 20 1 2612 286 2611 287 3325 3326 4874 4873 2946 2945 3323 3324 3910 3911 350 349 9146 3329 3916 4882
1269 29 2 20 1 288 1322 2699 10 9011 9010 3645 3644 7996 7995 363 364 4656 4655 1397 1398 9094 9013 7998 9006
1270 29 2 20 1 2606 2719 2649 2794 3848 3849 6122 6123 7052 7053 5937 5938 6120 6121 6125 6124 7055 9326 9327 6129
1271 29 2 20 1 2663 2799 2792 2828 9328 9329 7676 7677 7824 7825 8048 8047 8049 8050 9183 9182 9330 9331 8057 9257
1272 29 2 20 1 2649 1970 2788 2606 9332 9333 9197 9198 5257 5256 7053 7052 9200 9199 5935 5936 9334 9335 9336 9207
1273 29 2 20 1 2674 2825 2777 2673 6552 6553 8930 8931 4980 4981 3431 3432 8329 8328 6551 6550 9337 6560 9338 8932
1274 29 2 20 1 2842 1326 2643 1323 9339 9340 3707 3706 9277 9278 8347 8346 3710 3711 1438 1437 9341 9342 9343 3713
1275 29 2 20 1 2842 1324 2643 2642 9344 9345 3708 3709 9277 9278 9021 9020 3189 3190 8988 8989 9346 9347 9348 9174
1276 29 2 20 1 2842 2643 1324 1323 9278 9277 3709 3708 9345 9344 8347 8346 1413 1414 3710 3711 9346 9343 9349 3714
1277 29 2 20 1 2842 1324 2642 1323 9344 9345 8989 8988 9021 9020 8347 8346 8990 8991 1413 1414 9347 9349 9025 8995
1278 29 2 20 1 2612 2763 2609 2608 5169 5170 7259 7258 2944 2943 5033 5034 6385 6384 4566 4567 9350 9351 9014 9177
1279 29 2 20 1 1322 1323 2824 2608 1405 1406 6537 6536 6539 6538 8726 8725 7591 7590 8338 8339 6542 9352 8728 9353
1280 29 2 20 1 2778 2779 2608 2699 5029 5030 5036 5035 5037 5038 5384 5383 8722 8721 8844 8845 5042 9354 9355 9356
1281 29 2 20 1 2824 1322 291 1325 6539 6538 9288 9287 7176 7175 6540 6541 9289 9290 1429 1430 9307 6544 9357 9293
1282 29 2 20 1 2793 292 2608 291 9358 9359 6394 6395 5351 5352 5345 5346 5354 5353 401 402 9360 9361 5358 6535
1283 29 2 20 1 291 2824 1325 2792 7176 7175 6541 6540 9289 9290 5343 5344 7826 7827 7177 7178 9357 7180 9362 9363
1284 29 2 20 1 2611 2612 2697 2609 2946 2945 3915 3914 3628 3629 2942 2941 3631 3630 2944 2943 3917 2951 3635 9364
1285 29 2 20 1 291 2824 2793 288 7176 7175 7174 7173 5346 5345 396 395 7566 7565 8602 8601 7179 9306 9004 8604
1286 29 2 20 1 2829 127 1330 128 8428 8429 1479 1478 7714 7713 7715 7716 1482 1481 147 146 9122 9136 7719 1483
1287 29 2 20 1 2617 2812 1329 1330 6300 6301 6071 6072 3463 3464 3113 3112 1474 1473 6074 6073 9365 9259 9366 6078
1288 29 2 20 1 127 808 2812 1327 910 911 7991 7992 8430 8431 1451 1452 6076 6075 7143 7144 8433 9118 9134 7994
1289 29 2 20 1 811 808 2829 128 942 943 8426 8427 6821 6820 940 941 7715 7716 937 938 9367 944 7718 9135
1290 29 2 20 1 2828 2676 2776 2812 9095 9096 6356 6357 9180 9181 6610 6609 8232 8231 6403 6402 9368 9369 9370 9371
1291 29 2 20 1 2836 12 1325 11 9372 9373 1454 1455 7821 7820 9374 9375 1427 1428 30 31 9376 9377 9378 1456
1292 29 2 20 1 2836 11 1325 291 9375 9374 1427 1428 7821 7820 9379 9380 9290 9289 394 393 9378 9381 9382 9292
1293 29 2 20 1 2836 12 11 291 9372 9373 31 30 9374 9375 9379 9380 394 393 421 420 9377 9383 9381 422
1294 29 2 20 1 1323 2674 2608 2778 4983 4982 9384 9385 8338 8339 8859 8860 5038 5037 7722 7723 9386 8908 9387 9388
1295 29 2 20 1 2836 294 1328 12 9389 9390 4258 4259 9391 9392 9373 9372 1457 1458 423 424 9393 9394 9395 6310
1296 29 2 20 1 2836 291 294 12 9380 9379 426 425 9390 9389 9373 9372 423 424 420 421 9396 9383 9394 427
1297 29 2 20 1 2836 1325 12 1328 7820 7821 1455 1454 9373 9372 9391 9392 1458 1457 1459 1460 9376 9397 9395 1461
1298 29 2 20 1 2670 2708 2727 1988 3732 3731 3961 3962 3959 3960 9398 9399 5848 5849 6676 6677 3965 9400 9401 9402
1299 29 2 20 1 128 1333 1330 2634 1509 1508 1505 1506 1481 1482 4942 4943 3114 3115 3451 3452 1510 9403 4948 9404
1300 29 2 20 1 128 129 1333 2675 148 149 1512 1511 1508 1509 9405 9406 3444 3443 3445 3446 1513 9407 9408 3453
1301 29 2 20 1 2634 814 2616 811 9409 9410 4254 4255 4818 4817 4945 4944 2969 2970 973 972 9411 9412 9413 4256
1302 29 2 20 1 2634 814 129 1333 9409 9410 971 970 3448 3447 3452 3451 1511 1512 9414 9415 9416 9417 3454 9418
1303 29 2 20 1 814 129 811 2634 971 970 967 968 973 972 9409 9410 4944 4945 3447 3448 974 9416 9412 9419
1304 29 2 20 1 2794 2606 1970 2649 5937 5938 5935 5936 5940 5939 6121 6120 9332 9333 7052 7053 5942 9327 9420 9335
1305 29 2 20 1 2636 2807 2637 2639 5893 5894 5870 5871 3142 3141 3147 3148 3151 3152 5896 5895 8703 5903 3154 9421
1306 29 2 20 1 2626 295 298 297 8631 8630 464 463 9422 9423 4093 4094 461 462 458 459 9424 9425 9426 465
1307 29 2 20 1 2650 1336 2733 1335 5075 5074 8367 8366 6729 6728 5069 5068 6734 6735 1533 1534 9427 5079 6737 9428
1308 29 2 20 1 2626 297 294 295 4094 4093 455 456 4260 4261 8630 8631 432 431 459 458 7598 9425 8633 460
1309 29 2 20 1 2604 2617 2625 1329 3110 3111 3976 3977 3028 3027 2904 2905 6311 6312 3463 3464 9429 9430 6313 9431
1310 29 2 20 1 2640 297 2741 1331 3160 3159 9432 9433 9434 9435 7601 7602 8170 8171 4096 4095 9436 9437 9438 9439
1311 29 2 20 1 2771 1992 813 194 6437 6438 5436 5435 9440 9441 4902 4903 965 964 2359 2360 9442 7721 9443 5440
1312 29 2 20 1 2618 2606 1967 2605 2983 2984 2918 2917 2989 2990 6793 6792 2916 2915 2914 2913 2992 9444 6900 2921
1313 29 2 20 1 2771 813 816 194 9441 9440 989 988 4899 4898 4902 4903 992 991 965 964 9445 9443 4905 993
1314 29 2 20 1 811 2675 128 2634 9446 9447 9405 9406 940 941 4944 4945 4942 4943 3449 3450 9448 9449 4949 9450
1315 29 2 20 1 2640 2741 2758 1331 9435 9434 8167 8166 4484 4485 7601 7602 7603 7604 8170 8171 9451 9438 7606 8173
1316 29 2 20 1 2737 76 75 305 8287 8288 101 100 5221 5220 5224 5225 537 538 534 535 8290 9452 5227 539
1317 29 2 20 1 2709 2758 2626 1331 7600 7599 9453 9454 7015 7014 7018 7019 4090 4089 7603 7604 9455 7608 7021 9456
1318 29 2 20 1 2670 2709 2708 2639 3738 3737 3739 3740 3731 3732 9457 9458 6673 6672 9459 9460 3744 9461 9462 9463
1319 29 2 20 1 2709 298 2734 299 7464 7465 4084 4085 9101 9102 9464 9465 9078 9079 470 469 9466 9467 9468 9081
1320 29 2 20 1 1333 2675 2634 128 3443 3444 3450 3449 3451 3452 1509 1508 4943 4942 9406 9405 3456 9408 9403 9450
1321 29 2 20 1 2634 811 2675 129 4944 4945 9446 9447 3450 3449 3448 3447 3446 3445 967 968 9449 9419 3455 9469
1322 29 2 20 1 2675 128 129 811 9405 9406 148 149 3446 3445 9446 9447 968 967 941 940 9407 9448 9469 969
1323 29 2 20 1 2715 2602 820 821 8080 8079 4910 4909 9470 9471 7368 7369 1039 1038 2887 2886 9472 8254 9473 9474
1324 29 2 20 1 2771 813 2616 815 9441 9440 9475 9476 7087 7088 6489 6488 9477 9478 983 984 9479 9480 9481 9482
1325 29 2 20 1 1986 1989 1988 2637 2321 2322 2323 2324 2319 2318 5872 5873 9483 9484 9485 9486 2325 9487 9488 9489
1326 29 2 20 1 2733 1336 129 1333 8366 8367 1538 1539 8195 8196 9490 9491 1511 1512 1536 1535 8369 9492 9493 1540
1327 29 2 20 1 2733 129 814 1333 8196 8195 970 971 4065 4064 9490 9491 9414 9415 1511 1512 8198 9493 9494 9418
1328 29 2 20 1 2733 1335 1336 1333 6735 6734 1533 1534 8367 8366 9490 9491 1536 1535 1531 1530 9428 9495 9492 1537
1329 29 2 20 1 2651 1333 2733 2634 9496 9497 9490 9491 7553 7554 9498 9499 9500 9501 3451 3452 9502 9503 9504 9505
1330 29 2 20 1 2733 814 2634 1333 4064 4065 9410 9409 9500 9501 9490 9491 3452 3451 9414 9415 9506 9494 9505 9417
1331 29 2 20 1 2706 1985 1983 1982 5133 5132 2289 2288 5131 5130 6471 6472 2264 2263 2283 2284 5136 9507 9508 2290
1332 29 2 20 1 2708 298 2709 299 8623 8624 7465 7464 3739 3740 9509 9510 9464 9465 470 469 8628 9511 9512 9467
1333 29 2 20 1 2639 2758 2640 2726 6441 6442 4484 4485 5365 5366 5899 5900 4478 4479 4487 4486 9513 9514 7808 4491
1334 29 2 20 1 301 2725 300 2679 4776 4777 4185 4184 491 492 4780 4781 3500 3499 4779 4778 9515 4786 9516 9517
1335 29 2 20 1 2670 2651 2637 816 3389 3390 9518 9519 9520 9521 6490 6491 4841 4842 6667 6668 9522 9523 9524 9525
1336 29 2 20 1 2741 14 1331 13 9526 9527 1514 1515 8170 8171 9528 9529 1487 1488 34 35 9530 9531 9532 1516
1337 29 2 20 1 2741 13 1331 297 9529 9528 1487 1488 8170 8171 9432 9433 4095 4096 454 453 9532 9533 9439 4100
1338 29 2 20 1 2741 14 13 297 9526 9527 35 34 9528 9529 9432 9433 454 453 481 480 9531 9534 9533 482
1339 29 2 20 1 2741 297 300 14 9433 9432 486 485 4183 4182 9527 9526 483 484 480 481 9535 9534 9536 487
1340 29 2 20 1 2741 14 300 1334 9526 9527 483 484 4183 4182 4188 4189 3497 3498 1518 1517 9536 9537 4193 3506
1341 29 2 20 1 2741 1331 1334 1332 8171 8170 1520 1519 4188 4189 8169 8168 1523 1522 1496 1495 9538 8175 8179 1524
1342 29 2 20 1 2679 14 300 15 3502 3501 483 484 3499 3500 9539 9540 510 511 37 36 3505 9541 9542 512
1343 29 2 20 1 2741 1331 14 1334 8171 8170 1515 1514 9527 9526 4188 4189 1518 1517 1519 1520 9530 9538 9537 1521
1344 29 2 20 1 2672 2727 2708 2734 3957 3958 3962 3961 3730 3729 7093 7092 9543 9544 9545 9546 3964 9547 9548 9549
1345 29 2 20 1 2734 2708 1988 2727 9543 9544 6677 6676 9550 9551 9546 9545 5849 5848 3962 3961 9552 9549 9553 9402
1346 29 2 20 1 2651 2634 2733 814 9499 9498 9500 9501 7553 7554 3793 3794 4065 4064 9410 9409 9504 9554 7555 9506
1347 29 2 20 1 2725 1335 2758 2741 6418 6419 5855 5854 4482 4483 4181 4180 8167 8166 8177 8176 9555 9556 9557 9558
1348 29 2 20 1 2758 2741 1335 1332 8166 8167 8177 8176 5855 5854 5856 5857 1528 1527 8169 8168 9558 8172 5860 8180
1349 29 2 20 1 1333 2758 2733 1335 5852 5853 6731 6730 9491 9490 1530 1531 6734 6735 5855 5854 9559 5858 9495 6739
1350 29 2 20 1 2604 2758 1333 1332 9560 9561 5853 5852 3482 3483 2901 2900 1503 1504 5856 5857 9562 9563 3485 5859
1351 29 2 20 1 2776 2828 2812 809 9180 9181 6609 6610 8232 8231 4962 4961 6607 6608 6612 6611 9370 9184 8237 6617
1352 29 2 20 1 2650 2733 2651 2758 6728 6729 7553 7554 3239 3240 6732 6733 6443 6444 6731 6730 9564 6736 8744 9565
1353 29 2 20 1 2606 2845 2618 1968 9204 9203 9566 9567 2983 2984 2986 2985 2987 2988 9568 9569 9570 9571 2991 9572
1354 29 2 20 1 1330 2604 1329 2617 2902 2903 2905 2904 1473 1474 3112 3113 3464 3463 3111 3110 2908 3120 9366 9430
1355 29 2 20 1 2604 1333 2758 2634 3483 3482 5852 5853 9561 9560 3118 3119 9573 9574 3451 3452 9562 9575 9576 9577
1356 29 2 20 1 814 2616 2651 2634 4254 4255 3386 3385 3794 3793 9409 9410 9498 9499 4817 4818 9578 9411 9554 9579
1357 29 2 20 1 2616 2671 2651 2634 3396 3395 3391 3392 3385 3386 4817 4818 9498 9499 4819 4820 3398 4823 9579 9580
1358 29 2 20 1 192 1989 1986 2637 2326 2327 2322 2321 2300 2299 9581 9582 5872 5873 9485 9486 2328 9583 9584 9487
1359 29 2 20 1 193 819 2821 192 1022 1021 7282 7283 6368 6367 218 219 6366 6365 1025 1024 7289 1026 6370 9585
1360 29 2 20 1 1989 2821 193 2637 6363 6364 6368 6367 2329 2330 9485 9486 7287 7286 7285 7284 6371 9586 9587 7291
1361 29 2 20 1 2637 192 1989 2821 9581 9582 2326 2327 9486 9485 7284 7285 6364 6363 6365 6366 9583 9588 9586 6369
1362 29 2 20 1 193 1989 2637 816 2329 2330 9486 9485 7287 7286 994 995 4841 4842 7707 7706 9587 9589 8228 9590
1363 29 2 20 1 1986 192 2637 819 2300 2299 9582 9581 5872 5873 8202 8201 4840 4839 1024 1025 9584 9591 8205 9592
1364 29 2 20 1 2821 2637 192 819 7284 7285 9581 9582 6366 6365 7282 7283 1024 1025 4840 4839 9588 7288 9585 9592
1365 29 2 20 1 2725 2758 1335 2726 4483 4482 5854 5855 6419 6418 3949 3950 6422 6423 4487 4486 9555 4489 6427 9593
1366 29 2 20 1 2746 301 299 302 8707 8708 496 497 8706 8705 4294 4295 501 502 500 499 8710 9594 9595 503
1367 29 2 20 1 2737 1981 2744 305 5223 5222 5457 5458 5455 5456 5224 5225 8636 8637 5212 5213 5461 5228 9596 9597
1368 29 2 20 1 2746 77 299 1987 4297 4296 478 477 8706 8705 5842 5841 9598 9599 2307 2308 9600 5846 9601 9602
1369 29 2 20 1 2746 299 77 302 8705 8706 477 478 4296 4297 4294 4295 504 505 501 502 9600 9595 4300 506
1370 29 2 20 1 2771 1992 193 1989 6437 6438 2357 2356 4900 4901 4825 4826 2330 2329 2351 2352 7720 6440 9603 2358
1371 29 2 20 1 2771 1989 193 816 4826 4825 2330 2329 4900 4901 4899 4898 994 995 7707 7706 9603 7710 4904 9589
1372 29 2 20 1 2734 296 1990 78 4083 4082 7456 7455 7457 7458 9604 9605 2338 2337 448 447 7461 9606 9607 9248
1373 29 2 20 1 2734 299 296 78 9079 9078 471 472 4082 4083 9604 9605 448 447 475 474 9080 9608 9606 476
1374 29 2 20 1 2734 299 78 77 9079 9078 474 475 9604 9605 9609 9610 104 105 478 477 9608 9611 9612 479
1375 29 2 20 1 2734 1987 299 77 9613 9614 9598 9599 9078 9079 9609 9610 478 477 2308 2307 9615 9616 9611 9602
1376 29 2 20 1 2734 78 1987 77 9605 9604 2333 2332 9614 9613 9609 9610 2308 2307 104 105 9617 9612 9616 2334
1377 29 2 20 1 2672 2656 2655 1990 3821 3820 3266 3265 3421 3422 3418 3417 3419 3420 5562 5563 8355 7711 3425 7572
1378 29 2 20 1 2708 2746 2639 2640 9618 9619 5360 5359 6673 6672 8625 8626 5365 5366 5369 5370 9620 9621 9622 5372
1379 29 2 20 1 2734 78 1990 1987 9605 9604 2338 2337 7457 7458 9614 9613 2335 2336 2332 2333 9607 9617 9623 2339
1380 29 2 20 1 2602 2724 2781 2726 6757 6756 6755 6754 6753 6752 9624 9625 6420 6421 3947 3948 6764 9626 9627 9628
1381 29 2 20 1 2722 305 307 304 5210 5211 557 556 9629 9630 8462 8463 554 553 529 530 9631 9632 9633 558
1382 29 2 20 1 2788 2682 2606 2816 9138 9137 8022 8021 9200 9199 9139 9140 9296 9297 7547 7546 9634 9143 9635 9636
1383 29 2 20 1 2669 305 304 302 8634 8635 530 529 3380 3381 9637 9638 527 526 532 531 8641 9639 9640 533
1384 29 2 20 1 2722 1979 1981 1982 7111 7110 2250 2251 5214 5215 6879 6878 2255 2256 2254 2253 7154 9641 9642 2257
1385 29 2 20 1 2722 308 307 305 5799 5798 560 559 9629 9630 5211 5210 557 556 562 561 9643 8249 9631 563
1386 29 2 20 1 823 1342 2815 2774 9644 9645 7384 7383 6164 6163 5200 5201 6165 6166 7382 7381 9646 9647 6171 7389
1387 29 2 20 1 2678 2646 1350 2718 8119 8120 4596 4595 4055 4056 3842 3843 6101 6100 4136 4135 9648 9649 9650 9651
1388 29 2 20 1 2715 2602 2603 2716 8080 8079 2891 2890 3802 3803 3799 3798 3800 3801 6758 6759 8253 9652 3810 8695
1389 29 2 20 1 2735 1346 19 1349 5295 5294 1665 1664 4102 4101 5583 5584 1668 1667 1669 1670 6708 9653 5586 1671
1390 29 2 20 1 2667 2711 2712 2668 6747 6746 3759 3760 6744 6745 3368 3369 5693 5692 9654 9655 6750 9656 9657 9658
1391 29 2 20 1 321 319 318 2804 698 699 672 671 696 695 5700 5701 9659 9660 5702 5703 700 5706 9661 9662
1392 29 2 20 1 1970 1968 2606 1967 2139 2138 2986 2985 5935 5936 2133 2134 2917 2918 2114 2113 9663 2140 5941 2994
1393 29 2 20 1 307 2722 2743 2665 9629 9630 4794 4795 9664 9665 3993 3992 4797 4796 3880 3881 9666 9667 9668 4798
1394 29 2 20 1 2686 1979 2722 1982 4805 4806 7110 7111 3882 3883 6874 6875 6879 6878 2254 2253 7113 7318 6883 9641
1395 29 2 20 1 2715 2806 2781 1338 6721 6722 9669 9670 8083 8084 6723 6724 9671 9672 5862 5861 9673 6725 9674 9675
1396 29 2 20 1 1985 2703 1984 2636 3666 3667 9676 9677 2286 2285 3670 3671 7226 7225 3669 3668 9678 3676 7229 9679
1397 29 2 20 1 2683 2800 2718 1353 6047 6046 5529 5528 3840 3841 7912 7913 7943 7942 9680 9681 6050 9682 9683 9684
1398 29 2 20 1 2665 2765 2668 2705 4631 4630 4632 4633 3366 3367 7183 7182 5684 5685 4577 4578 4638 9685 9686 6869
1399 29 2 20 1 2650 2758 2726 1335 6733 6732 4486 4487 8740 8741 5069 5068 6423 6422 5855 5854 8745 6738 9687 9593
1400 29 2 20 1 2602 817 2650 2752 4907 4908 3241 3242 8077 8078 9688 9689 9690 9691 9692 9693 9694 9695 9696 9697
1401 29 2 20 1 2669 2737 305 302 9698 9699 5225 5224 8635 8634 9637 9638 532 531 9700 9701 9702 9703 9639 9704
1402 29 2 20 1 2737 1981 76 1984 5223 5222 2272 2273 8288 8287 4128 4129 2277 2278 2276 2275 8289 9705 9706 2279
1403 29 2 20 1 2744 1982 2722 1981 5454 5453 6879 6878 6876 6877 5457 5458 5214 5215 2256 2255 6881 5462 9707 9642
1404 29 2 20 1 2737 1984 1982 1981 4129 4128 2281 2280 4127 4126 5222 5223 2256 2255 2275 2276 4132 9705 5460 2282
1405 29 2 20 1 1338 1335 2781 2808 1557 1558 5070 5071 9672 9671 9708 9709 5907 5908 5914 5913 9710 9711 9712 5918
1406 29 2 20 1 2744 305 2722 304 8637 8636 5211 5210 6876 6877 6430 6431 8462 8463 529 530 9713 8643 8465 9632
1407 29 2 20 1 2744 1981 2722 305 5458 5457 5214 5215 6876 6877 8636 8637 5211 5210 5212 5213 9707 9597 9713 5216
1408 29 2 20 1 2678 2683 1353 1352 3836 3837 7913 7912 4058 4057 4059 4060 1705 1706 3751 3752 9714 9715 4062 7916
1409 29 2 20 1 2681 1982 1980 1979 7315 7314 2259 2258 5400 5401 4801 4802 2234 2233 2253 2254 9716 7317 5402 2260
1410 29 2 20 1 822 2603 2717 821 2894 2895 3807 3806 9717 9718 1046 1047 7370 7371 2888 2889 9719 2899 9720 7374
1411 29 2 20 1 2681 191 190 1983 3520 3521 215 214 4340 4339 3523 3522 2267 2266 2270 2269 4343 3527 9721 2271
1412 29 2 20 1 822 2717 2773 2774 9718 9717 7115 7116 4917 4916 4924 4925 4922 4923 5204 5205 9722 9723 4929 9724
1413 29 2 20 1 2681 1980 1982 1983 5401 5400 2258 2259 7314 7315 3523 3522 2263 2264 2262 2261 9716 9725 7396 2265
1414 29 2 20 1 2681 825 1980 190 4337 4338 7170 7169 5400 5401 4340 4339 2239 2240 1085 1084 7172 4342 9726 9727
1415 29 2 20 1 2681 190 1980 1983 4339 4340 2239 2240 5400 5401 3523 3522 2262 2261 2267 2266 9726 9721 9725 2268
1416 29 2 20 1 2628 1979 2765 2686 4807 4808 8037 8036 5508 5509 4810 4809 4635 4634 4805 4806 8038 4815 6577 8252
1417 29 2 20 1 2602 2724 2726 2706 6757 6756 3948 3947 9624 9625 9728 9729 6180 6179 6174 6173 9626 9730 9731 6182
1418 29 2 20 1 2636 2737 2703 1984 7223 7224 9732 9733 3668 3669 7225 7226 9677 9676 4128 4129 9734 7227 9679 9735
1419 29 2 20 1 2706 192 822 2707 7511 7512 1052 1051 3718 3717 3721 3722 3719 3720 3830 3831 9736 7515 3727 3832
1420 29 2 20 1 192 822 819 2706 1052 1051 1048 1049 1024 1025 7511 7512 8732 8731 3717 3718 1053 9736 9737 9738
1421 29 2 20 1 2602 2650 817 818 8078 8077 3242 3241 4908 4907 4911 4912 1009 1008 3236 3235 9694 9739 4914 3246
1422 29 2 20 1 2603 2681 2717 2686 6005 6006 7118 7117 3806 3807 7156 7155 7157 7158 4804 4803 7119 9740 7159 8096
1423 29 2 20 1 2603 2724 2602 2706 8691 8692 6756 6757 2891 2890 6463 6464 9728 9729 6174 6173 8694 9741 9742 9730
1424 29 2 20 1 2706 822 1983 191 3717 3718 3516 3517 5131 5130 3715 3716 2269 2270 1055 1054 9743 3725 9744 3524
1425 29 2 20 1 2602 817 2752 820 4907 4908 9693 9692 9688 9689 4909 4910 9745 9746 1032 1033 9695 4913 9747 9748
1426 29 2 20 1 1986 2707 2706 191 7513 7514 3721 3722 5135 5134 2296 2297 3715 3716 3724 3723 7516 9749 9750 3728
1427 29 2 20 1 191 1986 1983 2706 2296 2297 2292 2291 2270 2269 3716 3715 5130 5131 5135 5134 2298 9750 9744 5137
1428 29 2 20 1 2706 819 2602 822 8732 8731 9751 9752 9729 9728 3718 3717 2892 2893 1048 1049 9753 9738 9754 9755
1429 29 2 20 1 819 192 2706 1986 1024 1025 7512 7511 8732 8731 8201 8202 5134 5135 2300 2299 9737 9591 8737 7518
1430 29 2 20 1 2669 2725 2724 2703 4784 4785 3945 3946 9756 9757 9758 9759 3942 3941 3943 3944 9760 9761 9762 3953
1431 29 2 20 1 2737 76 305 302 8287 8288 535 534 5224 5225 9700 9701 532 531 507 508 9452 9763 9704 536
1432 29 2 20 1 2737 1984 76 302 4129 4128 2277 2278 8288 8287 9700 9701 507 508 8713 8712 9706 9764 9763 8715
1433 29 2 20 1 2669 305 2737 2744 8634 8635 5224 5225 9699 9698 8638 8639 5455 5456 8637 8636 9702 8640 9765 9596
1434 29 2 20 1 2683 2742 2800 1353 7612 7611 9766 9767 6046 6047 7912 7913 9680 9681 7911 7910 9768 7914 9682 9769
1435 29 2 20 1 2703 2725 2640 301 3943 3944 4481 4480 5367 5368 9770 9771 3685 3684 4776 4777 9772 9773 9774 9775
1436 29 2 20 1 2703 2640 2746 301 5368 5367 5369 5370 5361 5362 9770 9771 8708 8707 3685 3684 5374 9774 9776 8711
1437 29 2 20 1 2703 1984 2737 302 9676 9677 4128 4129 9732 9733 9777 9778 9700 9701 8713 8712 9735 9779 9780 9764
1438 29 2 20 1 2679 300 303 15 3500 3499 516 515 6871 6870 9539 9540 513 514 510 511 9781 9542 9782 517
1439 29 2 20 1 2679 303 1337 15 6870 6871 4620 4621 9783 9784 9539 9540 1547 1548 513 514 9785 9782 9786 8020
1440 29 2 20 1 2725 2781 2724 2726 6417 6416 6754 6755 3946 3945 3949 3950 3947 3948 6420 6421 9787 6425 3955 9628
1441 29 2 20 1 2637 2638 1988 1985 3143 3144 6679 6678 9484 9483 5878 5879 2313 2314 3673 3672 9788 8214 9789 9790
1442 29 2 20 1 2669 2725 2703 301 4784 4785 3944 3943 9758 9759 3378 3379 9770 9771 4776 4777 9761 4787 9791 9773
1443 29 2 20 1 2703 2746 1984 302 5362 5361 5844 5843 9677 9676 9777 9778 8713 8712 4294 4295 9792 9793 9779 8714
1444 29 2 20 1 2725 2781 2679 2724 6417 6416 5909 5910 4779 4778 3946 3945 9794 9795 6755 6754 8738 9787 9796 9797
1445 29 2 20 1 15 1334 2679 14 1544 1545 3496 3495 9540 9539 36 37 3501 3502 1517 1518 9798 1546 9541 3504
1446 29 2 20 1 2725 300 2679 1334 4185 4184 3499 3500 4779 4778 4186 4187 3496 3495 3497 3498 9517 4192 9799 3503
1447 29 2 20 1 2715 1339 1336 2806 4379 4380 1565 1566 4385 4386 6722 6721 5865 5866 5863 5864 4390 6726 9800 5869
1448 29 2 20 1 2755 2716 2743 304 8137 8136 4220 4221 4415 4416 8131 8130 6428 6429 6432 6433 9801 8139 9802 6434
1449 29 2 20 1 130 2752 131 1339 5608 5609 9803 9804 153 152 1568 1569 1571 1572 4381 4382 9805 5611 1573 9806
1450 29 2 20 1 1336 2781 2715 2806 5072 5073 8083 8084 4386 4385 5865 5866 6722 6721 9669 9670 9807 9808 9800 9673
1451 29 2 20 1 2752 131 820 817 9803 9804 1030 1031 9745 9746 9693 9692 1033 1032 1028 1027 9809 9810 9748 1034
1452 29 2 20 1 2752 820 131 1339 9746 9745 1031 1030 9804 9803 4381 4382 1571 1572 9811 9812 9809 9813 9806 9814
1453 29 2 20 1 2683 2800 2742 2685 6047 6046 9767 9766 7611 7612 3547 3548 9815 9816 9817 9818 9768 9819 9820 9821
1454 29 2 20 1 2752 130 131 817 5609 5608 152 153 9804 9803 9693 9692 1028 1027 1001 1000 9805 9822 9810 1029
1455 29 2 20 1 2749 2717 2756 2815 5197 5196 7007 7008 9823 9824 7385 7386 7498 7497 7933 7932 9825 7934 9826 9827
1456 29 2 20 1 2628 2686 2687 2717 4809 4810 3555 3556 4456 4455 5804 5803 5805 5806 7158 7157 6578 7858 5813 7308
1457 29 2 20 1 2815 1342 132 131 7383 7384 1601 1602 6861 6860 6859 6858 154 155 1599 1598 9828 9829 6864 1603
1458 29 2 20 1 2774 2717 2773 824 5204 5205 7115 7116 4923 4922 4921 4920 4919 4918 5811 5812 9724 9830 4928 9831
1459 29 2 20 1 2755 2724 2781 2716 8135 8134 6755 6754 9832 9833 8136 8137 6762 6763 6760 6761 9834 8140 9835 6767
1460 29 2 20 1 2815 1342 131 1339 7383 7384 1598 1599 6859 6858 7500 7499 1571 1572 1596 1595 9829 7506 9836 1600
1461 29 2 20 1 2815 131 820 1339 6858 6859 1030 1031 6162 6161 7500 7499 9811 9812 1571 1572 6863 9836 9837 9814
1462 29 2 20 1 2650 2602 2752 2715 8077 8078 9689 9688 9690 9691 8081 8082 4384 4383 8080 8079 9696 8085 9838 9839
1463 29 2 20 1 2755 2716 2715 2756 8137 8136 3799 3798 9840 9841 4421 4422 7162 7163 9842 9843 9844 9845 9846 9847
1464 29 2 20 1 2756 1339 1341 1342 7165 7164 1591 1590 5835 5836 7501 7502 1594 1593 1595 1596 9848 7505 9849 1597
1465 29 2 20 1 2755 2679 2781 2724 9850 9851 5910 5909 9832 9833 8134 8135 6755 6754 9794 9795 9852 9853 9834 9797
1466 29 2 20 1 823 2717 824 2749 5194 5195 5812 5811 1069 1068 5198 5199 9854 9855 5197 5196 9856 5206 9857 9858
1467 29 2 20 1 2715 820 2752 1339 9471 9470 9745 9746 4383 4384 4380 4379 4381 4382 9811 9812 9859 9860 4389 9813
1468 29 2 20 1 2715 2756 2815 1339 7163 7162 7497 7498 9861 9862 4380 4379 7500 7499 7164 7165 9863 7167 9864 7503
1469 29 2 20 1 2715 2774 821 820 9865 9866 9867 9868 7368 7369 9470 9471 1038 1039 6168 6167 9869 9870 9473 9871
1470 29 2 20 1 2681 822 1983 2603 3518 3519 3516 3517 3523 3522 6005 6006 7392 7391 2895 2894 3525 6011 7394 9872
1471 29 2 20 1 824 821 2774 823 1070 1071 9868 9867 4920 4921 1068 1069 5201 5200 1065 1066 9873 1072 9874 9875
1472 29 2 20 1 1985 1987 1984 2746 2310 2311 2306 2305 2286 2285 8439 8438 5844 5843 5841 5842 2312 9876 9877 5845
1473 29 2 20 1 2760 17 16 306 7936 7937 41 40 5753 5752 5756 5757 544 543 571 570 7939 9878 5761 572
1474 29 2 20 1 2754 16 15 303 4665 4664 39 38 7585 7586 4616 4617 514 513 541 540 7587 9879 8019 542
1475 29 2 20 1 2760 1341 1340 1343 4535 4534 1586 1585 5754 5755 4533 4532 1609 1610 1612 1613 6813 4540 9880 1614
1476 29 2 20 1 2760 309 1343 17 9881 9882 9883 9884 4533 4532 7937 7936 1607 1608 573 574 9885 9886 9887 9888
1477 29 2 20 1 2760 306 309 17 5757 5756 576 575 9882 9881 7937 7936 573 574 570 571 9889 9878 9886 577
1478 29 2 20 1 2760 1340 17 1343 5755 5754 1605 1604 7937 7936 4533 4532 1608 1607 1609 1610 7938 9880 9887 1611
1479 29 2 20 1 2705 74 1975 73 9890 9891 2213 2212 4585 4586 9892 9893 2188 2187 96 97 9894 9895 9896 2214
1480 29 2 20 1 73 2764 2705 311 5951 5952 4575 4576 9893 9892 597 598 3698 3697 5949 5950 9897 5955 9898 9899
1481 29 2 20 1 307 309 2667 306 579 578 9900 9901 9902 9903 551 552 9904 9905 576 575 9906 580 9907 9908
1482 29 2 20 1 2705 1978 74 308 7137 7136 2217 2218 9891 9890 3702 3701 567 568 5796 5797 9909 9910 9911 8398
1483 29 2 20 1 2814 1350 2718 1351 6099 6098 6100 6101 6096 6097 6773 6772 6771 6770 1684 1683 6104 9912 6778 9913
1484 29 2 20 1 2705 1978 1976 1975 7137 7136 2221 2220 7135 7134 4585 4586 2196 2195 2215 2216 7140 9914 9915 2222
1485 29 2 20 1 2665 2667 2666 307 3365 3364 3363 3362 3361 3360 3992 3993 9916 9917 9903 9902 3372 9918 9919 9920
1486 29 2 20 1 2846 2628 827 2840 9921 9922 3056 3055 9923 9924 9925 9926 8073 8072 8071 8070 9927 9928 9929 8076
1487 29 2 20 1 2705 1975 74 1978 4586 4585 2212 2213 9891 9890 7136 7137 2217 2218 2216 2215 9894 9914 9909 2219
1488 29 2 20 1 2765 1976 2705 1979 7220 7219 7135 7134 4577 4578 8037 8036 7138 7139 2224 2223 9930 8039 9931 7141
1489 29 2 20 1 2765 1975 2705 1976 4584 4583 4585 4586 4577 4578 7219 7220 7135 7134 2195 2196 4590 8491 9930 9915
1490 29 2 20 1 310 307 309 2667 583 584 579 578 581 582 9932 9933 9901 9900 9902 9903 585 9934 9935 9906
1491 29 2 20 1 2762 312 2739 1346 4551 4550 4552 4553 4544 4545 7446 7447 6029 6030 5297 5296 4557 7449 7637 7100
1492 29 2 20 1 2770 2738 830 829 9936 9937 8589 8590 7801 7802 7790 7789 1128 1129 9938 9939 9940 9941 9942 9943
1493 29 2 20 1 2712 2713 2711 1343 3766 3765 3767 3768 3759 3760 9944 9945 4528 4529 9946 9947 3772 9948 9949 9950
1494 29 2 20 1 2712 1343 2711 2760 9945 9944 4528 4529 3759 3760 6742 6743 4531 4530 4532 4533 9949 9951 6751 4538
1495 29 2 20 1 313 2739 2735 2622 7411 7412 6023 6024 5497 5496 3016 3015 5498 5499 7414 7413 9952 7415 5504 9953
1496 29 2 20 1 2712 1343 2760 309 9945 9944 4533 4532 6742 6743 8579 8580 9882 9881 9883 9884 9951 9954 9955 9885
1497 29 2 20 1 2665 2728 2668 2667 3994 3995 9956 9957 3366 3367 3364 3365 3369 3368 9958 9959 9960 9961 3374 9962
1498 29 2 20 1 311 74 2705 73 594 595 9891 9890 3697 3698 598 597 9892 9893 96 97 9963 599 9898 9895
1499 29 2 20 1 2761 313 2739 312 9964 9965 7411 7412 4543 4542 4548 4549 4552 4553 611 612 9966 9967 4555 9968
1500 29 2 20 1 2666 2749 2686 2717 4323 4324 7304 7303 3554 3553 7005 7006 7158 7157 5196 5197 9969 9970 9971 7307
1501 29 2 20 1 2808 1338 2755 2781 9708 9709 9972 9973 9974 9975 5908 5907 9832 9833 9672 9671 9976 9712 9977 9978
1502 29 2 20 1 2711 2795 2749 1342 9979 9980 9981 9982 4325 4326 7309 7310 7380 7379 9983 9984 9985 9986 9987 9988
1503 29 2 20 1 2711 2795 1342 1345 9979 9980 9984 9983 7309 7310 9989 9990 1625 1626 9991 9992 9986 9993 9994 9995
1504 29 2 20 1 2759 2749 2711 2795 4500 4499 4325 4326 4502 4501 9996 9997 9980 9979 9981 9982 4505 9998 9999 9985
1505 29 2 20 1 2666 2686 2743 2717 3553 3554 4215 4214 5113 5114 7005 7006 7009 7010 7158 7157 7525 9971 7011 7410
1506 29 2 20 1 2796 826 824 823 10000 10001 1095 1096 8143 8142 5419 5420 1068 1069 1093 1092 10002 10003 8146 1097
1507 29 2 20 1 2846 2628 828 827 9921 9922 3050 3049 10004 10005 9923 9924 1106 1107 3055 3056 10006 9927 10007 3060
1508 29 2 20 1 189 1980 2628 2846 2236 2237 5398 5399 10008 10009 10010 10011 9921 9922 10012 10013 10014 10015 10016 10017
1509 29 2 20 1 2628 828 189 2846 3050 3049 1114 1115 10009 10008 9921 9922 10010 10011 10005 10004 10018 10006 10016 10019
1510 29 2 20 1 189 1980 1977 2628 2236 2237 2232 2231 2210 2209 10008 10009 5513 5512 5399 5398 2238 10014 10020 6004
1511 29 2 20 1 2846 190 825 828 10021 10022 1085 1084 10023 10024 10004 10005 1108 1109 1111 1112 10025 10026 10027 1113
1512 29 2 20 1 2790 2692 2738 2624 7442 7441 8293 8294 8587 8588 5284 5285 4161 4162 8698 8699 8593 8799 10028 10029
1513 29 2 20 1 827 824 2796 826 1100 1101 8143 8142 8404 8403 1098 1099 10001 10000 1095 1096 8405 1102 10030 10002
1514 29 2 20 1 2628 828 1977 189 3050 3049 7231 7230 5512 5513 10009 10008 2209 2210 1115 1114 10031 10018 10020 10032
1515 29 2 20 1 2846 189 190 828 10010 10011 212 213 10022 10021 10004 10005 1111 1112 1114 1115 10033 10019 10026 1116
1516 29 2 20 1 2846 1980 2628 825 10012 10013 5398 5399 9922 9921 10023 10024 5958 5957 7170 7169 10017 10034 10035 7171
1517 29 2 20 1 2846 190 1980 825 10021 10022 2239 2240 10013 10012 10023 10024 7170 7169 1084 1085 10036 10025 10034 9727
1518 29 2 20 1 2846 189 1980 190 10010 10011 2236 2237 10013 10012 10022 10021 2239 2240 213 212 10015 10033 10036 2241
1519 29 2 20 1 2749 2815 2756 1342 7386 7385 7498 7497 9823 9824 7380 7379 7501 7502 7384 7383 9826 7390 10037 7504
1520 29 2 20 1 2795 133 1345 826 10038 10039 1632 1631 9991 9992 10040 10041 10042 10043 1091 1090 10044 10045 10046 10047
1521 29 2 20 1 2795 823 133 826 5417 5418 1088 1087 10039 10038 10040 10041 1091 1090 1092 1093 10048 10049 10045 1094
1522 29 2 20 1 2795 132 1342 1345 10050 10051 1602 1601 9983 9984 9991 9992 1625 1626 1628 1629 10052 10053 9995 1630
1523 29 2 20 1 2795 1342 132 823 9984 9983 1601 1602 10051 10050 5418 5417 1061 1060 9644 9645 10052 10054 10055 10056
1524 29 2 20 1 2795 133 823 132 10038 10039 1087 1088 5418 5417 10051 10050 1060 1061 156 157 10048 10057 10055 1089
1525 29 2 20 1 2795 1345 133 132 9992 9991 1631 1632 10039 10038 10051 10050 156 157 1629 1628 10044 10053 10057 1633
1526 29 2 20 1 2762 2739 2818 1347 4545 4544 8112 8113 7984 7983 7634 7635 7982 7981 7633 7632 10058 7636 7989 10059
1527 29 2 20 1 2803 826 134 829 5680 5679 1118 1117 5675 5676 10060 10061 1121 1120 1122 1123 5682 10062 10063 1124
1528 29 2 20 1 2627 2798 1976 1977 10064 10065 5468 5467 10066 10067 5510 5511 2203 2204 5466 5465 10068 10069 10070 5471
1529 29 2 20 1 2803 1348 133 1345 10071 10072 1658 1659 5678 5677 8105 8104 1631 1632 1656 1655 10073 10074 10075 1660
1530 29 2 20 1 2803 1345 133 826 8104 8105 1631 1632 5678 5677 5679 5680 1091 1090 10042 10043 10075 10076 5683 10047
1531 29 2 20 1 2803 1348 134 133 10071 10072 1661 1662 5675 5676 5678 5677 158 159 1659 1658 10077 10073 5681 1663
1532 29 2 20 1 2835 2713 2818 2759 10078 10079 6234 6235 10080 10081 10082 10083 6233 6232 5406 5405 10084 10085 10086 6238
1533 29 2 20 1 1347 1344 2762 1346 1647 1648 7986 7985 7635 7634 1645 1646 7446 7447 1642 1643 7988 1649 7638 10087
1534 29 2 20 1 2805 2738 2739 1347 7616 7615 4155 4156 5823 5824 8308 8307 7633 7632 10088 10089 10090 10091 8551 10092
1535 29 2 20 1 2770 2738 2835 2713 9936 9937 10093 10094 7793 7794 10095 10096 10079 10078 4159 4160 10097 10098 10099 10100
1536 29 2 20 1 2770 830 831 828 7802 7801 1136 1137 8282 8283 7232 7233 1139 1138 1134 1133 8286 7804 10101 1140
1537 29 2 20 1 2770 2790 2627 1977 5281 5280 5283 5282 4755 4754 7235 7234 5510 5511 10102 10103 5290 10104 10105 10106
1538 29 2 20 1 188 2790 2641 1974 10107 10108 8570 8571 3168 3169 2180 2179 3171 3170 10109 10110 10111 10112 3174 10113
1539 29 2 20 1 1977 2627 2798 2790 5510 5511 10064 10065 5465 5466 10103 10102 10114 10115 5283 5282 10069 10106 10116 10117
1540 29 2 20 1 2641 828 831 189 7238 7239 1139 1138 8572 8573 10118 10119 1142 1141 1115 1114 10120 10121 10122 1143
1541 29 2 20 1 2641 1977 828 189 3166 3167 7230 7231 7239 7238 10118 10119 1115 1114 2209 2210 7241 10123 10121 10032
1542 29 2 20 1 2641 831 188 189 8573 8572 1144 1145 3169 3168 10118 10119 211 210 1142 1141 10124 10122 10125 1146
1543 29 2 20 1 1975 1972 2786 73 2186 2185 6798 6797 10126 10127 2188 2187 5230 5229 2183 2182 10128 2189 10129 10130
1544 29 2 20 1 1344 1346 1343 2762 1643 1642 1639 1640 1615 1616 7985 7986 10131 10132 7447 7446 1644 10087 10133 10134
1545 29 2 20 1 2818 2713 2762 1344 6235 6234 7642 7643 7983 7984 6236 6237 7986 7985 5409 5410 10135 6240 7990 10136
1546 29 2 20 1 2762 1344 2713 1343 7985 7986 5409 5410 7642 7643 10132 10131 9946 9947 1615 1616 10136 10133 10137 10138
1547 29 2 20 1 2622 313 2623 314 3016 3015 3014 3013 3012 3011 10139 10140 6803 6804 620 619 3023 10141 10142 10143
1548 29 2 20 1 2762 18 1343 17 7267 7268 1634 1635 10132 10131 8278 8279 1607 1608 42 43 10144 8280 10145 1636
1549 29 2 20 1 73 2764 1975 2705 5951 5952 4582 4581 2187 2188 9893 9892 4586 4585 4576 4575 10146 9897 9896 4588
1550 29 2 20 1 2762 17 1343 309 8279 8278 1607 1608 10132 10131 7269 7270 9883 9884 574 573 10145 8281 10147 9888
1551 29 2 20 1 2764 1975 2786 73 4582 4581 10127 10126 5946 5945 5951 5952 5230 5229 2188 2187 10148 10146 5954 10129
1552 29 2 20 1 2835 2759 2818 2803 10083 10082 6233 6232 10080 10081 10149 10150 8102 8103 8106 8107 10086 10151 10152 8109
1553 29 2 20 1 835 2832 2714 832 6950 6949 10153 10154 3782 3783 1183 1182 3784 3785 10155 10156 10157 10158 3788 10159
1554 29 2 20 1 307 310 2728 2667 584 583 7508 7507 3990 3991 9902 9903 9958 9959 9932 9933 7509 9934 10160 10161
1555 29 2 20 1 2712 2762 1343 309 8578 8577 10131 10132 9944 9945 8579 8580 9883 9884 7269 7270 10162 8584 9954 10147
1556 29 2 20 1 2711 1342 1344 1345 7310 7309 1621 1620 5411 5412 9989 9990 1624 1623 1625 1626 7311 9994 10163 1627
1557 29 2 20 1 2711 1342 2749 1341 7310 7309 7380 7379 4325 4326 4536 4537 10164 10165 1593 1594 9987 7313 10166 10167
1558 29 2 20 1 1972 73 72 2786 2182 2183 95 94 2158 2157 6797 6798 5232 5231 5229 5230 2184 10130 10168 5235
1559 29 2 20 1 2843 1974 188 187 8875 8876 2180 2179 9154 9155 10169 10170 208 209 2176 2177 10171 10172 10173 2181
1560 29 2 20 1 2762 312 309 310 4551 4550 605 606 7269 7270 6039 6038 582 581 609 608 7273 6041 8582 610
1561 29 2 20 1 2762 1343 18 1346 10131 10132 1635 1634 7268 7267 7446 7447 1638 1637 1639 1640 10144 10134 7448 1641
1562 29 2 20 1 2712 1343 2762 2713 9945 9944 10132 10131 8577 8578 3765 3766 7642 7643 9947 9946 10162 9948 10174 10137
1563 29 2 20 1 2761 2624 2713 2739 10175 10176 4163 4164 7641 7640 4543 4542 4157 4158 4166 4165 10177 10178 7645 4170
1564 29 2 20 1 2770 2713 2835 2759 10096 10095 10079 10078 7793 7794 4752 4753 10082 10083 5406 5405 10099 10179 10180 10085
1565 29 2 20 1 2805 2738 2624 2739 7616 7615 4162 4161 5818 5817 5823 5824 4166 4165 4156 4155 10181 10090 5828 4168
1566 29 2 20 1 2805 2645 2814 1350 5822 5821 10182 10183 7618 7617 8305 8306 6098 6099 4591 4592 10184 10185 10186 10187
1567 29 2 20 1 2787 1356 2597 1358 6278 6277 6714 6713 6412 6411 7101 7102 4431 4432 1762 1763 6719 7105 10188 8718
1568 29 2 20 1 2738 1347 2805 1348 10089 10088 8308 8307 7616 7615 7621 7622 7625 7626 1654 1653 10091 10189 7628 8311
1569 29 2 20 1 2645 2738 2805 2814 10190 10191 7615 7616 5822 5821 10183 10182 7618 7617 7619 7620 10192 10193 10184 7627
1570 29 2 20 1 2692 2738 2841 830 8293 8294 8296 8295 8297 8298 8586 8585 10194 10195 8590 8589 8303 8592 10196 10197
1571 29 2 20 1 2788 2606 2682 2649 9199 9200 8021 8022 9137 9138 5256 5257 3531 3530 7052 7053 9634 9336 10198 10199
1572 29 2 20 1 2693 2649 2647 316 5254 5255 3230 3229 5260 5261 6780 6781 7903 7904 7901 7902 5265 10200 10201 7908
1573 29 2 20 1 2822 839 841 842 10202 10203 1246 1245 8758 8757 10204 10205 1249 1248 1250 1251 10206 10207 10208 1252
1574 29 2 20 1 829 2831 832 135 10209 10210 8481 8480 1152 1153 1147 1148 1150 1151 6902 6901 10211 10212 1154 8489
1575 29 2 20 1 2682 2832 833 832 7544 7545 10213 10214 10215 10216 8518 8517 1158 1159 10155 10156 10217 10218 10219 10220
1576 29 2 20 1 2692 2841 832 833 8298 8297 10221 10222 8513 8514 10223 10224 1159 1158 10225 10226 10227 10228 10229 10230
1577 29 2 20 1 2645 2647 2814 1350 3212 3211 6095 6094 10183 10182 4591 4592 6098 6099 4593 4594 10231 4598 10187 6103
1578 29 2 20 1 2814 2831 832 2841 10232 10233 8481 8480 9244 9243 8299 8300 10221 10222 10234 10235 10236 10237 10238 10239
1579 29 2 20 1 1351 1353 1350 2718 1711 1710 1707 1708 1683 1684 6770 6771 6101 6100 7942 7943 1712 7945 9913 10240
1580 29 2 20 1 1350 1348 2814 2805 1680 1681 7623 7624 6099 6098 8306 8305 7617 7618 7626 7625 10241 8310 10186 7630
1581 29 2 20 1 2738 2818 2739 1347 8115 8114 8113 8112 4156 4155 10088 10089 7633 7632 7982 7981 8116 10242 10092 10059
1582 29 2 20 1 832 2692 2814 2841 8513 8514 8292 8291 9243 9244 10221 10222 8299 8300 8297 8298 9245 10227 10238 8304
1583 29 2 20 1 2814 2831 2714 832 10232 10233 8482 8483 6775 6774 9244 9243 3784 3785 8480 8481 10243 10236 9246 8486
1584 29 2 20 1 2831 832 830 829 8481 8480 1155 1156 10244 10245 10209 10210 1128 1129 1153 1152 10246 10211 10247 1157
1585 29 2 20 1 832 830 2841 2831 1155 1156 10194 10195 10221 10222 8481 8480 10235 10234 10245 10244 10248 10246 10239 10249
1586 29 2 20 1 135 829 2831 134 1147 1148 10209 10210 6901 6902 160 161 6903 6904 1120 1121 10212 1149 6907 10250
1587 29 2 20 1 830 2841 833 832 10194 10195 10226 10225 1160 1161 1155 1156 1158 1159 10222 10221 10251 10248 1162 10230
1588 29 2 20 1 2714 2800 1354 1353 5525 5524 10252 10253 10254 10255 7941 7940 1713 1714 9680 9681 10256 10257 10258 10259
1589 29 2 20 1 2785 2843 2692 2790 9062 9063 9129 9130 10260 10261 7665 7666 7442 7441 9061 9060 10262 9066 10263 10264
1590 29 2 20 1 2648 2678 2718 2646 3834 3835 3843 3842 3838 3839 3225 3226 4135 4136 8120 8119 3845 10265 4139 9649
1591 29 2 20 1 2738 2831 829 1348 10266 10267 10210 10209 9938 9939 7621 7622 10268 10269 10270 10271 10272 10273 10274 10275
1592 29 2 20 1 2738 2841 830 2831 8296 8295 10195 10194 8590 8589 10267 10266 10245 10244 10235 10234 10197 10276 10277 10249
1593 29 2 20 1 2770 2790 1977 2641 5281 5280 10103 10102 7235 7234 7236 7237 3166 3167 8571 8570 10104 8574 7242 10278
1594 29 2 20 1 1354 2714 136 835 10254 10255 3787 3786 1722 1721 10279 10280 1181 1180 3783 3782 10281 10282 10283 3789
1595 29 2 20 1 830 2738 2831 829 8590 8589 10266 10267 10245 10244 1128 1129 10209 10210 9938 9939 10277 9943 10247 10272
1596 29 2 20 1 1351 135 1354 2714 1691 1692 1719 1718 1715 1716 6769 6768 10255 10254 8485 8484 1720 10284 10285 10286
1597 29 2 20 1 835 2714 2800 1354 3783 3782 5525 5524 6947 6948 10280 10279 10253 10252 10254 10255 10287 10282 10288 10256
1598 29 2 20 1 2648 2684 2719 2685 3542 3541 10289 10290 4723 4722 3543 3544 3854 3855 3545 3546 10291 3551 4727 10292
1599 29 2 20 1 2714 832 135 136 3785 3784 1151 1150 8484 8485 3786 3787 163 162 1177 1178 8487 3790 10293 1179
1600 29 2 20 1 2841 2738 2814 2831 8295 8296 7620 7619 8300 8299 10235 10234 10233 10232 10267 10266 8302 10276 10237 10294
1601 29 2 20 1 2718 2646 1350 2647 4136 4135 4596 4595 6100 6101 4137 4138 4594 4593 3215 3216 9651 4141 6105 4599
1602 29 2 20 1 2757 322 2619 323 4468 4469 4464 4465 4473 4472 10295 10296 6969 6968 710 709 4475 10297 10298 10299
1603 29 2 20 1 2809 843 185 2701 10300 10301 1261 1262 5930 5931 8768 8767 7838 7839 3653 3652 10302 10303 8769 10304
1604 29 2 20 1 2788 2816 2606 2618 9140 9139 9296 9297 9200 9199 10305 10306 2983 2984 9294 9295 9635 10307 10308 9302
1605 29 2 20 1 2693 2647 2622 316 5261 5260 3213 3214 8152 8151 6780 6781 10309 10310 7903 7904 10311 10201 10312 10313
1606 29 2 20 1 2787 1356 2753 1357 6278 6277 10314 10315 7473 7474 6281 6282 4405 4404 1744 1743 10316 6286 8563 10317
1607 29 2 20 1 2832 835 836 833 6949 6950 1188 1189 7541 7540 10214 10213 1191 1190 1186 1185 9149 10318 10319 1192
1608 29 2 20 1 2695 137 835 2833 6929 6928 1207 1208 8539 8538 10320 10321 10322 10323 7067 7066 10324 10325 10326 10327
1609 29 2 20 1 2678 1349 20 1352 3489 3488 1695 1694 3487 3486 4059 4060 1698 1697 1699 1700 3492 4213 10328 1701
1610 29 2 20 1 2678 2646 1349 1350 8119 8120 10329 10330 3488 3489 4055 4056 1676 1675 4595 4596 10331 9648 4212 10332
1611 29 2 20 1 2648 2823 2646 316 8269 8268 8122 8121 3225 3226 8265 8264 7905 7906 6513 6512 10333 8273 10334 8125
1612 29 2 20 1 2605 2621 2747 2685 3002 3001 4309 4310 4307 4308 3852 3853 10335 10336 10337 10338 4312 10339 10340 10341
1613 29 2 20 1 2678 1352 20 318 4060 4059 1698 1697 3487 3486 6519 6518 664 663 3339 3338 10328 10342 10343 3343
1614 29 2 20 1 2678 318 20 315 6518 6519 664 663 3487 3486 5604 5605 661 660 666 665 10343 6831 7526 667
1615 29 2 20 1 2797 319 2719 320 5446 5445 7530 7529 7528 7527 5647 5648 10344 10345 680 679 7533 5649 10346 10347
1616 29 2 20 1 2660 2789 2822 842 10348 10349 10350 10351 10352 10353 6991 6992 10204 10205 10354 10355 10356 10357 10358 10359
1617 29 2 20 1 2790 2691 1973 2652 7437 7438 10360 10361 6255 6256 7439 7440 3251 3252 3589 3590 10362 7443 10363 10364
1618 29 2 20 1 839 837 2817 2694 1223 1224 8913 8914 7430 7429 3599 3600 10365 10366 8446 8445 10367 10368 10369 10370
1619 29 2 20 1 1351 135 2714 2831 1691 1692 8484 8485 6769 6768 6906 6905 8482 8483 6901 6902 10284 6908 10371 8488
1620 29 2 20 1 2653 314 317 316 10372 10373 652 651 6241 6242 6785 6784 649 650 646 647 10374 10375 6790 653
1621 29 2 20 1 2843 1971 1974 187 8871 8872 2171 2172 8876 8875 10169 10170 2176 2177 2149 2150 8877 10376 10172 2178
1622 29 2 20 1 2629 2618 2817 837 5535 5534 6223 6224 6228 6227 8182 8181 8913 8914 8448 8447 6230 9026 8916 10377
1623 29 2 20 1 2710 2761 2713 2712 10378 10379 7640 7641 3763 3764 3761 3762 3766 3765 10380 10381 10382 10383 3771 10384
1624 29 2 20 1 2788 2647 2649 2682 5259 5258 3229 3230 5256 5257 9137 9138 3530 3531 3533 3532 5264 10385 10198 3536
1625 29 2 20 1 186 2837 2788 837 8557 8558 7968 7969 10386 10387 1204 1205 10388 10389 7927 7928 10390 10391 10392 10393
1626 29 2 20 1 1967 2629 1968 2618 3061 3062 8186 8185 2113 2114 2990 2989 2988 2987 5534 5535 10394 6899 2993 9028
1627 29 2 20 1 186 187 2837 837 206 207 8275 8274 8558 8557 1204 1205 7927 7928 1201 1202 8560 1206 10391 8277
1628 29 2 20 1 2794 1966 71 1969 5394 5393 2122 2123 5488 5487 5390 5389 2127 2128 2126 2125 5780 5396 10395 2129
1629 29 2 20 1 21 2813 321 2662 6085 6086 6853 6852 694 693 5789 5790 6851 6850 6088 6087 7060 6091 10396 6856
1630 29 2 20 1 2662 21 20 318 5789 5790 49 48 3334 3335 3333 3332 664 663 691 690 6043 10397 3340 692
1631 29 2 20 1 2788 2693 2652 1970 5252 5253 3592 3591 7276 7275 9197 9198 3249 3250 10398 10399 7279 10400 10401 10402
1632 29 2 20 1 1973 1970 2653 1972 2164 2163 3258 3257 3253 3254 2166 2165 10403 10404 2161 2160 3260 2167 10405 10406
1633 29 2 20 1 2794 1969 71 317 5389 5390 2127 2128 5488 5487 7890 7889 657 658 7122 7123 10395 10407 10408 7125
1634 29 2 20 1 2794 317 71 320 7889 7890 657 658 5488 5487 5491 5492 684 685 681 682 10408 7891 5494 686
1635 29 2 20 1 187 834 2843 2837 1175 1174 9152 9153 10170 10169 8274 8275 9050 9049 7925 7926 10409 8276 10410 10411
1636 29 2 20 1 187 834 188 2843 1175 1174 1171 1172 209 208 10170 10169 9155 9154 9153 9152 1176 10409 10173 9158
1637 29 2 20 1 2710 2713 2627 2759 3764 3763 10412 10413 5658 5659 5657 5656 4751 4750 5406 5405 10414 10415 5662 10416
1638 29 2 20 1 2790 2738 2770 2624 8588 8587 9937 9936 5281 5280 5284 5285 5288 5289 4161 4162 10417 10028 5291 10418
1639 29 2 20 1 831 834 2785 2843 1169 1168 8567 8566 5181 5182 9065 9064 9063 9062 9153 9152 8568 9156 9068 10419
1640 29 2 20 1 2710 2627 2764 2765 5659 5658 6697 6696 10420 10421 10422 10423 4579 4580 5507 5506 10424 10425 10426 10427
1641 29 2 20 1 2738 2645 2692 2814 10191 10190 6885 6884 8293 8294 7619 7620 8291 8292 10183 10182 10428 10193 8301 10429
1642 29 2 20 1 2693 317 2649 316 6782 6783 10430 10431 5255 5254 6780 6781 7901 7902 649 650 10432 6788 10200 10433
1643 29 2 20 1 2790 830 2770 2738 7668 7667 7801 7802 5281 5280 8587 8588 9937 9936 8589 8590 8284 8594 10417 9940
1644 29 2 20 1 2819 2627 2790 2798 6702 6703 5282 5283 6246 6245 10434 10435 10115 10114 10065 10064 10436 10437 10438 10117
1645 29 2 20 1 2653 314 316 2622 10372 10373 647 646 6785 6784 7074 7073 10310 10309 10140 10139 10375 10439 10440 10441
1646 29 2 20 1 2653 1969 72 1972 3616 3615 2152 2153 3614 3613 10403 10404 2157 2158 2156 2155 3619 10442 10443 2159
1647 29 2 20 1 2653 2623 1973 1972 7080 7079 10444 10445 3254 3253 10403 10404 2166 2165 6799 6800 10446 10447 10405 10448
1648 29 2 20 1 2691 2693 2647 2622 3588 3587 5261 5260 6840 6839 7075 7076 3214 3213 8152 8151 6843 8153 10449 10311
1649 29 2 20 1 2622 2647 2646 316 3214 3213 3215 3216 3207 3208 10309 10310 7905 7906 7903 7904 3220 10313 10450 7909
1650 29 2 20 1 2653 72 317 314 3613 3614 655 654 6241 6242 10373 10372 652 651 627 628 6243 10451 10374 656
1651 29 2 20 1 2653 1972 72 314 10404 10403 2157 2158 3614 3613 10373 10372 627 628 6805 6806 10443 10452 10451 10453
1652 29 2 20 1 2688 2658 2613 2689 3901 3900 3899 3898 3897 3896 3568 3567 8361 8362 8359 8360 3906 10454 10455 8364
1653 29 2 20 1 2721 1838 1841 172 5588 5589 1897 1896 5592 5593 7349 7350 1900 1899 1873 1872 5595 8324 10456 1901
1654 29 2 20 1 2689 264 1958 265 5141 5142 2013 2014 5147 5148 4519 4520 2018 2019 271 270 5152 5601 7869 2020
1655 29 2 20 1 2740 254 139 1363 4172 4171 1832 1833 8606 8605 4175 4176 1811 1812 1830 1829 10457 4179 10458 1834
1656 29 2 20 1 310 2786 311 2764 10459 10460 5947 5948 590 589 10461 10462 5950 5949 5945 5946 10463 10464 10465 5953
1657 29 2 20 1 2740 6 1838 172 4712 4713 1870 1869 5764 5765 4715 4714 1873 1872 176 175 10466 4718 8325 1874
1658 29 2 20 1 2740 1363 139 844 4176 4175 1811 1812 8606 8605 4711 4710 1271 1270 6940 6941 10458 6944 8608 10467
1659 29 2 20 1 174 2689 265 1844 4517 4518 4520 4519 1953 1954 1932 1933 1951 1950 5598 5597 4523 7775 1955 5600
1660 29 2 20 1 2740 139 254 6 8605 8606 1833 1832 4171 4172 4713 4712 262 261 171 170 10457 8607 10468 1835
1661 29 2 20 1 2740 254 1838 6 4172 4171 1867 1866 5764 5765 4713 4712 1870 1869 262 261 5768 10468 10466 1871
1662 29 2 20 1 172 844 845 2721 1300 1301 1278 1279 1304 1303 7350 7349 4676 4675 6939 6938 1305 7351 10469 10470
1663 29 2 20 1 2658 844 2721 845 5978 5977 6938 6939 6213 6214 5979 5980 4675 4676 1279 1278 10471 5985 8477 10470
1664 29 2 20 1 2688 2658 2689 845 3901 3900 8360 8359 3568 3567 3573 3574 3577 3578 5979 5980 10454 10472 3580 8478
1665 29 2 20 1 2834 2782 1962 2745 10473 10474 5087 5086 10475 10476 7249 7248 4244 4245 5083 5082 10477 10478 10479 5091
1666 29 2 20 1 2721 1840 1838 1837 5591 5590 1891 1892 5589 5588 3986 3987 1864 1865 1889 1888 5594 10480 7584 1893
1667 29 2 20 1 1837 2613 2615 2732 5630 5631 2958 2957 6351 6350 5632 5633 4042 4041 5092 5093 10481 5636 10482 5098
1668 29 2 20 1 2690 2731 174 2689 4031 4032 7321 7320 7774 7773 3569 3570 4518 4517 4029 4030 8395 4037 7778 7326
1669 29 2 20 1 2661 56 252 2 3317 3318 1845 1846 7210 7209 10483 10484 255 256 59 60 7211 10485 10486 1847
1670 29 2 20 1 173 845 2721 172 1306 1307 4675 4676 7687 7686 177 178 7349 7350 1303 1304 10487 1308 10488 10469
1671 29 2 20 1 2633 264 2689 1843 5144 5143 5142 5141 5140 5139 6152 6153 7918 7919 1945 1944 5149 10489 7921 10490
1672 29 2 20 1 1359 1361 2614 2839 1793 1792 2963 2964 3402 3401 8005 8006 10491 10492 8008 8007 7978 8011 10493 10494
1673 29 2 20 1 2721 1841 173 172 5593 5592 1902 1903 7686 7687 7349 7350 177 178 1900 1899 7689 10456 10488 1904
1674 29 2 20 1 174 183 7 2731 1315 1316 199 198 182 181 7321 7320 7322 7323 8391 8390 1318 8394 7324 10495
1675 29 2 20 1 2690 2731 1959 183 4031 4032 4025 4026 4034 4033 8393 8392 2029 2030 8390 8391 4036 8396 10496 10497
1676 29 2 20 1 263 3 2720 67 267 266 3863 3862 5062 5061 2003 2002 3867 3866 83 82 5064 2004 10498 3868
1677 29 2 20 1 2690 173 1841 1844 4746 4745 1903 1902 7684 7685 7772 7771 1926 1927 1929 1930 7691 8674 10499 1931
1678 29 2 20 1 173 845 2690 2721 1306 1307 3575 3576 4746 4745 7687 7686 4673 4674 4676 4675 4749 10487 7690 4679
1679 29 2 20 1 7 2731 1959 2689 7323 7322 4025 4026 2027 2026 4515 4516 4028 4027 4029 4030 10500 7325 10501 4035
1680 29 2 20 1 174 183 2690 846 1315 1316 8393 8392 7773 7774 1313 1312 4744 4743 1294 1295 8397 1317 10502 10503
1681 29 2 20 1 183 2690 846 1959 8393 8392 4743 4744 1294 1295 2030 2029 8374 8375 4034 4033 10503 10496 10504 10505
1682 29 2 20 1 1959 7 2689 265 2027 2026 4516 4515 4028 4027 2021 2022 4519 4520 272 273 10501 2028 7870 4522
1683 29 2 20 1 2689 1843 1841 1840 7919 7918 1921 1922 6057 6056 6058 6059 1894 1895 1919 1918 10506 7922 6061 1923
1684 29 2 20 1 2689 2690 1841 1844 3569 3570 7685 7684 6057 6056 5598 5597 1926 1927 7772 7771 8600 7777 10507 10499
1685 29 2 20 1 2689 1841 1843 1844 6056 6057 1922 1921 7918 7919 5598 5597 1925 1924 1926 1927 10506 10507 10508 1928
1686 29 2 20 1 2689 264 1844 1843 5141 5142 1947 1948 5598 5597 7918 7919 1924 1925 1945 1944 5599 10490 10508 1949
1687 29 2 20 1 2811 842 844 845 6996 6995 1276 1275 5976 5975 5981 5982 1279 1278 1280 1281 8749 10509 5986 1282
1688 29 2 20 1 2633 58 1839 57 7692 7693 1905 1906 4766 4767 3092 3091 1878 1879 63 64 10510 10511 7208 1907
1689 29 2 20 1 2633 58 57 329 7692 7693 64 63 3092 3091 6205 6206 793 792 796 795 10511 7697 8676 797
1690 29 2 20 1 2764 2761 2786 2627 10512 10513 10514 10515 5946 5945 6697 6696 6698 6699 10516 10517 10518 10519 6704 10520
1691 29 2 20 1 2633 1840 1839 1842 4771 4770 1887 1886 4766 4767 6150 6151 1910 1911 1913 1914 4775 6154 10521 1915
1692 29 2 20 1 2633 1839 58 1842 4767 4766 1906 1905 7693 7692 6150 6151 1909 1908 1910 1911 10510 10521 10522 1912
1693 29 2 20 1 2732 2661 252 1361 4039 4040 7209 7210 10523 10524 4492 4493 1818 1817 4494 4495 10525 4497 10526 10527
1694 29 2 20 1 328 56 57 2615 787 786 61 62 789 790 3096 3095 3094 3093 3310 3309 791 4054 3101 4720
1695 29 2 20 1 2787 2753 1356 1359 7474 7473 10315 10314 6277 6278 7103 7104 1767 1768 5987 5988 10316 10528 7106 10529
1696 29 2 20 1 253 1837 2732 2721 1859 1858 5633 5632 6132 6133 3874 3873 4998 4999 3987 3986 10530 3988 6349 5638
1697 29 2 20 1 2661 252 1361 2 7209 7210 1817 1818 4494 4495 10483 10484 1814 1815 255 256 10527 10486 10531 1819
1698 29 2 20 1 2661 2 327 56 10484 10483 780 781 3314 3313 3318 3317 783 784 60 59 10532 10485 3320 785
1699 29 2 20 1 2661 1361 2615 327 4495 4494 2961 2962 3316 3315 3314 3313 3312 3311 5643 5642 4498 10533 3321 5646
1700 29 2 20 1 2661 1361 327 23 4495 4494 5642 5643 3314 3313 10534 10535 753 754 1787 1788 10533 10536 10537 10538
1701 29 2 20 1 2661 2 1361 23 10484 10483 1814 1815 4494 4495 10534 10535 1787 1788 54 55 10531 10539 10536 1816
1702 29 2 20 1 2661 327 2 23 3313 3314 781 780 10483 10484 10534 10535 54 55 753 754 10532 10537 10539 782
1703 29 2 20 1 2660 2700 2745 2659 5105 5104 4247 4246 6989 6990 3288 3287 7244 7245 4697 4696 7864 5107 10540 10541
1704 29 2 20 1 2695 2800 2747 2742 8540 8541 10542 10543 6263 6264 4197 4196 6261 6262 9766 9767 10544 10545 6269 10546
1705 29 2 20 1 1363 2769 2660 2658 7849 7848 4734 4733 10547 10548 7768 7767 3290 3289 8751 8752 10549 8754 10550 10551
1706 29 2 20 1 184 2701 1965 1962 10552 10553 3778 3777 2087 2086 2060 2059 2081 2082 3774 3773 10554 10555 2088 3780
1707 29 2 20 1 2702 2660 2789 2822 5773 5774 10348 10349 6924 6923 6504 6505 10351 10350 10352 10353 10556 10557 10558 10356
1708 29 2 20 1 2614 324 23 22 5999 6000 751 750 8379 8380 10559 10560 52 53 723 724 10561 10562 10563 752
1709 29 2 20 1 2614 1358 324 22 7976 7977 4438 4437 6000 5999 10559 10560 723 724 1757 1758 10564 10565 10562 10566
1710 29 2 20 1 2710 2627 2713 2624 5659 5658 10413 10412 3763 3764 10567 10568 4163 4164 5286 5287 10414 10569 10570 10571
1711 29 2 20 1 310 2786 2764 2761 10459 10460 5946 5945 10461 10462 6036 6037 10513 10512 10514 10515 10464 10572 10573 10518
1712 29 2 20 1 2614 23 327 1361 8380 8379 753 754 5641 5640 2963 2964 5642 5643 1788 1787 10574 8381 5645 10538
1713 29 2 20 1 2813 2787 2742 1356 6711 6712 6267 6268 6961 6962 6709 6710 4199 4198 6277 6278 6964 6717 10575 6292
1714 29 2 20 1 2599 2614 1358 324 3404 3403 7976 7977 4430 4429 4433 4434 4437 4438 6000 5999 8193 7034 4440 10564
1715 29 2 20 1 2614 23 324 327 8380 8379 750 751 6000 5999 5641 5640 755 756 754 753 10561 10574 6003 757
1716 29 2 20 1 2598 2780 326 323 8777 8776 8775 8774 8773 8772 10576 10577 742 741 10578 10579 8782 10580 10581 10582
1717 29 2 20 1 841 2822 842 2660 8758 8757 10205 10204 1249 1248 8618 8617 6992 6991 10353 10352 10208 10583 10584 10358
1718 29 2 20 1 2802 841 2753 138 8616 8615 8760 8759 5619 5618 5622 5623 5624 5625 1240 1241 10585 10586 5627 10587
1719 29 2 20 1 2802 841 2660 2753 8616 8615 8617 8618 8609 8610 5619 5618 5989 5990 8759 8760 8622 10585 10588 10589
1720 29 2 20 1 844 1363 2802 2811 6940 6941 10590 10591 10592 10593 5975 5976 8612 8611 10594 10595 10596 10597 10598 10599
1721 29 2 20 1 2802 841 844 2811 8616 8615 1273 1272 10593 10592 8612 8611 5975 5976 8614 8613 10600 8621 10598 8750
1722 29 2 20 1 2802 138 1363 139 5623 5622 1809 1808 10590 10591 10601 10602 1812 1811 169 168 10603 10604 10605 1813
1723 29 2 20 1 2802 841 138 139 8616 8615 1241 1240 5622 5623 10601 10602 169 168 1267 1268 10586 10606 10604 1269
1724 29 2 20 1 840 842 2789 843 1254 1253 10354 10355 5273 5272 1258 1259 6922 6921 1257 1256 10607 1260 10608 10609
1725 29 2 20 1 2652 2843 1973 2790 10610 10611 8873 8874 3252 3251 7440 7439 6256 6255 9061 9060 10612 10613 10363 10614
1726 29 2 20 1 326 329 2783 328 772 771 6203 6204 7334 7335 766 767 5119 5118 769 770 7337 773 10615 10616
1727 29 2 20 1 2810 2633 329 1957 6139 6138 6206 6205 6207 6208 5968 5969 4235 4234 7057 7056 6212 7788 6348 10617
1728 29 2 20 1 2810 68 329 326 5967 5966 775 774 6207 6208 7333 7332 772 771 747 748 6221 10618 7336 776
1729 29 2 20 1 2810 1960 1958 1957 7354 7353 2041 2040 6144 6145 5968 5969 2016 2015 2035 2036 7355 10619 7787 2042
1730 29 2 20 1 2811 2660 2745 2659 6988 6987 6990 6989 6977 6978 10620 10621 7244 7245 3288 3287 6997 10622 10623 10540
1731 29 2 20 1 2810 326 1960 68 7332 7333 10624 10625 7353 7354 5966 5967 2038 2037 748 747 10626 10618 10627 10628
1732 29 2 20 1 2810 68 1960 1957 5967 5966 2038 2037 7353 7354 5968 5969 2035 2036 2032 2033 10627 5972 10619 2039
1733 29 2 20 1 844 1363 139 2802 6940 6941 1811 1812 1270 1271 10592 10593 10602 10601 10591 10590 10467 10596 10629 10605
1734 29 2 20 1 183 7 2731 1959 199 198 7323 7322 8391 8390 2030 2029 4026 4025 2027 2026 10495 2031 10497 10500
1735 29 2 20 1 2613 2657 2614 1361 7036 7035 3411 3412 2954 2953 2959 2960 2963 2964 8206 8207 10630 8786 2966 10631
1736 29 2 20 1 2764 2761 2712 310 10512 10513 10381 10380 8320 8321 10462 10461 5691 5690 6037 6036 10632 10573 10633 10634
1737 29 2 20 1 846 1959 2690 2688 8375 8374 4034 4033 4743 4744 4443 4444 3572 3571 5615 5614 10505 8377 8387 5617
1738 29 2 20 1 2811 2745 842 845 6978 6977 6994 6993 6995 6996 5981 5982 1280 1281 4449 4450 7000 6981 10509 10635
1739 29 2 20 1 2596 2599 2598 2768 2863 2862 2864 2865 2860 2861 6287 6288 8778 8779 7398 7397 2870 10636 10637 10638
1740 29 2 20 1 1959 183 2834 846 2030 2029 10639 10640 7834 7835 8375 8374 8373 8372 1294 1295 10641 10504 8378 10642
1741 29 2 20 1 846 184 183 2782 1291 1292 201 200 1295 1294 10643 10644 10645 10646 5081 5080 1296 10647 10648 10649
1742 29 2 20 1 183 846 2782 2834 1295 1294 10644 10643 10645 10646 10640 10639 10473 10474 8372 8373 10648 10642 10650 10651
1743 29 2 20 1 2688 2834 2745 846 7247 7246 7248 7249 4447 4448 4444 4443 4445 4446 8373 8372 7254 8376 4451 10652
1744 29 2 20 1 1962 1959 183 2834 2052 2051 2030 2029 2056 2057 10476 10475 10640 10639 7834 7835 2058 10653 10654 10641
1745 29 2 20 1 1356 2813 2597 1355 6709 6710 6716 6715 6713 6714 1735 1736 4524 4525 6089 6090 6718 10655 8720 7133
1746 29 2 20 1 2753 1359 1357 1356 5988 5987 1770 1771 4405 4404 10314 10315 1743 1744 1768 1767 10656 10529 10317 1772
1747 29 2 20 1 322 320 2619 323 706 707 7043 7042 4465 4464 710 709 6969 6968 711 712 7047 713 10299 10657
1748 29 2 20 1 2662 2742 2683 1352 5887 5886 7611 7612 3746 3745 3336 3337 3751 3752 5888 5889 7613 5891 3754 7915
1749 29 2 20 1 2753 1357 1359 1360 4404 4405 1771 1770 5987 5988 4406 4407 1774 1773 1775 1776 10656 4410 10658 1777
1750 29 2 20 1 1962 2834 2745 2700 10475 10476 7248 7249 4244 4245 4242 4243 4247 4246 10659 10660 10479 10661 4252 10662
1751 29 2 20 1 2745 2700 2834 2659 4246 4247 10659 10660 7248 7249 7244 7245 7251 7250 4697 4696 10662 10541 7255 10663
1752 29 2 20 1 2690 174 846 173 7773 7774 1312 1313 4744 4743 4745 4746 1309 1310 179 180 10502 8675 4748 1314
1753 29 2 20 1 2660 2801 2659 2657 5569 5570 7574 7575 3288 3287 3286 3285 3284 3283 5572 5571 10664 5577 3293 10665
1754 29 2 20 1 843 2660 2745 842 7861 7862 6990 6989 4248 4249 1256 1257 6993 6994 6991 6992 7865 10666 10667 6999
1755 29 2 20 1 184 183 2782 1962 201 200 10646 10645 5081 5080 2060 2059 5086 5087 2057 2056 10649 2061 5089 10668
1756 29 2 20 1 2701 1964 2620 1965 3776 3775 3126 3127 10669 10670 3777 3778 3124 3125 2083 2084 10671 3781 10672 3129
1757 29 2 20 1 2782 2745 846 184 5082 5083 4446 4445 10644 10643 5080 5081 1292 1291 5085 5084 10673 5088 10647 7866
1758 29 2 20 1 2834 2659 2810 1958 7250 7251 6141 6140 7340 7339 7783 7784 6144 6145 6142 6143 7345 7786 8383 6148
1759 29 2 20 1 2782 183 2834 1962 10645 10646 10639 10640 10473 10474 5086 5087 10475 10476 2057 2056 10650 10668 10477 10654
1760 29 2 20 1 2801 2597 2599 1358 10674 10675 2867 2866 7578 7579 10676 10677 4430 4429 4431 4432 10678 10679 10680 4439
1761 29 2 20 1 2783 2810 2768 2659 6199 6200 8532 8533 7399 7400 8527 8528 4698 4699 6141 6140 10681 10682 10683 8534
1762 29 2 20 1 2768 1960 2810 326 5054 5053 7353 7354 8532 8533 8781 8780 7333 7332 10624 10625 8716 10684 10685 10626
1763 29 2 20 1 2662 2742 2813 2804 5887 5886 6961 6962 6087 6088 6108 6109 6848 6849 6107 6106 7952 6114 6854 10686
1764 29 2 20 1 326 2783 2768 325 7335 7334 7400 7399 8780 8781 739 740 7403 7404 5668 5669 10687 10688 10689 7408
1765 29 2 20 1 2780 1960 326 68 5052 5051 10625 10624 8774 8775 10690 10691 748 747 2038 2037 10692 10693 10694 10628
1766 29 2 20 1 2780 69 1960 68 10695 10696 2063 2062 5051 5052 10690 10691 2038 2037 86 87 10697 10698 10693 2064
1767 29 2 20 1 2780 326 69 68 8775 8774 744 745 10696 10695 10690 10691 86 87 748 747 10699 10694 10698 749
1768 29 2 20 1 2780 1960 2768 326 5052 5051 5053 5054 5045 5046 8774 8775 8781 8780 10624 10625 5058 10692 8785 10684
1769 29 2 20 1 2780 323 1963 69 10579 10578 10700 10701 7656 7655 10696 10695 2068 2067 718 717 10702 10703 10704 10705
1770 29 2 20 1 2780 326 323 69 8775 8774 741 742 10578 10579 10696 10695 718 717 745 744 10582 10699 10703 746
1771 29 2 20 1 2780 1960 69 1963 5052 5051 2062 2063 10696 10695 7656 7655 2067 2068 2066 2065 10697 8476 10704 2069
1772 29 2 20 1 843 840 2701 2789 1258 1259 5270 5271 3653 3652 6921 6922 5268 5269 5273 5272 10706 10608 6926 5278
1773 29 2 20 1 2710 2761 2764 2627 10378 10379 10513 10512 10420 10421 5658 5659 6697 6696 10516 10517 10707 10708 10424 10519
1774 29 2 20 1 184 843 2809 2701 1265 1264 10301 10300 5928 5929 10553 10552 8768 8767 3653 3652 10709 10710 10711 10303
1775 29 2 20 1 843 185 184 2809 1261 1262 203 202 1265 1264 10300 10301 5928 5929 5931 5930 1266 10302 10709 5934
1776 29 2 20 1 2701 184 843 1962 10553 10552 1265 1264 3652 3653 3774 3773 4240 4241 2060 2059 10710 10555 10712 8126
1777 29 2 20 1 2801 2768 2787 2702 7482 7481 6526 6527 7471 7472 7470 7469 6524 6525 5775 5776 10713 7485 7477 6530
1778 29 2 20 1 2598 322 325 324 10714 10715 734 733 10716 10717 10718 10719 731 732 728 729 10720 10721 10722 735
1779 29 2 20 1 1359 2769 1362 2657 4735 4736 7846 7847 1797 1798 3407 3408 7038 7037 5574 5573 8215 8460 10723 10724
1780 29 2 20 1 2598 2780 2757 2768 8777 8776 7657 7658 10725 10726 8778 8779 10727 10728 5045 5046 10729 8784 10730 10731
1781 29 2 20 1 2597 1355 22 1358 4525 4524 1755 1754 4346 4347 4431 4432 1758 1757 1759 1760 4526 8719 10732 1761
1782 29 2 20 1 324 2598 2599 325 10718 10719 2865 2864 4434 4433 732 731 7401 7402 10716 10717 10733 10722 10734 10735
1783 29 2 20 1 1359 2614 2657 2839 3401 3402 3412 3411 3407 3408 8005 8006 8209 8208 10491 10492 3414 10493 10736 10737
1784 29 2 20 1 2599 2783 324 325 7030 7031 5666 5667 4433 4434 7401 7402 732 731 5668 5669 7033 7407 10734 5672
1785 29 2 20 1 2662 21 318 321 5789 5790 690 691 3333 3332 6850 6851 695 696 694 693 10397 10396 10738 697
1786 29 2 20 1 2596 2701 2757 2620 4683 4682 7649 7650 10739 10740 8061 8062 7779 7780 10669 10670 10741 10742 10743 10744
1787 29 2 20 1 2597 22 321 324 4347 4346 720 721 4345 4344 4435 4436 725 726 724 723 4350 10745 8457 727
1788 29 2 20 1 2597 1358 22 324 4432 4431 1758 1757 4346 4347 4435 4436 724 723 4437 4438 10732 4442 10745 10566
1789 29 2 20 1 2605 2620 2618 2747 3000 2999 5540 5541 6792 6793 4307 4308 5538 5539 4306 4305 6796 4311 10746 5546
1790 29 2 20 1 2648 2823 2719 2684 8269 8268 7881 7882 4723 4722 3541 3542 10289 10290 10747 10748 10749 10750 10291 10751
1791 29 2 20 1 2683 2621 2742 2684 10752 10753 7894 7895 7611 7612 3540 3539 6112 6113 7897 7896 10754 10755 7614 7900
1792 29 2 20 1 2719 319 2684 2823 7529 7530 10756 10757 10289 10290 7881 7882 10748 10747 7877 7878 10758 7884 10751 10759
1793 29 2 20 1 2648 2646 2823 2678 3226 3225 8121 8122 8268 8269 3835 3834 6516 6517 8119 8120 10333 10265 10760 8123
1794 29 2 20 1 2767 1965 2620 2629 10761 10762 3124 3125 7025 7026 7023 7024 5543 5542 3068 3067 10763 10764 7029 10765
1795 29 2 20 1 2757 2620 2701 1964 7780 7779 10669 10670 7649 7650 8547 8546 3775 3776 3126 3127 10744 8564 8548 10671
1796 29 2 20 1 2710 2761 2627 2624 10378 10379 10517 10516 5658 5659 10567 10568 5286 5287 10176 10175 10708 10766 10569 10767
1797 29 2 20 1 2596 2787 2599 2768 5241 5240 6409 6410 2862 2863 6287 6288 7398 7397 6526 6527 6414 6529 10636 10768
1798 29 2 20 1 2797 322 2619 2621 5448 5447 4464 4465 7044 7045 5442 5441 3005 3006 4466 4467 7048 5450 10769 4474
1799 29 2 20 1 2597 324 322 2598 4436 4435 728 729 6894 6893 2859 2858 10714 10715 10719 10718 8458 10770 10771 10721
1800 29 2 20 1 2695 2822 2753 2702 6501 6500 8762 8761 6931 6930 6497 6496 7476 7475 6505 6504 10772 6507 10773 10774
1801 29 2 20 1 2648 2682 2606 2649 3528 3529 8022 8021 4724 4725 3222 3221 7052 7053 3531 3530 8025 3534 7054 10199
1802 29 2 20 1 2605 2719 2621 2685 3851 3850 7532 7531 3001 3002 3852 3853 10337 10338 3854 3855 10775 3860 10339 10776
1803 29 2 20 1 2619 70 1963 69 6967 6966 2093 2092 6914 6915 6970 6971 2068 2067 88 89 10777 6974 10778 2094
1804 29 2 20 1 2619 69 1963 323 6971 6970 2068 2067 6914 6915 6969 6968 10700 10701 717 718 10778 6973 10779 10705
1805 29 2 20 1 2797 2619 2719 2621 7045 7044 10780 10781 7528 7527 5442 5441 7531 7532 3005 3006 10782 10769 7534 10783
1806 29 2 20 1 2786 313 311 314 10784 10785 616 617 5948 5947 5233 5234 621 622 620 619 10786 10787 10788 623
1807 29 2 20 1 2619 70 320 1966 6967 6966 688 687 7043 7042 6911 6910 6158 6157 2097 2098 10789 10790 10791 6160
1808 29 2 20 1 324 2598 2597 2599 10718 10719 2859 2858 4436 4435 4434 4433 2866 2867 2864 2865 10770 10733 4441 2871
1809 29 2 20 1 2605 2747 2606 2685 4308 4307 10792 10793 2913 2914 3852 3853 3856 3857 10335 10336 10794 10340 3859 10795
1810 29 2 20 1 2619 1963 70 1966 6915 6914 2092 2093 6966 6967 6911 6910 2097 2098 2096 2095 10777 6919 10790 2099
1811 29 2 20 1 2833 136 2695 1357 7064 7065 10796 10797 10321 10320 7062 7063 6279 6280 1748 1749 10798 7068 10799 10800
1812 29 2 20 1 2605 1967 1965 1964 2916 2915 2109 2108 3065 3066 3044 3043 2084 2083 2103 2104 3070 3046 3130 2110
1813 29 2 20 1 837 840 839 2817 1229 1228 1227 1226 1223 1224 8914 8913 7430 7429 7948 7947 1230 8918 10367 7951
1814 29 2 20 1 2629 186 185 1968 8184 8183 205 204 10801 10802 8185 8186 2117 2116 2120 2119 10803 8191 10804 2121
1815 29 2 20 1 2596 2742 2787 2747 6959 6960 6268 6267 5240 5241 5243 5242 5238 5239 6262 6261 6965 10805 5248 6272
1816 29 2 20 1 2598 325 323 326 10717 10716 736 737 10576 10577 8773 8772 741 742 740 739 10806 10807 10581 743
1817 29 2 20 1 2629 1965 1967 1968 3068 3067 2108 2109 3061 3062 8185 8186 2113 2114 2112 2111 3072 10808 10394 2115
1818 29 2 20 1 2629 840 1965 185 8912 8911 7840 7841 3067 3068 10801 10802 2089 2090 1235 1234 10809 10810 10811 7845
1819 29 2 20 1 2629 185 1965 1968 10802 10801 2089 2090 3067 3068 8185 8186 2112 2111 2117 2116 10811 10804 10808 2118
1820 29 2 20 1 2605 2618 2606 2747 6793 6792 2983 2984 2913 2914 4307 4308 10792 10793 5538 5539 9444 10746 10794 10812
1821 29 2 20 1 2605 2620 2619 1963 3000 2999 2998 2997 2996 2995 6912 6913 6914 6915 7519 7520 3007 7521 6917 10813
1822 29 2 20 1 2605 2621 2719 2619 3002 3001 7531 7532 3850 3851 2996 2995 10780 10781 3006 3005 10775 3008 10814 10783
1823 29 2 20 1 2767 2789 2702 2701 5266 5267 6924 6923 4689 4688 4687 4686 3659 3658 5269 5268 10815 5276 4693 6927
1824 29 2 20 1 2606 2747 2618 2685 10793 10792 5538 5539 2983 2984 3856 3857 9300 9301 10335 10336 10812 10795 9303 10816
1825 29 2 20 1 1965 2620 2629 2605 3124 3125 5542 5543 3068 3067 3066 3065 3064 3063 3000 2999 10765 3128 3071 6795
1826 29 2 20 1 2701 2620 2767 1965 10670 10669 7025 7026 4686 4687 3777 3778 10762 10761 3124 3125 10817 10672 10818 10763
1827 29 2 20 1 2694 839 837 836 3599 3600 1223 1224 8445 8446 6188 6187 1196 1197 1221 1220 10368 10819 8453 1225
1828 29 2 20 1 136 2695 835 2833 10796 10797 8538 8539 1181 1180 7064 7065 10322 10323 10320 10321 10820 10798 10821 10326
1829 29 2 20 1 2747 2694 2695 2817 10822 10823 3604 3603 6264 6263 6225 6226 7425 7426 10366 10365 10824 10825 8550 10826
1830 29 2 20 1 835 2695 1354 2800 8539 8538 4203 4202 10280 10279 6947 6948 10252 10253 8541 8540 10827 8543 10288 10828
1831 29 2 20 1 1354 136 1357 2695 1721 1722 1749 1748 1745 1746 4203 4202 6280 6279 10797 10796 1750 10829 6920 10800
1832 29 2 20 1 2695 1354 136 835 4203 4202 1721 1722 10796 10797 8539 8538 1181 1180 10279 10280 10829 10827 10820 10283
1833 29 2 20 1 2786 311 73 314 5947 5948 597 598 5230 5229 5233 5234 624 625 621 622 5956 10788 5236 626
1834 29 2 20 1 2784 2601 2748 2481 5728 5727 5729 5730 5725 5726 8894 8895 5742 5743 6545 6546 5734 10830 8899 10831
1835 29 2 20 1 2786 2623 313 314 6802 6801 3013 3014 10785 10784 5233 5234 620 619 6803 6804 10832 6809 10787 10143
1836 29 2 20 1 2784 2601 2481 2478 5728 5727 6546 6545 8894 8895 8854 8855 2557 2556 4394 4393 10830 10833 10834 9035
1837 29 2 20 1 2784 2601 2478 2477 5728 5727 4393 4394 8854 8855 8243 8244 2524 2525 2875 2874 10833 10835 8857 4395
1838 29 2 20 1 2600 2477 116 2480 2877 2876 2544 2543 5011 5010 2878 2879 2547 2546 2548 2549 10836 2884 5019 2550
1839 29 2 20 1 2761 2786 2627 2624 10514 10515 6699 6698 10516 10517 10176 10175 5286 5287 10837 10838 10520 10839 10767 10840
1840 29 2 20 1 276 8 2476 2723 283 284 2508 2507 2504 2505 3920 3921 6637 6636 7294 7295 2509 8795 7537 8673
1841 29 2 20 1 2704 2723 197 804 8789 8790 3922 3923 3689 3688 3692 3693 874 875 7299 7298 8793 8797 3695 8819
1842 29 2 20 1 2784 2475 2478 2476 6663 6662 2527 2526 8854 8855 6638 6639 2530 2529 2503 2502 8858 6666 9037 2531
1843 29 2 20 1 2784 2479 2748 2723 8896 8897 5741 5740 5725 5726 6631 6630 8157 8156 8158 8159 8900 9029 8816 8162
1844 29 2 20 1 2481 2784 2478 2479 8894 8895 8855 8854 2557 2556 2560 2559 2533 2532 8897 8896 10834 8898 2561 9038
1845 29 2 20 1 2477 2784 2677 2475 8243 8244 7762 7761 4885 4886 2522 2521 3477 3478 6662 6663 8248 8856 4887 8864
1846 29 2 20 1 274 2000 2474 2772 2459 2458 5155 5156 2488 2489 6067 6068 6581 6580 5652 5651 6131 6069 7152 6582
1847 29 2 20 1 2001 2000 2595 275 2443 2444 4361 4362 2847 2848 2465 2464 2849 2850 2462 2461 4644 2466 2853 8498
1848 29 2 20 1 2750 2696 2000 2001 8823 8824 4279 4280 4359 4360 4640 4641 2443 2444 10841 10842 9031 10843 4643 10844
1849 29 2 20 1 2750 2001 2723 804 4641 4640 3925 3924 8260 8259 8652 8651 7299 7298 8818 8817 10845 10846 10847 8820
1850 29 2 20 1 2786 311 313 310 5947 5948 617 616 10785 10784 10459 10460 614 613 589 590 10786 10463 10848 618
1851 29 2 20 1 2600 2601 2784 2477 2872 2873 5727 5728 8242 8241 2876 2877 8243 8244 2875 2874 8554 2882 8246 10835
1852 29 2 20 1 2600 116 2477 115 5010 5011 2543 2544 2876 2877 5554 5553 2516 2517 121 122 10836 8499 10849 2545
1853 29 2 20 1 2600 2601 285 286 2872 2873 4113 4112 5548 5549 3181 3182 342 341 3183 3184 5552 3188 10850 10851
1854 29 2 20 1 2600 285 115 286 5549 5548 338 339 5554 5553 3181 3182 343 344 342 341 8500 10850 10852 345
1855 29 2 20 1 2600 115 114 286 5553 5554 120 119 4860 4859 3181 3182 346 347 343 344 5558 10852 8093 348
1856 29 2 20 1 2600 2677 2474 2477 5735 5736 3474 3473 5555 5556 2876 2877 2518 2519 4886 4885 7050 8247 10853 4888
1857 29 2 20 1 2600 2474 115 2477 5556 5555 2514 2513 5554 5553 2876 2877 2517 2516 2518 2519 5557 10853 10849 2520
1858 29 2 20 1 2674 2673 2777 2642 3432 3431 8329 8328 4980 4981 3435 3436 8495 8494 3437 3438 9338 3442 10854 8496
1859 29 2 20 1 197 807 2820 196 902 901 6341 6340 8967 8966 226 227 8951 8950 905 904 10855 906 8971 8954
1860 29 2 20 1 2611 287 2677 1999 3911 3910 4879 4880 4877 4878 4889 4890 4934 4935 4891 4892 4883 4896 10856 4938
1861 29 2 20 1 2600 2610 2677 2784 3177 3178 6373 6372 5736 5735 8242 8241 7762 7761 5162 5163 6374 8553 8245 7763
1862 29 2 20 1 2608 2612 2763 290 5033 5034 5169 5170 4567 4566 2928 2927 4565 4564 5171 5172 9351 8935 4569 5177
1863 29 2 20 1 807 804 2673 2844 898 899 7757 7756 6330 6331 10857 10858 8941 8940 8942 8943 7759 10859 10860 8946
1864 29 2 20 1 2644 2642 2842 2643 3193 3194 9021 9020 9162 9163 3191 3192 9277 9278 3190 3189 9178 3201 9279 9348
1865 29 2 20 1 2611 2610 2677 286 2940 2939 6373 6372 4877 4878 4874 4873 4875 4876 3179 3180 10861 9145 4881 6375
1866 29 2 20 1 2608 2778 2674 2609 5037 5038 7722 7723 9384 9385 6384 6385 6556 6557 7724 7725 9388 9016 10862 7730
1867 29 2 20 1 2779 2778 286 2699 5030 5029 8421 8422 8846 8847 8844 8845 8849 8848 5384 5383 10863 9354 8852 9058
1868 29 2 20 1 2611 2677 2610 2000 4878 4877 6372 6373 2939 2940 4281 4282 4286 4285 5154 5153 10861 10864 4290 8095
1869 29 2 20 1 2611 2677 2000 1999 4878 4877 5153 5154 4281 4282 4889 4890 2436 2435 4934 4935 10864 10856 9309 5653
1870 29 2 20 1 2786 313 2761 310 10784 10785 9965 9964 10514 10515 10459 10460 6037 6036 614 613 10865 10848 10572 10866
1871 29 2 20 1 2610 2778 286 2612 7726 7727 8421 8422 3179 3180 2947 2948 3325 3326 5027 5028 8424 10867 9144 10868
1872 29 2 20 1 2601 2748 1320 2698 5729 5730 7190 7189 3934 3933 5378 5377 4559 4558 7743 7744 10869 7747 8973 9310
1873 29 2 20 1 2748 2635 2601 1320 6650 6651 3936 3935 5729 5730 7189 7190 3934 3933 3133 3132 10870 7193 10869 3940
1874 29 2 20 1 2779 289 288 286 7560 7559 372 371 7558 7557 8846 8847 369 368 374 373 7567 10871 8851 375
1875 29 2 20 1 2635 2601 2481 2748 3936 3935 6546 6545 7748 7749 6650 6651 5743 5742 5730 5729 9034 10870 9017 10831
1876 29 2 20 1 291 1322 288 11 9287 9288 9010 9011 396 395 393 394 390 391 1424 1425 9308 9291 397 9012
1877 29 2 20 1 2750 2820 2696 2001 10872 10873 6338 6339 8824 8823 4640 4641 10841 10842 8959 8958 10874 10875 10843 10876
1878 29 2 20 1 2696 2820 807 1998 6339 6338 6340 6341 6332 6333 10877 10878 7200 7201 8952 8953 6345 10879 10880 8956
1879 29 2 20 1 2696 807 2609 1998 6333 6332 7197 7196 3623 3622 10877 10878 7202 7203 7200 7201 10881 10880 10882 7207
1880 29 2 20 1 2750 2820 2001 804 10872 10873 8958 8959 4640 4641 8652 8651 8818 8817 7754 7755 10875 10883 10846 8968
1881 29 2 20 1 2696 2609 1997 1998 3622 3623 4973 4974 4855 4854 10877 10878 2413 2414 7202 7203 4979 10882 10884 10885
1882 29 2 20 1 2696 1997 2000 1998 4854 4855 2433 2434 4280 4279 10877 10878 2438 2439 2413 2414 4858 10884 10886 2440
1883 29 2 20 1 2696 2001 2820 1998 10842 10841 8959 8958 6338 6339 10877 10878 8952 8953 2441 2442 10876 10887 10879 8961
1884 29 2 20 1 2696 2000 2001 1998 4279 4280 2444 2443 10841 10842 10877 10878 2441 2442 2438 2439 10844 10886 10887 2445
1885 29 2 20 1 2723 276 2001 2595 3920 3921 2468 2467 3925 3924 6633 6632 2847 2848 2852 2851 3926 7536 10888 2854
1886 29 2 20 1 2673 2696 807 2609 6335 6334 6333 6332 6331 6330 6558 6559 7196 7197 3623 3622 6342 8830 8939 10881
1887 29 2 20 1 807 804 197 2820 898 899 874 875 902 901 6340 6341 8967 8966 7755 7754 903 7758 10855 8970
1888 29 2 20 1 1973 1975 1972 2786 2190 2191 2186 2185 2166 2165 6254 6253 6797 6798 10126 10127 2192 10889 10890 10128
1889 29 2 20 1 2819 1973 1975 1976 6252 6251 2190 2191 8409 8408 7491 7490 2195 2196 2194 2193 10891 7495 8415 2197
1890 29 2 20 1 803 804 806 2673 866 867 894 893 890 891 6627 6626 3983 3982 7756 7757 895 8032 6628 8948
1891 29 2 20 1 804 2673 2750 2820 7757 7756 8656 8655 8651 8652 7755 7754 10873 10872 6336 6337 8657 7760 10883 10892
1892 29 2 20 1 2644 2674 2673 2609 3434 3433 3432 3431 3430 3429 6382 6383 6558 6559 6556 6557 3439 10893 8937 6563
1893 29 2 20 1 2630 1994 2631 1993 9043 9044 6320 6321 3074 3073 3079 3080 3083 3084 2376 2375 10894 10895 3086 10896
1894 29 2 20 1 2644 2842 2674 2608 9163 9162 9019 9018 3433 3434 6378 6379 9385 9384 8343 8342 9179 9165 10897 10898
1895 29 2 20 1 2778 286 2612 2779 8421 8422 3326 3325 5027 5028 5030 5029 5031 5032 8847 8846 10868 10863 5039 10899
1896 29 2 20 1 2644 2608 2674 2609 6379 6378 9385 9384 3433 3434 6382 6383 6556 6557 6384 6385 10897 6389 10893 10862
1897 29 2 20 1 2777 2674 2642 1323 4980 4981 3436 3435 8495 8494 4984 4985 8990 8991 4983 4982 10854 4992 8993 9024
1898 29 2 20 1 2825 2723 2750 2784 8807 8808 8260 8259 8653 8654 8809 8810 5160 5161 6630 6631 10900 8813 10901 8262
1899 29 2 20 1 2825 2673 803 802 6550 6551 6627 6626 8031 8030 8919 8920 858 859 6644 6645 8033 8934 8923 6646
1900 29 2 20 1 286 2612 2779 289 3326 3325 5032 5031 8847 8846 373 374 7559 7560 3327 3328 10899 3331 10871 10902
1901 29 2 20 1 2779 2612 2608 289 5031 5032 5034 5033 5035 5036 7559 7560 2929 2930 3327 3328 5041 10902 10903 8936
1902 29 2 20 1 2697 2612 2763 2609 3914 3915 5169 5170 5176 5175 3631 3630 7258 7259 2944 2943 5178 9364 8003 9350
1903 29 2 20 1 2699 2608 2778 1322 8722 8721 5037 5038 5383 5384 3645 3644 6574 6573 8725 8726 9355 8730 6575 10904
1904 29 2 20 1 2824 2793 2608 2792 7174 7173 5352 5351 7591 7590 7177 7178 5350 5349 5348 5347 7594 7181 10905 5357
1905 29 2 20 1 1325 2824 1323 2792 6540 6541 6536 6537 1433 1432 7826 7827 8341 8340 7177 7178 6543 9363 9075 10906
1906 29 2 20 1 2736 1 241 2480 10907 10908 244 245 4399 4400 5014 5015 2577 2576 2574 2573 10909 10910 6658 2578
1907 29 2 20 1 2736 116 285 9 5013 5012 336 335 4111 4110 8595 8596 333 334 330 331 6065 10911 9032 337
1908 29 2 20 1 2736 2480 116 1 5015 5014 2547 2546 5012 5013 10908 10907 124 123 2573 2574 5018 10910 10912 2575
1909 29 2 20 1 2736 9 241 1 8596 8595 1364 1365 4399 4400 10908 10907 244 245 24 25 8597 10913 10909 1366
1910 29 2 20 1 2736 116 9 1 5013 5012 331 330 8595 8596 10908 10907 24 25 124 123 10911 10912 10913 332
1911 29 2 20 1 125 2826 5 232 6568 6569 6564 6565 140 141 848 847 239 240 8504 8503 6571 10914 849 8507
1912 29 2 20 1 2748 243 5 232 6652 6653 250 251 8501 8502 4318 4319 239 240 2592 2591 10915 10916 8505 2594
1913 29 2 20 1 5 1321 2748 2826 1389 1388 7191 7192 8502 8501 6564 6565 7737 7736 6567 6566 10917 6570 8506 7738
1914 29 2 20 1 2601 286 2699 285 3184 3183 8848 8849 5375 5376 4112 4113 4659 4660 341 342 9059 10851 8089 9322
1915 29 2 20 1 232 125 2826 2748 848 847 6568 6569 8503 8504 4319 4318 7736 7737 7734 7735 10914 8801 8508 7740
1916 29 2 20 1 232 2748 243 2482 4318 4319 6652 6653 2591 2592 2570 2571 2589 2588 4316 4317 10916 4322 2593 6655
1917 29 2 20 1 2764 2765 2627 1976 4580 4579 5507 5506 6697 6696 8410 8411 10066 10067 7219 7220 10427 8490 10918 10919
1918 29 2 20 1 243 5 1321 2748 250 251 1389 1388 1385 1386 6652 6653 7192 7191 8502 8501 1390 10915 9033 10917
1919 29 2 20 1 2672 2708 2709 2734 3729 3730 3740 3739 3735 3736 7093 7092 9101 9102 9543 9544 3742 9548 9105 10920
1920 29 2 20 1 1973 2843 1974 2790 8874 8873 8875 8876 2173 2174 6256 6255 10110 10109 9061 9060 8879 10614 10921 10922
1921 29 2 20 1 2672 2709 2671 2625 3736 3735 10923 10924 3970 3971 3967 3966 3968 3969 10925 10926 10927 10928 3978 10929
1922 29 2 20 1 811 1330 2617 2634 4941 4940 3113 3112 2973 2974 4944 4945 3116 3117 3114 3115 9260 4947 10930 3122
1923 29 2 20 1 2617 2776 2812 812 6355 6354 8231 8232 6301 6300 2975 2976 6304 6305 4959 4960 10931 10932 6307 10933
1924 29 2 20 1 2604 2634 1330 1333 3119 3118 3114 3115 2902 2903 3482 3483 1505 1506 3452 3451 3121 9575 3484 9404
1925 29 2 20 1 2663 2625 1328 294 3349 3348 3038 3037 8217 8216 3350 3351 4258 4259 3352 3353 10934 3358 8225 4263
1926 29 2 20 1 2643 1326 2828 1327 3706 3707 8055 8056 9211 9212 4019 4018 6614 6613 1444 1443 9324 8239 10935 9097
1927 29 2 20 1 2829 808 811 2830 8427 8426 943 942 6820 6821 6817 6816 6818 6819 9069 9070 9367 10936 6826 9072
1928 29 2 20 1 2663 1328 2625 1329 8216 8217 3037 3038 3348 3349 3465 3466 6311 6312 1466 1465 10934 9238 10937 6315
1929 29 2 20 1 1328 1325 1326 2663 1459 1460 1435 1436 1463 1462 8216 8217 8052 8051 7823 7822 1464 10938 10939 9117
1930 29 2 20 1 2663 2836 2791 1328 7818 7819 10940 10941 8220 8221 8217 8216 8218 8219 9391 9392 10942 10943 8224 10944
1931 29 2 20 1 2676 1327 2812 2828 6404 6405 6076 6075 6403 6402 9095 9096 6609 6610 6613 6614 6408 9099 9369 6616
1932 29 2 20 1 290 292 293 2607 407 406 409 410 411 412 2924 2923 6294 6293 9311 9312 413 10945 10946 10947
1933 29 2 20 1 2812 812 2776 2830 6305 6304 4959 4960 8231 8232 6825 6824 8229 8230 10948 10949 10933 10950 8235 10951
1934 29 2 20 1 810 196 2644 807 931 932 7814 7813 4572 4571 929 928 4650 4649 904 905 7817 933 6602 9150
1935 29 2 20 1 2819 2627 2786 2790 6702 6703 6698 6699 6249 6250 6246 6245 6247 6248 5283 5282 6707 10436 6257 10952
1936 29 2 20 1 810 2730 195 813 4009 4008 4010 4011 935 934 958 959 961 962 4369 4370 4016 4378 963 9225
1937 29 2 20 1 2843 2790 188 1974 9060 9061 10108 10107 9154 9155 8876 8875 2180 2179 10109 10110 10953 10922 10171 10112
1938 29 2 20 1 2630 2632 1994 1993 3078 3077 9041 9042 9044 9043 3079 3080 2376 2375 3081 3082 9047 3087 10895 9266
1939 29 2 20 1 2663 2676 2828 1326 3460 3459 9096 9095 8048 8047 8051 8052 8055 8056 8974 8975 10954 10955 8058 9098
1940 29 2 20 1 2630 1997 2644 1998 5320 5319 10956 10957 4266 4265 9169 9170 7198 7199 2413 2414 10958 9173 10959 10960
1941 29 2 20 1 2630 2631 2799 2608 3073 3074 7361 7360 9083 9082 6377 6376 7679 7678 6397 6396 10961 10962 9085 10963
1942 29 2 20 1 2608 2791 2631 2799 6390 6391 5301 5302 6396 6397 7678 7679 7360 7361 7674 7675 6399 7681 10963 9233
1943 29 2 20 1 2644 1997 2609 1998 10957 10956 4974 4973 6382 6383 7198 7199 7202 7203 2413 2414 10964 10960 7205 10885
1944 29 2 20 1 810 2751 813 812 4373 4374 4367 4368 958 959 953 954 956 957 4964 4963 4376 9223 960 9091
1945 29 2 20 1 1995 1998 2729 195 2411 2412 9193 9192 8256 8255 2389 2390 4007 4006 2416 2417 9194 2418 8258 10965
1946 29 2 20 1 2775 1991 2727 2655 8469 8468 4830 4829 9123 9124 10966 10967 10968 10969 3274 3273 10970 10971 10972 10973
1947 29 2 20 1 2819 1976 2798 1974 7490 7491 5467 5468 10434 10435 7492 7493 5463 5464 2198 2199 10974 7494 10975 5470
1948 29 2 20 1 1973 2790 2786 2623 6255 6256 6247 6248 6254 6253 10444 10445 6801 6802 10976 10977 6260 10978 10979 10980
1949 29 2 20 1 2775 1991 2654 1992 8469 8468 3269 3270 10981 10982 8467 8466 6456 6455 2353 2354 10983 8472 10984 10985
1950 29 2 20 1 2729 1998 2630 2644 9192 9193 9169 9170 4272 4271 4274 4273 4266 4265 7199 7198 9196 9216 4276 10959
1951 29 2 20 1 2830 2812 812 811 6825 6824 6305 6304 10949 10948 6819 6818 948 949 6303 6302 10950 6829 10986 6308
1952 29 2 20 1 2775 2730 2655 2776 4955 4954 7359 7358 10966 10967 9218 9217 8666 8667 5473 5472 10987 9220 10988 9249
1953 29 2 20 1 809 811 2830 812 946 945 6819 6818 8234 8233 950 951 10949 10948 949 948 9073 952 10989 10986
1954 29 2 20 1 2771 2775 1991 2727 7085 7086 8469 8468 4828 4827 4831 4832 4829 4830 9123 9124 8471 10990 4837 10970
1955 29 2 20 1 2654 2730 2655 2775 6319 6318 7359 7358 3264 3263 10982 10981 10967 10966 4955 4954 8240 10991 10992 10987
1956 29 2 20 1 2775 1991 2655 2654 8469 8468 3273 3274 10966 10967 10981 10982 3263 3264 3270 3269 10971 10983 10992 3276
1957 29 2 20 1 1363 2802 2660 1360 10590 10591 8610 8609 10547 10548 1806 1805 4731 4732 5620 5621 10993 10994 10995 10996
1958 29 2 20 1 2751 812 2776 2775 4963 4964 4959 4960 4968 4967 4952 4953 9217 9218 9088 9087 4970 9089 9219 10997
1959 29 2 20 1 2766 807 809 2644 4646 4645 924 923 4603 4602 4647 4648 6601 6600 4649 4650 7699 4654 9251 6604
1960 29 2 20 1 2654 1994 2730 1995 6323 6322 6324 6325 6318 6319 6458 6457 5338 5339 2383 2384 6329 10998 6460 10999
1961 29 2 20 1 2654 1991 1994 1992 3270 3269 2373 2374 6322 6323 6456 6455 2378 2379 2353 2354 9100 10985 11000 2380
1962 29 2 20 1 1994 2654 1992 1995 6322 6323 6455 6456 2378 2379 2383 2384 2382 2381 6458 6457 11000 10998 2385 6462
1963 29 2 20 1 2644 810 809 2751 4572 4571 927 926 6600 6601 9187 9188 4965 4966 4374 4373 6603 9221 11001 9222
1964 29 2 20 1 827 825 2846 2840 1103 1104 10023 10024 9924 9923 8073 8072 9925 9926 11002 11003 11004 11005 9929 11006
1965 29 2 20 1 2840 825 824 827 11002 11003 1077 1076 11007 11008 8072 8073 1100 1101 1103 1104 11009 11005 11010 1105
1966 29 2 20 1 2630 2632 2763 1996 3078 3077 9317 9316 5317 5318 5314 5313 5315 5316 9039 9040 9321 9048 5323 9319
1967 29 2 20 1 2672 2617 2775 2655 3973 3972 11011 11012 9108 9109 3421 3422 10966 10967 8663 8662 11013 11014 11015 11016
1968 29 2 20 1 2631 1993 2656 293 3084 3083 8645 8644 3296 3295 3301 3302 3303 3304 7999 8000 11017 8001 3306 9263
1969 29 2 20 1 2631 1994 2656 1993 6321 6320 8646 8647 3296 3295 3083 3084 8645 8644 2376 2375 8865 10896 11017 8648
1970 29 2 20 1 2664 2655 2799 2776 8354 8353 7363 7362 9230 9231 8664 8665 5479 5478 8666 8667 11018 8670 11019 9250
1971 29 2 20 1 2664 2631 2799 2655 5304 5303 7361 7360 9230 9231 8353 8354 7363 7362 6017 6018 9234 11020 11018 7365
1972 29 2 20 1 2664 2656 2631 2655 3823 3822 3296 3295 5303 5304 8353 8354 6017 6018 3265 3266 5312 8357 11020 6020
1973 29 2 20 1 2664 2656 296 295 3823 3822 3824 3825 3816 3817 6478 6477 439 440 4152 4151 3829 11021 11022 9261
1974 29 2 20 1 2791 292 2792 2608 6392 6393 6531 6532 7672 7673 6390 6391 5349 5350 6395 6394 11023 6398 7680 6533
1975 29 2 20 1 2664 2655 2617 2625 8354 8353 8663 8662 8661 8660 3347 3346 3977 3976 11024 11025 8668 11026 11027 11028
1976 29 2 20 1 2630 2799 2631 2730 9082 9083 7360 7361 3074 3073 4269 4270 6317 6316 5481 5480 10961 11029 11030 7366
1977 29 2 20 1 2630 2799 2730 2644 9082 9083 5480 5481 4269 4270 4266 4265 4267 4268 5477 5476 11029 9084 4275 5483
1978 29 2 20 1 2630 2730 1994 1995 4270 4269 6325 6324 9044 9043 9168 9167 2383 2384 5338 5339 11031 11032 11033 10999
1979 29 2 20 1 2729 2730 2630 1995 4013 4012 4269 4270 4272 4271 8255 8256 9168 9167 5338 5339 4277 8257 9195 11032
1980 29 2 20 1 2630 2609 2644 1997 6381 6380 6382 6383 4266 4265 5319 5320 10956 10957 4974 4973 6388 11034 10958 10964
1981 29 2 20 1 2630 2763 2609 1997 5318 5317 7259 7258 6380 6381 5319 5320 4974 4973 5321 5322 9176 5325 11034 7261
1982 29 2 20 1 2630 1997 1995 1994 5320 5319 2409 2408 9168 9167 9044 9043 2384 2383 2403 2404 9171 11035 11033 2410
1983 29 2 20 1 1994 1996 2630 1997 2400 2401 5314 5313 9043 9044 2404 2403 5319 5320 2405 2406 9046 2407 11035 5324
1984 29 2 20 1 2630 2730 2631 1994 4270 4269 6317 6316 3074 3073 9044 9043 6320 6321 6324 6325 11030 11031 10894 6327
1985 29 2 20 1 2607 2631 2630 2608 4147 4146 3074 3073 4144 4145 2926 2925 6377 6376 6397 6396 4150 11036 9241 10962
1986 29 2 20 1 2607 290 2763 2632 2924 2923 4565 4564 4563 4562 4143 4142 9317 9316 9281 9282 4568 11037 9320 9318
1987 29 2 20 1 289 292 290 2607 404 403 406 407 380 379 2932 2931 2924 2923 9311 9312 408 9314 2934 10945
1988 29 2 20 1 2607 292 2631 2608 9311 9312 3299 3300 4146 4147 2926 2925 6397 6396 6395 6394 11038 9315 11036 6400
1989 29 2 20 1 2607 2631 292 293 4147 4146 3300 3299 9312 9311 6293 6294 410 409 3301 3302 11038 6298 10947 3307
1990 29 2 20 1 2607 290 2632 293 2924 2923 9282 9281 4143 4142 6293 6294 6295 6296 411 412 11037 10946 6297 9286
1991 29 2 20 1 827 825 828 2846 1103 1104 1109 1108 1107 1106 9924 9923 10005 10004 10024 10023 1110 11004 10007 10027
1992 29 2 20 1 2792 2842 1326 2643 8345 8344 9339 9340 8053 8054 9254 9253 3706 3707 9277 9278 11039 11040 9323 9341
1993 29 2 20 1 2792 2799 2842 2643 7677 7676 9160 9161 8344 8345 9254 9253 9277 9278 8333 8334 9325 9256 11040 9280
1994 29 2 20 1 2608 1323 2824 2792 8338 8339 6537 6536 7590 7591 5350 5349 7177 7178 8341 8340 9353 8348 10905 10906
1995 29 2 20 1 2792 291 2836 1325 5343 5344 9379 9380 7829 7828 7827 7826 7821 7820 9289 9290 11041 9362 7833 9382
1996 29 2 20 1 2792 1323 1326 2842 8341 8340 1438 1437 8053 8054 8344 8345 9339 9340 8346 8347 9076 8351 11039 9342
1997 29 2 20 1 2796 2687 827 826 5426 5425 4460 4459 8403 8404 10001 10000 1098 1099 11042 11043 8407 11044 10030 11045
1998 29 2 20 1 2843 1971 2788 2652 8871 8872 11046 11047 9054 9053 10610 10611 7276 7275 11048 11049 11050 11051 11052 11053
1999 29 2 20 1 2791 2656 2664 295 5308 5307 3822 3823 5305 5306 11054 11055 6478 6477 4152 4151 5311 11056 11057 11021
2000 29 2 20 1 2791 2656 295 292 5308 5307 4151 4152 11054 11055 6393 6392 434 433 3298 3297 11056 9258 11058 4153
2001 29 2 20 1 2663 2617 2664 2776 3461 3462 8661 8660 3345 3344 6359 6358 8664 8665 6354 6355 11059 6361 11060 8669
2002 29 2 20 1 2663 2625 2664 2617 3349 3348 3347 3346 3345 3344 3462 3461 8661 8660 3976 3977 3356 11061 11059 11027
2003 29 2 20 1 2791 1328 2836 294 8219 8218 9391 9392 10940 10941 8222 8223 9390 9389 4258 4259 10944 8227 11062 9393
2004 29 2 20 1 2791 2836 2792 291 10941 10940 7829 7828 7672 7673 11063 11064 5344 5343 9379 9380 11065 11066 11067 11041
2005 29 2 20 1 2791 295 2664 294 11055 11054 6478 6477 5305 5306 8222 8223 3354 3355 431 432 11057 11068 8386 6482
2006 29 2 20 1 2791 295 294 292 11055 11054 432 431 8222 8223 6393 6392 429 428 434 433 11068 11058 11069 435
2007 29 2 20 1 2791 2792 292 291 7673 7672 6532 6531 6393 6392 11063 11064 401 402 5344 5343 11023 11067 11070 6534
2008 29 2 20 1 2791 294 2836 291 8223 8222 9390 9389 10940 10941 11063 11064 9379 9380 426 425 11062 11071 11066 9396
2009 29 2 20 1 2791 292 294 291 6392 6393 429 428 8222 8223 11063 11064 426 425 401 402 11069 11070 11071 430
2010 29 2 20 1 2840 825 2628 824 11002 11003 5958 5957 8070 8071 11007 11008 5807 5808 1076 1077 11072 11009 11073 7974
2011 29 2 20 1 2676 2663 1328 1326 3459 3460 8216 8217 9237 9236 8974 8975 1463 1462 8051 8052 9239 10955 11074 10939
2012 29 2 20 1 2668 2667 310 2712 3368 3369 9932 9933 5687 5686 5692 5693 5690 5691 6744 6745 11075 9657 5697 11076
2013 29 2 20 1 2663 1328 1325 2836 8216 8217 1459 1460 7822 7823 7819 7818 7820 7821 9392 9391 10938 10943 7830 9397
2014 29 2 20 1 2676 2617 2812 1329 3458 3457 6300 6301 6403 6402 3467 3468 6072 6071 3463 3464 11077 3470 6407 9365
2015 29 2 20 1 2663 2625 2617 1329 3349 3348 3977 3976 3462 3461 3465 3466 3463 3464 6311 6312 11061 10937 3471 9431
2016 29 2 20 1 2617 2812 2776 2676 6300 6301 8232 8231 6354 6355 3458 3457 6356 6357 6402 6403 10931 11077 6360 9371
2017 29 2 20 1 1328 1329 2676 1326 1465 1466 3467 3468 9236 9237 1463 1462 8974 8975 1468 1467 9240 1469 11074 8977
2018 29 2 20 1 2663 2799 2828 2776 9328 9329 9182 9183 8048 8047 6359 6358 9180 9181 5479 5478 9331 11078 11079 9186
2019 29 2 20 1 2836 2663 2791 2792 7819 7818 8221 8220 10941 10940 7828 7829 7672 7673 7824 7825 10942 7831 11065 11080
2020 29 2 20 1 2663 2799 2791 2792 9328 9329 7674 7675 8220 8221 7824 7825 7672 7673 7677 7676 11081 9330 11080 7682
2021 29 2 20 1 2663 2791 2799 2664 8221 8220 7675 7674 9329 9328 3345 3344 9231 9230 5305 5306 11081 8385 11082 9232
2022 29 2 20 1 2663 2776 2664 2799 6358 6359 8664 8665 3345 3344 9329 9328 9230 9231 5478 5479 11060 11078 11082 11019
2023 29 2 20 1 2640 2709 297 1331 7462 7463 7017 7016 3159 3160 7601 7602 4096 4095 7018 7019 7467 7607 9437 7022
2024 29 2 20 1 2672 2671 2775 2617 3971 3970 6690 6691 9108 9109 3972 3973 11011 11012 3974 3975 9112 3980 11013 11083
2025 29 2 20 1 2671 2625 2604 2617 3969 3968 3028 3027 4848 4849 3974 3975 3111 3110 3976 3977 11084 3981 4850 9429
2026 29 2 20 1 2709 2626 298 297 7014 7015 9423 9422 7465 7464 7016 7017 461 462 4093 4094 11085 7020 7468 9426
2027 29 2 20 1 2709 2626 2625 295 7014 7015 3030 3029 10925 10926 9103 9104 6479 6480 8630 8631 11086 11087 11088 8632
2028 29 2 20 1 2709 2626 295 298 7014 7015 8631 8630 9103 9104 7465 7464 463 464 9422 9423 11087 11085 11089 9424
2029 29 2 20 1 2672 2709 2670 2671 3736 3735 3737 3738 3733 3734 3970 3971 3393 3394 10924 10923 3743 10927 9111 11090
2030 29 2 20 1 2709 295 2734 298 9104 9103 4081 4080 9101 9102 7465 7464 4084 4085 463 464 9107 11089 9466 4087
2031 29 2 20 1 2705 310 2764 2712 3699 3700 10462 10461 4575 4576 5688 5689 8320 8321 5690 5691 11091 5696 8322 10633
2032 29 2 20 1 2651 1333 2758 2733 9496 9497 5852 5853 6443 6444 7553 7554 6730 6731 9491 9490 11092 9502 9565 9559
2033 29 2 20 1 2604 2758 1332 1331 9560 9561 5857 5856 2901 2900 7450 7451 1495 1496 7603 7604 9563 11093 8358 8174
2034 29 2 20 1 2604 2626 2758 1331 3032 3031 9454 9453 9561 9560 7450 7451 7603 7604 4090 4089 11094 7453 11093 9456
2035 29 2 20 1 2604 2626 2709 2758 3032 3031 7015 7014 11095 11096 9561 9560 7599 7600 9453 9454 11097 11094 11098 9455
2036 29 2 20 1 2604 2709 2626 2625 11096 11095 7014 7015 3031 3032 3028 3027 3029 3030 10925 10926 11097 11099 3039 11086
2037 29 2 20 1 2670 816 2637 1989 6491 6490 4841 4842 9520 9521 7704 7705 9486 9485 7706 7707 9524 7709 11100 9590
2038 29 2 20 1 2671 2709 2604 2625 10924 10923 11095 11096 4848 4849 3968 3969 3028 3027 10925 10926 11101 10929 11084 11099
2039 29 2 20 1 2728 2668 2667 310 9956 9957 3368 3369 9958 9959 7508 7507 9933 9932 5687 5686 9962 11102 10161 11075
2040 29 2 20 1 811 2616 2634 2617 2969 2970 4818 4817 4944 4945 2973 2974 3117 3116 2972 2971 9413 2979 10930 4822
2041 29 2 20 1 2672 2625 2617 2655 3966 3967 3977 3976 3972 3973 3421 3422 8663 8662 11025 11024 3979 11103 11014 11028
2042 29 2 20 1 2651 2758 1333 2634 6444 6443 5853 5852 9497 9496 9498 9499 3451 3452 9573 9574 11092 11104 9503 9577
2043 29 2 20 1 2728 310 308 2705 7507 7508 586 587 3996 3997 11105 11106 3701 3702 3699 3700 7510 11107 11108 3705
2044 29 2 20 1 2671 2758 2604 2709 6449 6450 9561 9560 4848 4849 10923 10924 11095 11096 7600 7599 11109 11110 11101 11098
2045 29 2 20 1 2671 2604 2758 2634 4849 4848 9560 9561 6450 6449 4819 4820 9573 9574 3118 3119 11109 4851 11111 9576
2046 29 2 20 1 2651 2634 2671 2758 9499 9498 4819 4820 3391 3392 6443 6444 6450 6449 9574 9573 9580 11104 6454 11111
2047 29 2 20 1 2640 300 2741 297 3157 3158 4183 4182 9434 9435 3159 3160 9432 9433 486 485 11112 3163 9436 9535
2048 29 2 20 1 816 2651 2637 818 6667 6668 9518 9519 4842 4841 1013 1014 4843 4844 3237 3238 9525 6669 4847 11113
2049 29 2 20 1 2639 2651 2758 2726 6446 6445 6444 6443 6442 6441 5899 5900 4487 4486 8742 8743 6451 11114 9514 8747
2050 29 2 20 1 2665 2728 308 2705 3994 3995 3997 3996 3998 3999 7183 7182 3701 3702 11105 11106 4002 11115 11116 11108
2051 29 2 20 1 1337 1335 2679 1334 1552 1553 5915 5916 9784 9783 1550 1549 3496 3495 1525 1526 11117 1554 11118 11119
2052 29 2 20 1 191 1986 2707 192 2296 2297 7513 7514 3723 3724 217 216 3831 3830 2299 2300 9749 2301 3833 7517
2053 29 2 20 1 2650 2651 2733 817 3240 3239 7554 7553 6729 6728 3241 3242 4068 4069 3243 3244 9564 3247 11120 7556
2054 29 2 20 1 130 2650 817 2752 11121 11122 3242 3241 1001 1000 5609 5608 9692 9693 9690 9691 11123 11124 9822 9697
2055 29 2 20 1 2650 130 2733 1336 11122 11121 4066 4067 6729 6728 5074 5075 8367 8366 1541 1542 11125 11126 9427 8368
2056 29 2 20 1 2650 2733 130 817 6728 6729 4067 4066 11121 11122 3241 3242 1001 1000 4068 4069 11125 11120 11123 4072
2057 29 2 20 1 2808 1338 1335 1337 9708 9709 1557 1558 5913 5914 11127 11128 1552 1553 1555 1556 9711 11129 11130 1559
2058 29 2 20 1 2639 2671 2709 2758 6448 6447 10924 10923 9460 9459 6442 6441 7599 7600 6450 6449 11131 6452 11132 11110
2059 29 2 20 1 2670 2639 2708 1988 9458 9457 6673 6672 3731 3732 9398 9399 6676 6677 6680 6681 9462 11133 9400 6683
2060 29 2 20 1 2639 2709 2640 2758 9459 9460 7463 7462 5365 5366 6442 6441 4484 4485 7599 7600 11134 11132 9513 7605
2061 29 2 20 1 2639 2637 2638 1988 3151 3152 3143 3144 3150 3149 6680 6681 6678 6679 9484 9483 3156 11135 6685 9788
2062 29 2 20 1 2734 2708 1987 1988 9543 9544 11136 11137 9614 9613 9550 9551 2315 2316 6676 6677 11138 9552 11139 11140
2063 29 2 20 1 2644 809 2776 2751 6601 6600 4962 4961 5474 5475 9187 9188 4967 4968 4965 4966 8045 11001 9191 4972
2064 29 2 20 1 2725 2741 1334 1335 4180 4181 4189 4188 4186 4187 6419 6418 1526 1525 8176 8177 4191 9556 11141 8178
2065 29 2 20 1 2725 2758 2640 2741 4483 4482 4484 4485 4480 4481 4181 4180 9434 9435 8167 8166 4490 9557 11142 9451
2066 29 2 20 1 2725 2679 1335 1334 4778 4779 5916 5915 6419 6418 4186 4187 1525 1526 3496 3495 8739 9799 11141 11119
2067 29 2 20 1 2755 2715 2781 1338 9841 9840 8084 8083 9832 9833 9972 9973 9671 9672 6723 6724 11143 11144 9978 9674
2068 29 2 20 1 2639 2807 2651 2726 5896 5895 11145 11146 6445 6446 5899 5900 8742 8743 5901 5902 11147 5906 11114 11148
2069 29 2 20 1 2725 2640 301 300 4481 4480 3684 3685 4776 4777 4184 4185 491 492 3158 3157 9775 11149 9515 3686
2070 29 2 20 1 2725 2741 2640 300 4180 4181 9434 9435 4480 4481 4184 4185 3158 3157 4183 4182 11142 4190 11149 11112
2071 29 2 20 1 2679 303 300 301 6870 6871 515 516 3499 3500 4781 4780 492 491 519 518 9781 6872 9516 520
2072 29 2 20 1 2703 2640 2725 2726 5368 5367 4480 4481 3944 3943 3951 3952 3949 3950 4478 4479 9772 7810 3956 4488
2073 29 2 20 1 2708 2640 2639 2709 8626 8625 5365 5366 6673 6672 3739 3740 9460 9459 7463 7462 9622 8629 9463 11134
2074 29 2 20 1 2703 301 2746 302 9771 9770 8708 8707 5361 5362 9777 9778 4294 4295 500 499 9776 11150 9793 9594
2075 29 2 20 1 1337 1335 2808 2679 1552 1553 5913 5914 11128 11127 9784 9783 5911 5912 5916 5915 11130 11117 11151 5919
2076 29 2 20 1 1334 1337 15 2679 1550 1549 1548 1547 1544 1545 3495 3496 9540 9539 9784 9783 1551 11118 9798 9786
2077 29 2 20 1 2734 2672 1991 1990 7093 7092 3424 3423 11152 11153 7457 7458 2346 2345 3418 3417 11154 7459 11155 3426
2078 29 2 20 1 2651 2616 815 2670 3385 3386 9478 9477 3792 3791 3389 3390 6485 6484 3388 3387 11156 3397 11157 11158
2079 29 2 20 1 2708 2640 298 299 8626 8625 3162 3161 8624 8623 9509 9510 470 469 4626 4627 8627 11159 9511 4628
2080 29 2 20 1 2755 2679 303 1337 9850 9851 6870 6871 4618 4619 4614 4615 4621 4620 9783 9784 11160 11161 4625 9785
2081 29 2 20 1 1985 2746 1984 2703 8438 8439 5844 5843 2286 2285 3667 3666 9676 9677 5362 5361 9877 8442 9678 9792
2082 29 2 20 1 1985 1987 2746 2638 2310 2311 5842 5841 8439 8438 3672 3673 8440 8441 11162 11163 9876 11164 8443 11165
2083 29 2 20 1 2638 2703 2639 2746 3674 3675 5363 5364 3149 3150 8441 8440 5360 5359 5361 5362 6937 8444 11166 5371
2084 29 2 20 1 1988 1985 1986 2637 2314 2313 2294 2293 2318 2319 9483 9484 5872 5873 5879 5878 2320 9789 9488 5883
2085 29 2 20 1 2708 2638 1987 1988 6675 6674 11162 11163 11137 11136 6676 6677 2315 2316 6678 6679 11167 6684 11140 11168
2086 29 2 20 1 2670 2709 2639 2671 3738 3737 9460 9459 9457 9458 3393 3394 6447 6448 10924 10923 9461 11090 11169 11131
2087 29 2 20 1 2638 1985 1987 1988 3672 3673 2310 2311 11163 11162 6678 6679 2315 2316 2314 2313 11164 9790 11168 2317
2088 29 2 20 1 1336 1338 1335 2781 1561 1560 1557 1558 1533 1534 5073 5072 5071 5070 9672 9671 1562 11170 5078 9710
2089 29 2 20 1 1991 1988 2734 1990 2344 2343 9550 9551 11153 11152 2346 2345 7457 7458 2341 2340 11171 2347 11155 11172
2090 29 2 20 1 1988 1990 1987 2734 2340 2341 2336 2335 2316 2315 9551 9550 9613 9614 7458 7457 2342 11172 11139 9623
2091 29 2 20 1 2734 2672 2727 1991 7093 7092 3957 3958 9546 9545 11152 11153 4830 4829 3423 3424 9547 11154 11173 11174
2092 29 2 20 1 2672 2709 2625 295 3736 3735 10926 10925 3967 3966 7094 7095 6479 6480 9103 9104 10928 9106 11175 11088
2093 29 2 20 1 1991 1988 2727 2734 2344 2343 5848 5849 4829 4830 11153 11152 9545 9546 9551 9550 5850 11171 11173 9553
2094 29 2 20 1 814 2616 815 2651 4254 4255 9478 9477 979 978 3794 3793 3791 3792 3385 3386 11176 9578 3795 11156
2095 29 2 20 1 2754 1338 2755 1337 5191 5190 9972 9973 4417 4418 4613 4612 4614 4615 1555 1556 11177 5192 4622 11178
2096 29 2 20 1 2616 812 814 815 2978 2977 976 975 4254 4255 9477 9478 979 978 980 981 4257 11179 11176 982
2097 29 2 20 1 2771 813 815 816 9441 9440 984 983 6489 6488 4899 4898 987 986 988 989 9480 9445 6494 990
2098 29 2 20 1 815 2670 2616 2771 6484 6485 3388 3387 9478 9477 6488 6489 7088 7087 6487 6486 11158 6492 9481 7090
2099 29 2 20 1 2672 295 2664 296 7095 7094 6478 6477 3818 3819 3815 3814 3816 3817 440 439 11180 7098 3826 11022
2100 29 2 20 1 2670 2651 816 815 3389 3390 6668 6667 6490 6491 6484 6485 986 987 3792 3791 9523 11157 6493 6670
2101 29 2 20 1 2616 813 812 815 9476 9475 957 956 2977 2978 9477 9478 980 981 983 984 11181 9482 11179 985
2102 29 2 20 1 2743 304 2722 307 6429 6428 8462 8463 4794 4795 9665 9664 9629 9630 553 554 8464 11182 9666 9633
2103 29 2 20 1 2666 306 2743 307 6983 6982 7128 7127 5113 5114 9916 9917 9665 9664 552 551 7539 11183 11184 11185
2104 29 2 20 1 1979 2665 2705 2765 7184 7185 7182 7183 7139 7138 8036 8037 4578 4577 4630 4631 7187 8250 9931 9685
2105 29 2 20 1 2743 306 304 307 7127 7128 548 549 6428 6429 9665 9664 553 554 552 551 7130 11185 11182 555
2106 29 2 20 1 310 311 2705 2764 589 590 3698 3697 3699 3700 10461 10462 4575 4576 5950 5949 3704 10465 11091 9899
2107 29 2 20 1 2773 2717 2681 825 7116 7115 7117 7118 6008 6007 8148 8147 4338 4337 7856 7857 7121 11186 8149 8097
2108 29 2 20 1 2773 824 2717 825 4918 4919 5811 5812 7115 7116 8148 8147 7856 7857 1077 1076 9831 11187 11186 7975
2109 29 2 20 1 822 2603 2773 2717 2894 2895 6010 6009 4917 4916 9717 9718 7115 7116 3806 3807 6014 9719 9722 7120
2110 29 2 20 1 2774 2717 824 823 5204 5205 5812 5811 4921 4920 5201 5200 1068 1069 5194 5195 9830 5207 9874 9856
2111 29 2 20 1 822 2717 2774 821 9718 9717 5205 5204 4924 4925 1046 1047 9868 9867 7370 7371 9723 9720 11188 11189
2112 29 2 20 1 2603 1982 2681 2686 6470 6469 7314 7315 6006 6005 7156 7155 4804 4803 6875 6874 7393 8092 9740 7316
2113 29 2 20 1 2773 824 825 822 4918 4919 1076 1077 8148 8147 4916 4917 1079 1078 1074 1073 11187 4926 8150 1080
2114 29 2 20 1 824 822 2774 821 1073 1074 4925 4924 4920 4921 1071 1070 9868 9867 1046 1047 4927 1075 9873 11188
2115 29 2 20 1 2603 2706 822 1983 6464 6463 3717 3718 2894 2895 7391 7392 3517 3516 5131 5130 11190 11191 9872 9743
2116 29 2 20 1 2603 2706 1983 1982 6464 6463 5130 5131 7391 7392 6469 6470 2264 2263 6471 6472 11191 6476 7395 9508
2117 29 2 20 1 2755 2756 2715 1338 4422 4421 7162 7163 9840 9841 9972 9973 6723 6724 5832 5831 9846 11192 11144 7166
2118 29 2 20 1 2715 2815 2756 2717 9862 9861 7498 7497 7162 7163 3804 3805 7007 7008 7932 7933 9863 11193 11194 9827
2119 29 2 20 1 2715 2602 2752 820 8080 8079 9689 9688 4383 4384 9470 9471 9745 9746 4909 4910 9839 9472 9859 9747
2120 29 2 20 1 2807 2726 2650 2651 5902 5901 8740 8741 11195 11196 11146 11145 3239 3240 8743 8742 11197 11148 11198 8746
2121 29 2 20 1 2807 2651 2650 818 11145 11146 3239 3240 11195 11196 11199 11200 3236 3235 3237 3238 11198 11201 11202 3245
2122 29 2 20 1 2602 2603 2706 822 2891 2890 6464 6463 9728 9729 2892 2893 3718 3717 2894 2895 9742 2898 9754 11190
2123 29 2 20 1 2807 819 2637 818 8200 8199 4840 4839 5871 5870 11199 11200 4843 4844 1016 1017 8203 11203 11204 4846
2124 29 2 20 1 2639 2807 2637 2651 5896 5895 5870 5871 3152 3151 6445 6446 9518 9519 11146 11145 9421 11147 11205 11206
2125 29 2 20 1 2807 2637 2651 818 5870 5871 9519 9518 11146 11145 11199 11200 3237 3238 4843 4844 11206 11204 11201 11113
2126 29 2 20 1 2636 2737 1982 2744 7223 7224 4126 4127 6467 6468 8399 8400 5454 5453 5455 5456 11207 11208 8402 5459
2127 29 2 20 1 1985 2706 1986 2807 5132 5133 5135 5134 2293 2294 5877 5876 5875 5874 8734 8733 5138 11209 5882 8736
2128 29 2 20 1 1985 2706 2807 2636 5132 5133 8733 8734 5877 5876 3670 3671 5893 5894 6176 6175 11209 11210 8704 11211
2129 29 2 20 1 303 2669 2755 304 3377 3376 11212 11213 4619 4618 522 521 8131 8130 3380 3381 11214 3383 11215 11216
2130 29 2 20 1 303 2669 2679 2755 3377 3376 4782 4783 6870 6871 4619 4618 9850 9851 11213 11212 6873 11214 11160 11217
2131 29 2 20 1 2724 2603 2636 2706 8692 8691 6465 6466 6177 6178 6174 6173 6175 6176 6463 6464 11218 9741 6181 6473
2132 29 2 20 1 2636 1982 2737 1985 6468 6467 4127 4126 7224 7223 3671 3670 4130 4131 2284 2283 11207 11219 7228 4133
2133 29 2 20 1 2636 2706 1982 1985 6176 6175 6472 6471 6467 6468 3671 3670 2284 2283 5132 5133 6474 11210 11219 9507
2134 29 2 20 1 2636 2706 2807 2726 6176 6175 8733 8734 5894 5893 5897 5898 5901 5902 6179 6180 11211 6184 5904 11220
2135 29 2 20 1 2808 2755 1338 1337 9975 9974 9973 9972 9709 9708 11127 11128 1555 1556 4614 4615 9976 11221 11129 11178
2136 29 2 20 1 2724 2636 2603 2744 6178 6177 6466 6465 8691 8692 11222 11223 7486 7487 8399 8400 11218 11224 11225 8401
2137 29 2 20 1 2724 2603 2716 2744 8692 8691 3801 3800 6760 6761 11222 11223 4223 4222 7486 7487 8693 11225 11226 7488
2138 29 2 20 1 2724 2726 2636 2703 3948 3947 5897 5898 6177 6178 3942 3941 3668 3669 3952 3951 6183 3954 11227 8352
2139 29 2 20 1 2724 2703 2636 2737 3941 3942 3668 3669 6177 6178 11228 11229 7224 7223 9732 9733 11227 11230 11231 9734
2140 29 2 20 1 2669 2679 2724 2725 4782 4783 9795 9794 9756 9757 4785 4784 3945 3946 4778 4779 11232 4789 9760 9796
2141 29 2 20 1 2755 2715 2716 2781 9841 9840 3798 3799 8136 8137 9832 9833 6763 6762 8083 8084 9844 11143 9835 11233
2142 29 2 20 1 2724 304 2744 2716 8133 8132 6430 6431 11222 11223 6760 6761 4222 4223 6433 6432 11234 8141 11226 6436
2143 29 2 20 1 2724 2737 2636 2744 11229 11228 7224 7223 6177 6178 11222 11223 8399 8400 5455 5456 11231 11235 11224 11208
2144 29 2 20 1 2669 2703 2737 302 9759 9758 9733 9732 9699 9698 9637 9638 9700 9701 9777 9778 11236 11237 9703 9780
2145 29 2 20 1 2669 301 2703 302 3379 3378 9770 9771 9758 9759 9637 9638 9777 9778 500 499 9791 11238 11237 11150
2146 29 2 20 1 2669 2724 304 2744 9757 9756 8133 8132 3380 3381 8638 8639 6431 6430 11222 11223 11239 11240 8642 11234
2147 29 2 20 1 2669 2737 2724 2744 9698 9699 11228 11229 9756 9757 8638 8639 11222 11223 5455 5456 11241 9765 11240 11235
2148 29 2 20 1 2669 2703 2724 2737 9759 9758 3942 3941 9756 9757 9699 9698 11228 11229 9732 9733 9762 11236 11241 11230
2149 29 2 20 1 2755 304 2669 2724 8130 8131 3380 3381 11212 11213 8134 8135 9756 9757 8133 8132 11216 8138 11242 11239
2150 29 2 20 1 2669 304 301 302 3381 3380 523 524 3378 3379 9637 9638 500 499 527 526 3384 9640 11238 528
2151 29 2 20 1 2755 2716 2756 2743 8137 8136 9843 9842 4421 4422 4415 4416 4424 4423 4221 4220 9845 9801 4428 11243
2152 29 2 20 1 2715 1336 2752 2650 4386 4385 4387 4388 4383 4384 8082 8081 9691 9690 5075 5074 4391 11244 9838 11245
2153 29 2 20 1 2808 2781 2755 2679 5907 5908 9832 9833 9974 9975 5911 5912 9851 9850 5910 5909 9977 5917 11246 9852
2154 29 2 20 1 2752 2650 1336 130 9690 9691 5075 5074 4387 4388 5608 5609 1542 1541 11121 11122 11245 11124 5610 11126
2155 29 2 20 1 1336 1338 2781 2806 1561 1560 9671 9672 5073 5072 5865 5866 9669 9670 5861 5862 11170 5867 9808 9675
2156 29 2 20 1 2808 2679 2755 1337 5912 5911 9851 9850 9974 9975 11127 11128 4614 4615 9783 9784 11246 11151 11221 11161
2157 29 2 20 1 2715 1336 2650 2781 4386 4385 5074 5075 8082 8081 8083 8084 5066 5067 5073 5072 11244 9807 8087 5077
2158 29 2 20 1 2754 2756 2755 1338 4420 4419 4421 4422 4417 4418 5190 5191 9972 9973 5832 5831 4427 5837 11177 11192
2159 29 2 20 1 2781 2650 2726 1335 5066 5067 8741 8740 6420 6421 5070 5071 6423 6422 5069 5068 11247 5076 6426 9687
2160 29 2 20 1 2726 2602 2650 2781 9624 9625 8078 8077 8741 8740 6421 6420 5066 5067 6753 6752 11248 9627 11247 8086
2161 29 2 20 1 2754 1340 16 306 4667 4666 1578 1577 4664 4665 5022 5023 544 543 5758 5759 4670 6985 11249 5763
2162 29 2 20 1 2715 821 2774 2717 7369 7368 9868 9867 9866 9865 3804 3805 5205 5204 7371 7370 9869 7372 11250 11189
2163 29 2 20 1 2756 1341 1339 1338 5836 5835 1590 1591 7164 7165 5832 5831 1563 1564 1588 1587 9848 5840 7168 1592
2164 29 2 20 1 2666 2711 2668 2687 4328 4327 9655 9654 3370 3371 3557 3558 3560 3559 4329 4330 11251 4335 3565 11252
2165 29 2 20 1 2666 2686 2749 2687 3553 3554 7303 7304 4324 4323 3557 3558 4331 4332 3556 3555 9969 3563 4334 7305
2166 29 2 20 1 2666 2756 2749 2717 5110 5109 9823 9824 4324 4323 7005 7006 5196 5197 7007 7008 11253 7012 9970 9825
2167 29 2 20 1 2754 306 16 303 5023 5022 544 543 4664 4665 4616 4617 541 540 546 545 11249 5026 9879 547
2168 29 2 20 1 2756 2717 2743 2716 7008 7007 7009 7010 4424 4423 9843 9842 4220 4221 3809 3808 7013 11254 11243 7409
2169 29 2 20 1 2774 821 820 823 9867 9868 1039 1038 6168 6167 5201 5200 1062 1063 1065 1066 9871 9875 6172 1067
2170 29 2 20 1 2774 2749 823 1342 5202 5203 5198 5199 5201 5200 7381 7382 9645 9644 7380 7379 5208 7387 9647 11255
2171 29 2 20 1 823 1342 132 2815 9644 9645 1601 1602 1060 1061 6164 6163 6860 6861 7383 7384 10056 9646 8129 9828
2172 29 2 20 1 2749 2687 2717 824 4332 4331 5806 5805 5196 5197 9855 9854 5811 5812 5809 5810 7306 11256 9858 5816
2173 29 2 20 1 2759 2795 2711 1345 9997 9996 9980 9979 4502 4501 8099 8098 9989 9990 9991 9992 9999 11257 11258 9993
2174 29 2 20 1 2687 2759 2795 2749 4503 4504 9997 9996 5424 5423 4332 4331 9982 9981 4499 4500 11259 4506 11260 9998
2175 29 2 20 1 2749 2795 823 1342 9982 9981 5417 5418 5199 5198 7380 7379 9645 9644 9983 9984 11261 9988 11255 10054
2176 29 2 20 1 2749 1342 2756 1341 7379 7380 7501 7502 9823 9824 10164 10165 5835 5836 1593 1594 10037 10167 11262 9849
2177 29 2 20 1 2666 306 2760 1340 6983 6982 5756 5757 6812 6811 6273 6274 5754 5755 5759 5758 11263 6986 6815 5762
2178 29 2 20 1 824 827 2687 2840 1101 1100 4459 4460 5810 5809 11008 11007 8068 8069 8073 8072 8406 11010 11264 8075
2179 29 2 20 1 2759 1345 2711 1344 8098 8099 9989 9990 4502 4501 5407 5408 5411 5412 1623 1624 11258 8474 5414 10163
2180 29 2 20 1 2835 2818 2738 2803 10081 10080 8114 8115 10093 10094 10149 10150 11265 11266 8102 8103 11267 10152 11268 11269
2181 29 2 20 1 2711 1343 2713 1344 4529 4528 9946 9947 3767 3768 5411 5412 5409 5410 1616 1615 9950 7589 5416 10138
2182 29 2 20 1 2710 2712 2764 2761 3762 3761 8320 8321 10420 10421 10379 10378 10513 10512 10381 10380 11270 10383 10707 10632
2183 29 2 20 1 2710 2711 2759 2687 3757 3758 4502 4501 5657 5656 5660 5661 4503 4504 4329 4330 11271 11272 5663 4507
2184 29 2 20 1 2710 2668 2711 2687 11273 11274 9654 9655 3758 3757 5660 5661 4329 4330 3560 3559 11275 11276 11272 11252
2185 29 2 20 1 2667 2668 2666 2711 3369 3368 3370 3371 3362 3363 6746 6747 4327 4328 9655 9654 3375 9656 7805 11251
2186 29 2 20 1 2786 72 1972 314 5232 5231 2158 2157 6798 6797 5233 5234 6805 6806 627 628 10168 5237 6808 10453
2187 29 2 20 1 2755 2724 2669 2679 8135 8134 9756 9757 11212 11213 9851 9850 4783 4782 9795 9794 11242 9853 11217 11232
2188 29 2 20 1 2764 2819 2786 1975 6701 6700 6250 6249 5946 5945 4581 4582 10127 10126 8409 8408 6706 8412 10148 11277
2189 29 2 20 1 2710 2713 2761 2624 3764 3763 7641 7640 10379 10378 10567 10568 10176 10175 4163 4164 10382 10570 10766 10177
2190 29 2 20 1 2786 2623 1972 1973 6802 6801 6800 6799 6798 6797 6253 6254 2165 2166 10445 10444 6807 10979 10890 10448
2191 29 2 20 1 2710 2668 2764 2712 11273 11274 6865 6866 10420 10421 3761 3762 8320 8321 5692 5693 11278 11279 11270 8323
2192 29 2 20 1 307 2665 2667 2728 3992 3993 3365 3364 9902 9903 3990 3991 9959 9958 3995 3994 9918 4000 10160 9961
2193 29 2 20 1 2754 304 2755 2743 5021 5020 8131 8130 4417 4418 4414 4413 4415 4416 6429 6428 11280 7129 4425 9802
2194 29 2 20 1 2666 2749 2756 1341 4323 4324 9824 9823 5109 5110 6052 6053 5835 5836 10164 10165 11253 11281 6055 11262
2195 29 2 20 1 2666 2711 2749 1341 4328 4327 4326 4325 4324 4323 6052 6053 10164 10165 4536 4537 4333 11282 11281 10166
2196 29 2 20 1 2754 2755 304 303 4418 4417 8130 8131 5020 5021 4616 4617 521 522 4618 4619 11280 4624 5024 11215
2197 29 2 20 1 2715 2781 2602 2716 8084 8083 6753 6752 8079 8080 3799 3798 6758 6759 6762 6763 8088 11233 9652 6765
2198 29 2 20 1 1341 2760 2666 2711 4534 4535 6812 6811 6053 6052 4537 4536 4327 4328 4530 4531 6814 4541 11282 7807
2199 29 2 20 1 2665 2686 2666 2668 3885 3884 3554 3553 3361 3360 3366 3367 3370 3371 3561 3562 7524 4636 3373 3564
2200 29 2 20 1 2667 2712 2760 309 6745 6744 6743 6742 6741 6740 9900 9901 9882 9881 8579 8580 6748 11283 11284 9955
2201 29 2 20 1 2667 2666 306 2760 3363 3362 6983 6982 9904 9905 6741 6740 5757 5756 6812 6811 11285 7806 11286 11263
2202 29 2 20 1 2715 2815 820 1339 9862 9861 6161 6162 9470 9471 4380 4379 9811 9812 7500 7499 11287 9864 9860 9837
2203 29 2 20 1 2665 1978 2686 1979 3887 3886 3888 3889 3884 3885 7184 7185 4806 4805 2225 2226 3894 7188 8251 7112
2204 29 2 20 1 2667 306 2666 307 9905 9904 6982 6983 3362 3363 9903 9902 9916 9917 552 551 11285 9907 9920 11183
2205 29 2 20 1 2667 309 2760 306 9901 9900 9882 9881 6741 6740 9904 9905 5756 5757 576 575 11284 9908 11286 9889
2206 29 2 20 1 2667 310 2712 309 9932 9933 5691 5690 6744 6745 9900 9901 8579 8580 581 582 11076 9935 11283 8583
2207 29 2 20 1 2665 1978 2705 308 3887 3886 7136 7137 7183 7182 3998 3999 3702 3701 5796 5797 7186 5801 11116 9910
2208 29 2 20 1 2665 2666 2743 307 3360 3361 5114 5113 4796 4797 3992 3993 9665 9664 9916 9917 7523 9919 9668 11184
2209 29 2 20 1 2705 2665 2728 2668 7183 7182 3994 3995 11106 11105 5685 5684 9957 9956 3366 3367 11115 9686 11288 9960
2210 29 2 20 1 2715 2815 2774 820 9862 9861 6166 6165 9866 9865 9470 9471 6168 6167 6162 6161 11289 11287 9870 6170
2211 29 2 20 1 307 2722 2665 308 9629 9630 3881 3880 3993 3992 560 559 3998 3999 5798 5799 9667 9643 4003 5800
2212 29 2 20 1 308 311 74 2705 592 591 594 595 568 567 3701 3702 9890 9891 3697 3698 596 3703 9911 9963
2213 29 2 20 1 2795 823 2687 2749 5417 5418 5428 5427 5423 5424 9982 9981 4332 4331 5198 5199 5430 11261 11260 11290
2214 29 2 20 1 2710 2627 2765 2687 5659 5658 5506 5507 10422 10423 5660 5661 5708 5707 4457 4458 10425 5664 11291 5709
2215 29 2 20 1 2715 2717 2774 2815 3805 3804 5205 5204 9866 9865 9861 9862 6166 6165 7933 7932 11250 11193 11289 7935
2216 29 2 20 1 2687 2749 823 824 4331 4332 5198 5199 5428 5427 5809 5810 1069 1068 9855 9854 11290 11256 8145 9857
2217 29 2 20 1 2687 2759 2796 2795 4503 4504 11292 11293 5426 5425 5424 5423 5422 5421 9996 9997 11294 11259 5431 11295
2218 29 2 20 1 188 2641 189 1977 3169 3168 10119 10118 211 210 2207 2206 2210 2209 3167 3166 10125 3173 2211 10123
2219 29 2 20 1 2840 825 2846 2628 11002 11003 10023 10024 9926 9925 8070 8071 9922 9921 5957 5958 11006 11072 9928 10035
2220 29 2 20 1 2796 823 2795 826 5420 5419 5418 5417 5422 5421 10001 10000 10040 10041 1092 1093 5429 10003 11296 10049
2221 29 2 20 1 2840 824 2628 2687 11008 11007 5807 5808 8070 8071 8069 8068 4456 4455 5810 5809 11073 11264 8074 5815
2222 29 2 20 1 2759 2796 2795 826 11292 11293 5421 5422 9996 9997 11297 11298 10040 10041 10001 10000 11295 11299 11300 11296
2223 29 2 20 1 2759 2795 1345 826 9997 9996 9992 9991 8099 8098 11297 11298 10042 10043 10040 10041 11257 11300 11301 10046
2224 29 2 20 1 2687 2759 826 2796 4503 4504 11298 11297 11042 11043 5426 5425 10000 10001 11293 11292 11302 11294 11044 11299
2225 29 2 20 1 2687 2759 827 826 4503 4504 4759 4758 4459 4460 11042 11043 1098 1099 11297 11298 7274 11302 11045 11303
2226 29 2 20 1 2818 2739 2762 2713 8113 8112 4544 4545 7983 7984 6234 6235 7642 7643 4158 4157 10058 8118 10135 7646
2227 29 2 20 1 2759 1345 2803 826 8098 8099 8105 8104 8106 8107 11297 11298 5679 5680 10042 10043 8111 11301 11304 10076
2228 29 2 20 1 2710 2713 2759 2711 3764 3763 5405 5406 5657 5656 3758 3757 4502 4501 3768 3767 10415 3770 11271 5413
2229 29 2 20 1 2805 2738 2645 2624 7616 7615 10191 10190 5821 5822 5818 5817 5819 5820 4161 4162 10192 10181 5827 11305
2230 29 2 20 1 2692 2682 2838 833 8515 8516 11306 11307 9128 9127 10223 10224 11308 11309 10215 10216 11310 11311 11312 11313
2231 29 2 20 1 2770 2759 2835 827 4753 4752 10082 10083 7793 7794 4756 4757 7796 7795 4758 4759 10180 4763 7800 11314
2232 29 2 20 1 2738 2818 1347 1348 8115 8114 7981 7982 10088 10089 7621 7622 1654 1653 11315 11316 10242 11317 10189 11318
2233 29 2 20 1 2818 1347 1345 1344 7981 7982 1650 1651 8100 8101 6236 6237 1623 1624 1648 1647 11319 7987 8473 1652
2234 29 2 20 1 2818 2803 1345 1348 8103 8102 8104 8105 8100 8101 11315 11316 1655 1656 10072 10071 8110 11320 11321 10074
2235 29 2 20 1 2835 2713 2738 2818 10078 10079 4159 4160 10093 10094 10080 10081 8114 8115 6235 6234 10100 10084 11267 8117
2236 29 2 20 1 2818 1345 1347 1348 8101 8100 1651 1650 7982 7981 11315 11316 1654 1653 1655 1656 11319 11321 11318 1657
2237 29 2 20 1 2738 2803 2818 1348 11266 11265 8102 8103 8114 8115 7621 7622 11315 11316 10072 10071 11269 11322 11317 11320
2238 29 2 20 1 2715 2717 2756 2716 3805 3804 7007 7008 7162 7163 3799 3798 9843 9842 3809 3808 11194 3811 9847 11254
2239 29 2 20 1 835 2832 832 833 6950 6949 10156 10155 1183 1182 1186 1185 1159 1158 10214 10213 10158 10318 1187 10220
2240 29 2 20 1 2803 826 829 2835 5680 5679 1123 1122 10060 10061 10150 10149 7791 7792 11323 11324 10062 11325 11326 11327
2241 29 2 20 1 2602 821 819 818 2886 2887 1043 1044 9751 9752 4911 4912 1016 1017 1041 1040 11328 11329 11330 1045
2242 29 2 20 1 2770 831 2641 828 8283 8282 8572 8573 7236 7237 7232 7233 7239 7238 1139 1138 8576 10101 7243 10120
2243 29 2 20 1 2835 826 2759 2803 11323 11324 11297 11298 10082 10083 10149 10150 8106 8107 5680 5679 11331 11325 10151 11304
2244 29 2 20 1 2803 829 1348 2738 10061 10060 10269 10268 10072 10071 11266 11265 7622 7621 9939 9938 11332 11333 11322 10274
2245 29 2 20 1 829 1348 134 2803 10269 10268 1661 1662 1120 1121 10061 10060 5676 5675 10071 10072 11334 11332 10063 10077
2246 29 2 20 1 2835 827 2759 826 7795 7796 4758 4759 10082 10083 11324 11323 11297 11298 1098 1099 11314 11335 11331 11303
2247 29 2 20 1 2770 2738 829 2835 9936 9937 9939 9938 7790 7789 7793 7794 7791 7792 10094 10093 9941 10097 7799 11336
2248 29 2 20 1 829 827 830 2770 1125 1126 1131 1130 1129 1128 7789 7790 7802 7801 4757 4756 1132 7797 9942 7803
2249 29 2 20 1 2803 829 2738 2835 10061 10060 9938 9939 11266 11265 10150 10149 10094 10093 7791 7792 11333 11326 11268 11336
2250 29 2 20 1 2835 827 826 829 7795 7796 1099 1098 11324 11323 7792 7791 1122 1123 1125 1126 11335 7798 11327 1127
2251 29 2 20 1 2786 2623 2790 2624 6802 6801 10976 10977 6247 6248 10837 10838 5284 5285 3021 3022 10980 11337 11338 11339
2252 29 2 20 1 2691 2647 2645 2622 6839 6840 3211 3212 6886 6887 7075 7076 3209 3210 3214 3213 6889 10449 11340 3219
2253 29 2 20 1 2602 820 821 818 4910 4909 1038 1039 2887 2886 4911 4912 1041 1040 1036 1035 9474 4915 11329 1042
2254 29 2 20 1 2627 1976 2765 1977 10067 10066 7219 7220 5507 5506 5510 5511 5514 5515 2203 2204 10919 10070 5517 7222
2255 29 2 20 1 2602 819 2807 818 9752 9751 8199 8200 11341 11342 4911 4912 11199 11200 1016 1017 11343 11330 11344 11203
2256 29 2 20 1 2767 2629 2817 840 7024 7023 6227 6228 7428 7427 5274 5275 7947 7948 8911 8912 8492 11345 7949 8915
2257 29 2 20 1 2710 2668 2687 2765 11273 11274 3559 3560 5660 5661 10422 10423 5707 5708 4632 4633 11276 11346 11291 7132
2258 29 2 20 1 2728 2705 2668 310 11106 11105 5684 5685 9957 9956 7508 7507 5687 5686 3700 3699 11288 11107 11102 5694
2259 29 2 20 1 2627 1977 2628 828 5511 5510 5512 5513 3051 3052 3048 3047 3049 3050 7231 7230 5518 11347 3057 10031
2260 29 2 20 1 2602 2706 2807 819 9729 9728 8733 8734 11341 11342 9751 9752 8199 8200 8731 8732 11348 9753 11343 8735
2261 29 2 20 1 2602 821 822 819 2886 2887 1046 1047 2892 2893 9751 9752 1049 1048 1044 1043 2897 11328 9755 1050
2262 29 2 20 1 1977 828 2627 2770 7230 7231 3048 3047 5511 5510 7234 7235 4754 4755 7233 7232 11347 7240 10105 7609
2263 29 2 20 1 2627 2624 2770 2738 5287 5286 5288 5289 4754 4755 11349 11350 9937 9936 4162 4161 5293 11351 11352 10418
2264 29 2 20 1 2627 2738 2770 2713 11350 11349 9937 9936 4754 4755 10412 10413 10095 10096 4159 4160 11352 11353 11354 10098
2265 29 2 20 1 2627 2624 2738 2713 5287 5286 4161 4162 11349 11350 10412 10413 4159 4160 4164 4163 11351 10571 11353 4169
2266 29 2 20 1 2627 2713 2770 2759 10413 10412 10095 10096 4754 4755 4751 4750 4752 4753 5406 5405 11354 10416 4760 10179
2267 29 2 20 1 2710 2668 2712 2711 11273 11274 5693 5692 3761 3762 3758 3757 3759 3760 9655 9654 11279 11275 3769 9658
2268 29 2 20 1 2710 2764 2668 2765 10421 10420 6866 6865 11274 11273 10422 10423 4632 4633 4579 4580 11278 10426 11346 6868
2269 29 2 20 1 310 2762 2761 2712 6039 6038 4546 4547 6036 6037 5690 5691 10380 10381 8578 8577 6042 8581 10634 11355
2270 29 2 20 1 2602 2807 2650 818 11342 11341 11196 11195 8077 8078 4911 4912 3236 3235 11199 11200 11356 11344 9739 11202
2271 29 2 20 1 1973 1975 2786 2819 2190 2191 10127 10126 6254 6253 6252 6251 6250 6249 8408 8409 10889 10891 6259 11277
2272 29 2 20 1 2691 1973 2652 2653 10360 10361 3252 3251 3589 3590 7072 7071 3255 3256 3253 3254 10364 11357 11358 3261
2273 29 2 20 1 2726 2602 2807 2650 9624 9625 11342 11341 5902 5901 8741 8740 11195 11196 8077 8078 11359 11248 11197 11356
2274 29 2 20 1 2790 1974 2819 2798 10110 10109 7492 7493 6245 6246 10115 10114 10434 10435 5464 5463 11360 11361 10438 10975
2275 29 2 20 1 2602 2726 2807 2706 9625 9624 5901 5902 11341 11342 9728 9729 8733 8734 6180 6179 11359 9731 11348 11220
2276 29 2 20 1 2819 2627 2798 1976 6702 6703 10064 10065 10434 10435 7491 7490 5467 5468 10066 10067 10437 11362 10974 10068
2277 29 2 20 1 2819 2790 1973 1974 6245 6246 6256 6255 6251 6252 7492 7493 2173 2174 10109 10110 6258 11360 7496 10921
2278 29 2 20 1 2623 1972 2653 314 6800 6799 10403 10404 7080 7079 6803 6804 10373 10372 6805 6806 10447 6810 11363 10452
2279 29 2 20 1 2764 2627 2819 1976 6696 6697 6703 6702 6700 6701 8410 8411 7491 7490 10066 10067 6705 10918 8413 11362
2280 29 2 20 1 2838 833 836 834 11309 11308 1191 1190 7961 7960 8979 8978 1194 1193 1167 1166 11364 11365 8980 1195
2281 29 2 20 1 2790 2786 2624 2627 6247 6248 10838 10837 5284 5285 5282 5283 5287 5286 6698 6699 11338 10952 5292 10840
2282 29 2 20 1 2761 2713 2712 2762 7640 7641 3765 3766 10380 10381 4546 4547 8577 8578 7643 7642 10384 7644 11355 10174
2283 29 2 20 1 312 2761 313 310 4548 4549 9964 9965 612 611 609 608 614 613 6037 6036 9967 6040 615 10866
2284 29 2 20 1 2761 2624 2739 313 10175 10176 4165 4166 4543 4542 9965 9964 7411 7412 3020 3019 10178 11366 9966 7417
2285 29 2 20 1 2624 2786 2623 313 10837 10838 6802 6801 3022 3021 3020 3019 3014 3013 10785 10784 11337 11367 3026 10832
2286 29 2 20 1 313 2624 2786 2761 3020 3019 10837 10838 10784 10785 9964 9965 10514 10515 10175 10176 11367 11366 10865 10839
2287 29 2 20 1 2678 2646 316 315 8119 8120 7906 7905 6515 6514 5604 5605 641 642 11368 11369 8124 11370 6830 11371
2288 29 2 20 1 316 2794 2823 319 8266 8267 7880 7879 6512 6513 673 674 7878 7877 7876 7875 8272 11372 11373 7885
2289 29 2 20 1 2735 315 312 313 4791 4790 635 636 4105 4106 5496 5497 612 611 639 638 4792 5502 11374 640
2290 29 2 20 1 2691 1973 2653 2623 10360 10361 3254 3253 7072 7071 7077 7078 7079 7080 10444 10445 11357 11375 7082 10446
2291 29 2 20 1 2646 315 2678 1349 11369 11368 5604 5605 8119 8120 10330 10329 3488 3489 5582 5581 11370 11376 10331 5607
2292 29 2 20 1 2646 2735 315 1349 7420 7421 4791 4790 11368 11369 10330 10329 5582 5581 5583 5584 11377 11378 11376 5585
2293 29 2 20 1 319 2719 320 2794 7530 7529 10345 10344 680 679 7875 7876 5492 5491 6125 6124 10347 7883 7893 11379
2294 29 2 20 1 2622 2623 2653 314 3011 3012 7079 7080 7073 7074 10139 10140 10373 10372 6803 6804 7084 10142 10439 11363
2295 29 2 20 1 313 2739 312 2735 7411 7412 4553 4552 611 612 5497 5496 4106 4105 6024 6023 9968 9952 11374 7099
2296 29 2 20 1 2622 2646 2735 315 3208 3207 7420 7421 5499 5498 5501 5500 4790 4791 11368 11369 7424 11380 5503 11377
2297 29 2 20 1 2622 316 2646 315 10310 10309 7905 7906 3207 3208 5501 5500 11368 11369 641 642 10450 11381 11380 11371
2298 29 2 20 1 2622 313 314 316 3016 3015 619 620 10139 10140 10309 10310 646 647 643 644 10141 11382 10441 648
2299 29 2 20 1 2622 313 316 315 3016 3015 644 643 10309 10310 5501 5500 641 642 638 639 11382 5505 11381 645
2300 29 2 20 1 2645 2739 2622 2735 5826 5825 7413 7414 3209 3210 7419 7418 5499 5498 6024 6023 11383 11384 7422 9953
2301 29 2 20 1 2645 2622 2739 2624 3210 3209 7414 7413 5825 5826 5819 5820 4165 4166 3017 3018 11383 11385 5830 7416
2302 29 2 20 1 2652 2843 2790 2692 10610 10611 9060 9061 7440 7439 3594 3593 7441 7442 9130 9129 10613 11386 7445 10264
2303 29 2 20 1 1348 2831 134 1351 10270 10271 6904 6903 1662 1661 1685 1686 1688 1689 6905 6906 11387 11388 1690 6909
2304 29 2 20 1 1970 1972 1969 2653 2160 2161 2156 2155 2136 2135 3257 3258 3616 3615 10404 10403 2162 10406 11389 10442
2305 29 2 20 1 2652 2692 2788 2843 3593 3594 7277 7278 7275 7276 10611 10610 9053 9054 9129 9130 7280 11386 11052 9132
2306 29 2 20 1 2805 2646 1350 1349 11390 11391 4596 4595 8305 8306 11392 11393 1675 1676 10330 10329 11394 11395 11396 10332
2307 29 2 20 1 2805 2735 2646 1349 6026 6025 7421 7420 11391 11390 11392 11393 10330 10329 5583 5584 11397 11398 11395 11378
2308 29 2 20 1 2805 2735 1349 1346 6026 6025 5584 5583 11392 11393 6027 6028 1670 1669 5294 5295 11398 6033 11399 9653
2309 29 2 20 1 1347 2805 1349 1346 8308 8307 11393 11392 1672 1673 1645 1646 1670 1669 6027 6028 11400 8552 1674 11399
2310 29 2 20 1 2805 2735 2645 2646 6026 6025 7419 7418 5821 5822 11391 11390 3206 3205 7420 7421 11401 11397 11402 7423
2311 29 2 20 1 2805 2646 2645 1350 11390 11391 3206 3205 5821 5822 8305 8306 4591 4592 4595 4596 11402 11394 10185 4597
2312 29 2 20 1 2805 2739 2645 2735 5824 5823 5825 5826 5821 5822 6025 6026 7419 7418 6024 6023 5829 6031 11401 11384
2313 29 2 20 1 2841 2692 830 833 8297 8298 8585 8586 10194 10195 10225 10226 1160 1161 10223 10224 10196 10228 10251 11403
2314 29 2 20 1 2805 1349 1350 1347 11393 11392 1675 1676 8305 8306 8308 8307 1678 1677 1673 1672 11396 11400 8309 1679
2315 29 2 20 1 2837 2788 2843 1971 7968 7969 9054 9053 9049 9050 8556 8555 8872 8871 11046 11047 9055 11404 11405 11050
2316 29 2 20 1 2832 835 2714 2800 6949 6950 3783 3782 10154 10153 6952 6951 5524 5525 6947 6948 10157 6957 11406 10287
2317 29 2 20 1 2832 2714 2682 2800 10153 10154 5520 5521 7544 7545 6952 6951 5523 5522 5524 5525 11407 11406 7888 5530
2318 29 2 20 1 2683 2685 2682 2800 3548 3547 8023 8024 6045 6044 6046 6047 5523 5522 9818 9817 8437 9819 6049 11408
2319 29 2 20 1 1353 1350 2718 2678 1707 1708 6100 6101 7942 7943 4057 4058 3843 3842 4056 4055 10240 4061 11409 9650
2320 29 2 20 1 135 1354 2714 136 1719 1718 10254 10255 8485 8484 163 162 3786 3787 1722 1721 10286 1723 10293 10281
2321 29 2 20 1 2831 829 1348 134 10210 10209 10269 10268 10270 10271 6903 6904 1662 1661 1120 1121 10275 10250 11387 11334
2322 29 2 20 1 2790 1974 1977 2641 10110 10109 2201 2202 10102 10103 8571 8570 3166 3167 3170 3171 11410 10113 10278 3172
2323 29 2 20 1 2648 2718 2683 2682 3839 3838 3840 3841 3538 3537 3529 3528 6045 6044 4302 4301 3846 4303 8436 6048
2324 29 2 20 1 2678 2683 2718 1353 3836 3837 3841 3840 3842 3843 4058 4057 7943 7942 7912 7913 3847 9714 11409 9683
2325 29 2 20 1 2719 1966 2619 320 9227 9226 6911 6910 10780 10781 10344 10345 7043 7042 6157 6158 11411 11412 11413 10791
2326 29 2 20 1 2691 2790 2623 2624 7438 7437 10977 10976 7077 7078 8696 8697 3021 3022 5284 5285 11414 8798 11415 11339
2327 29 2 20 1 2682 2832 832 2714 7544 7545 10156 10155 8518 8517 5520 5521 3785 3784 10154 10153 10218 11407 8523 10159
2328 29 2 20 1 1971 1970 2788 2652 2143 2144 9197 9198 11047 11046 11048 11049 7276 7275 3250 3249 11416 11417 11053 10401
2329 29 2 20 1 2788 2649 2693 1970 5257 5256 5255 5254 5253 5252 9197 9198 10398 10399 9333 9332 5262 9334 10400 11418
2330 29 2 20 1 2683 2621 2684 2685 10752 10753 7896 7897 3540 3539 3547 3548 3545 3546 10337 10338 10755 11419 3552 11420
2331 29 2 20 1 2672 2664 2625 2655 3819 3818 3346 3347 3967 3966 3421 3422 11025 11024 8353 8354 11421 8356 11103 11026
2332 29 2 20 1 195 196 1998 2729 224 225 2419 2420 2417 2416 4006 4007 9192 9193 7812 7811 2421 8972 10965 9215
2333 29 2 20 1 2714 2800 1353 2718 5525 5524 9681 9680 7941 7940 5526 5527 7942 7943 5528 5529 10257 5532 7946 9684
2334 29 2 20 1 1353 1351 1354 2714 1710 1711 1716 1715 1714 1713 7940 7941 10255 10254 6769 6768 1717 7944 10258 10285
2335 29 2 20 1 1348 1351 2814 2831 1686 1685 6773 6772 7624 7623 10271 10270 10233 10232 6906 6905 11422 11388 11423 11424
2336 29 2 20 1 2838 836 833 2682 7960 7961 1190 1191 11308 11309 11306 11307 10216 10215 7542 7543 11364 11425 11313 11426
2337 29 2 20 1 1971 1970 2652 1973 2143 2144 3249 3250 11048 11049 2169 2168 3252 3251 2164 2163 11417 2170 11427 3259
2338 29 2 20 1 834 833 2785 2843 1167 1166 5186 5185 8566 8567 9153 9152 9063 9062 11428 11429 8569 11430 10419 11431
2339 29 2 20 1 2794 2648 2649 316 6119 6118 3221 3222 6121 6120 8266 8267 7901 7902 8265 8264 6126 8270 11432 11433
2340 29 2 20 1 2648 2823 2684 2678 8269 8268 10748 10747 3541 3542 3835 3834 4208 4209 6516 6517 10750 10760 4210 11434
2341 29 2 20 1 2672 2655 2727 1991 3422 3421 10968 10969 3958 3957 3423 3424 4830 4829 3273 3274 11435 3427 11174 10973
2342 29 2 20 1 316 2794 319 317 8266 8267 7875 7876 673 674 650 649 677 676 7890 7889 11372 11436 678 7892
2343 29 2 20 1 2695 2800 2742 1354 8540 8541 9767 9766 4197 4196 4202 4203 4200 4201 10253 10252 10545 10828 4207 11437
2344 29 2 20 1 2823 319 318 316 7877 7878 672 671 6510 6511 6513 6512 669 668 674 673 11438 11373 6520 675
2345 29 2 20 1 2719 2621 2684 319 7532 7531 7896 7897 10289 10290 7530 7529 10756 10757 5444 5443 11439 7535 10758 11440
2346 29 2 20 1 2606 2816 2682 2685 9297 9296 7547 7546 8022 8021 3856 3857 8023 8024 9298 9299 9636 9304 8027 11441
2347 29 2 20 1 2684 2678 318 1352 4209 4208 6518 6519 7001 7002 3749 3750 3338 3339 4059 4060 11442 11443 7004 10342
2348 29 2 20 1 2662 318 2804 321 3332 3333 9660 9659 6108 6109 6850 6851 5701 5700 695 696 11444 10738 6855 9661
2349 29 2 20 1 2684 2823 319 318 10747 10748 7877 7878 10756 10757 7001 7002 671 672 6510 6511 10759 11445 11446 11438
2350 29 2 20 1 2684 2678 2823 318 4209 4208 6516 6517 10748 10747 7001 7002 6510 6511 6519 6518 11434 11442 11445 6523
2351 29 2 20 1 2719 2794 1966 320 6124 6125 5394 5393 9226 9227 10344 10345 6157 6158 5491 5492 11447 11379 11412 6159
2352 29 2 20 1 2719 2685 2684 2621 3855 3854 3545 3546 10289 10290 7531 7532 7896 7897 10338 10337 10292 10776 11439 11420
2353 29 2 20 1 2649 317 2794 316 10431 10430 7890 7889 6120 6121 7901 7902 8266 8267 649 650 11448 10433 11432 11436
2354 29 2 20 1 1968 2845 1970 2606 9568 9569 9201 9202 2139 2138 2985 2986 5935 5936 9204 9203 11449 9571 9663 9209
2355 29 2 20 1 2691 2652 2693 2653 3590 3589 3591 3592 3587 3588 7072 7071 6786 6787 3255 3256 3597 11358 8154 11450
2356 29 2 20 1 2648 2646 2649 316 3226 3225 3224 3223 3222 3221 8265 8264 7901 7902 7905 7906 3231 10334 11433 7907
2357 29 2 20 1 2682 2788 2838 836 9137 9138 7964 7965 11307 11306 7543 7542 7961 7960 7962 7963 11451 9141 11425 7970
2358 29 2 20 1 316 2693 2653 2622 6780 6781 6787 6786 6784 6785 10310 10309 7074 7073 8152 8151 6789 10312 10440 8155
2359 29 2 20 1 2649 2794 1969 1970 6121 6120 5389 5390 11452 11453 9333 9332 2135 2136 5940 5939 11454 9420 11455 6051
2360 29 2 20 1 1971 1968 2845 1970 2142 2141 9568 9569 11456 11457 2144 2143 9202 9201 2139 2138 11458 2145 11459 11449
2361 29 2 20 1 2843 1971 2652 1973 8871 8872 11049 11048 10610 10611 8874 8873 3252 3251 2169 2168 11051 8878 10612 11427
2362 29 2 20 1 840 186 185 2629 1231 1232 205 204 1235 1234 8912 8911 10802 10801 8184 8183 1236 9009 10810 10803
2363 29 2 20 1 2845 1970 2788 1971 9201 9202 9197 9198 9206 9205 11457 11456 11046 11047 2143 2144 9208 11459 11460 11416
2364 29 2 20 1 2672 2664 295 2625 3819 3818 6477 6478 7094 7095 3967 3966 6480 6479 3347 3346 11180 11421 11175 6481
2365 29 2 20 1 1973 2623 2691 2790 10445 10444 7077 7078 10360 10361 6256 6255 7437 7438 10977 10976 11375 10978 10362 11414
2366 29 2 20 1 1968 2845 2788 1971 9568 9569 9205 9206 11461 11462 2142 2141 11046 11047 11457 11456 11463 11458 11464 11460
2367 29 2 20 1 2788 2692 2647 2682 7278 7277 6841 6842 5258 5259 9137 9138 3533 3532 8516 8515 8771 11465 10385 11466
2368 29 2 20 1 2672 2655 2775 2727 3422 3421 10966 10967 9108 9109 3958 3957 9123 9124 10969 10968 11015 11435 9125 10972
2369 29 2 20 1 2691 2623 2622 2624 7078 7077 3012 3011 7075 7076 8696 8697 3017 3018 3021 3022 7083 11415 11467 3024
2370 29 2 20 1 2788 2618 2606 2845 10306 10305 2983 2984 9200 9199 9205 9206 9203 9204 9566 9567 10308 11468 9210 9570
2371 29 2 20 1 2790 1974 2798 1977 10110 10109 5463 5464 10115 10114 10102 10103 5466 5465 2202 2201 11361 11410 10116 5469
2372 29 2 20 1 2814 2647 2692 2714 6094 6095 6842 6841 8292 8291 6775 6774 8519 8520 7376 7375 11469 11470 9247 11471
2373 29 2 20 1 2691 2622 2645 2624 7076 7075 3209 3210 6886 6887 8696 8697 5819 5820 3017 3018 11340 11467 8700 11385
2374 29 2 20 1 2738 2645 2624 2692 10191 10190 5820 5819 4161 4162 8293 8294 8699 8698 6884 6885 11305 10428 10029 8702
2375 29 2 20 1 2843 833 2692 2838 11428 11429 10223 10224 9130 9129 9052 9051 9128 9127 11309 11308 11472 11473 9133 11312
2376 29 2 20 1 1348 1351 1350 2814 1686 1685 1684 1683 1680 1681 7624 7623 6099 6098 6772 6773 1687 11422 10241 9912
2377 29 2 20 1 2785 2843 833 2692 9062 9063 11428 11429 5186 5185 10260 10261 10224 10223 9130 9129 11431 10262 11474 11472
2378 29 2 20 1 2647 2692 2714 2682 6842 6841 8520 8519 7376 7375 3533 3532 5521 5520 8516 8515 11471 11466 7378 8524
2379 29 2 20 1 2692 830 2785 2790 8585 8586 5184 5183 10261 10260 7442 7441 7665 7666 7668 7667 11475 8591 10263 7670
2380 29 2 20 1 2670 2727 2771 1989 3960 3959 4831 4832 6487 6486 7704 7705 4825 4826 4834 4833 11476 11477 7708 4838
2381 29 2 20 1 2692 2645 2647 2814 6884 6885 3212 3211 6842 6841 8291 8292 6094 6095 10183 10182 6890 10429 11469 10231
2382 29 2 20 1 2738 2814 2831 1348 7620 7619 10232 10233 10267 10266 7621 7622 10270 10271 7623 7624 10294 7629 10273 11423
2383 29 2 20 1 188 2790 831 2641 10107 10108 7664 7663 1144 1145 3168 3169 8573 8572 8571 8570 11478 10111 10124 8575
2384 29 2 20 1 2788 2692 2682 2838 7278 7277 8515 8516 9137 9138 7965 7964 11307 11306 9128 9127 11465 9131 11451 11310
2385 29 2 20 1 2832 836 2682 833 7540 7541 7543 7542 7544 7545 10214 10213 10215 10216 1191 1190 7550 10319 10217 11426
2386 29 2 20 1 2714 2814 2647 2718 6775 6774 6094 6095 7375 7376 5526 5527 4138 4137 6096 6097 11470 6779 7377 6102
2387 29 2 20 1 2670 2727 2775 2771 3960 3959 9123 9124 6688 6689 6487 6486 7085 7086 4832 4831 9126 11476 7089 10990
2388 29 2 20 1 2670 2651 2639 2637 3389 3390 6445 6446 9457 9458 9520 9521 3152 3151 9519 9518 11479 9522 11480 11205
2389 29 2 20 1 2788 1968 1971 186 11461 11462 2141 2142 11046 11047 10387 10386 2146 2147 2119 2120 11464 11481 11482 2148
2390 29 2 20 1 2670 2671 2639 2651 3394 3393 6447 6448 9457 9458 3390 3389 6445 6446 3392 3391 11169 3399 11479 6453
2391 29 2 20 1 2637 1988 2670 1989 9483 9484 9398 9399 9521 9520 9486 9485 7704 7705 2323 2324 11483 9489 11100 11484
2392 29 2 20 1 832 2692 833 2682 8513 8514 10224 10223 1159 1158 8517 8518 10216 10215 8516 8515 10229 8521 10219 11311
2393 29 2 20 1 2838 834 2837 2843 8978 8979 7926 7925 7966 7967 9051 9052 9049 9050 9153 9152 8981 11485 9056 10411
2394 29 2 20 1 836 2788 2837 837 7962 7963 7969 7968 7924 7923 1197 1196 7927 7928 10388 10389 7973 11486 7931 10393
2395 29 2 20 1 2692 830 833 2785 8585 8586 1161 1160 10223 10224 10261 10260 5185 5186 5183 5184 11403 11475 11474 5189
2396 29 2 20 1 2838 834 2843 833 8978 8979 9152 9153 9051 9052 11308 11309 11429 11428 1166 1167 11485 11365 11473 11430
2397 29 2 20 1 1351 2714 2814 2831 6768 6769 6775 6774 6772 6773 6906 6905 10233 10232 8482 8483 6777 10371 11424 10243
2398 29 2 20 1 2693 2794 2649 317 11487 11488 6120 6121 5255 5254 6783 6782 10430 10431 7890 7889 11489 11490 10432 11448
2399 29 2 20 1 2693 2649 2794 1969 5254 5255 6121 6120 11488 11487 11491 11492 5390 5389 11452 11453 11489 11493 11494 11454
2400 29 2 20 1 2693 2794 317 1969 11487 11488 7889 7890 6783 6782 11491 11492 7123 7122 5390 5389 11490 11494 11495 10407
2401 29 2 20 1 2653 2693 1970 2652 6786 6787 10399 10398 3258 3257 3256 3255 3250 3249 3591 3592 11496 11450 3262 10402
2402 29 2 20 1 2693 1970 2649 1969 10399 10398 9333 9332 5255 5254 11491 11492 11452 11453 2136 2135 11418 11497 11493 11455
2403 29 2 20 1 2693 317 2653 1969 6782 6783 6241 6242 6786 6787 11491 11492 3615 3616 7123 7122 6791 11495 11498 7124
2404 29 2 20 1 2653 2693 1969 1970 6786 6787 11492 11491 3615 3616 3258 3257 2135 2136 10398 10399 11498 11496 11389 11497
2405 29 2 20 1 2720 263 67 1957 5062 5061 2002 2003 3867 3866 4230 4231 2007 2008 2006 2005 10498 7956 4237 2009
2406 29 2 20 1 1842 58 2633 2720 1909 1908 7693 7692 6151 6150 5059 5060 7695 7694 3864 3865 10522 7319 8388 7696
2407 29 2 20 1 2843 2790 831 188 9060 9061 7664 7663 9064 9065 9154 9155 1145 1144 10107 10108 9067 10953 9157 11478
2408 29 2 20 1 264 263 2633 1957 269 268 7955 7954 5144 5143 2011 2010 7057 7056 2006 2005 11499 2012 7058 7958
2409 29 2 20 1 2633 1957 2720 329 7056 7057 4230 4231 7695 7694 6205 6206 4233 4232 4234 4235 7957 10617 7698 4236
2410 29 2 20 1 263 1843 264 2633 1941 1942 1945 1944 269 268 7954 7955 5144 5143 6153 6152 1946 11500 11499 10489
2411 29 2 20 1 2633 263 1843 1842 7954 7955 1941 1942 6152 6153 6150 6151 1916 1917 1939 1938 11500 8389 6156 1943
2412 29 2 20 1 2732 252 2661 1836 10524 10523 7210 7209 4040 4039 4043 4044 4047 4048 1850 1851 10525 11501 4050 7212
2413 29 2 20 1 2732 1836 2615 1837 4044 4043 4045 4046 4041 4042 5633 5632 6350 6351 1857 1856 4051 11502 10482 6352
2414 29 2 20 1 2732 253 1836 1837 6132 6133 1854 1853 4043 4044 5633 5632 1857 1856 1858 1859 11503 10530 11502 1860
2415 29 2 20 1 2732 1362 2615 1361 5001 5000 5096 5097 4041 4042 4492 4493 2961 2962 1795 1796 5101 11504 4496 6064
2416 29 2 20 1 2732 252 1362 1361 10524 10523 1820 1821 5000 5001 4492 4493 1795 1796 1818 1817 11505 10526 11504 1822
2417 29 2 20 1 2732 252 1836 253 10524 10523 1851 1850 4043 4044 6133 6132 1854 1853 258 257 11501 11506 11503 1855
2418 29 2 20 1 2732 1362 252 253 5001 5000 1821 1820 10523 10524 6133 6132 258 257 1823 1824 11505 6135 11506 1825
2419 29 2 20 1 2783 2810 2659 2633 6199 6200 6140 6141 8527 8528 6201 6202 6137 6136 6138 6139 10682 6209 8688 6146
2420 29 2 20 1 2637 1988 2639 2670 9483 9484 6680 6681 3151 3152 9521 9520 9458 9457 9399 9398 11135 11483 11480 11133
2421 29 2 20 1 2613 1837 2615 1840 5631 5630 6350 6351 2957 2958 11507 11508 4768 4769 1888 1889 10481 11509 11510 7766
2422 29 2 20 1 2613 2721 1837 1840 5635 5634 3987 3986 5630 5631 11507 11508 1888 1889 5590 5591 5637 11511 11509 10480
2423 29 2 20 1 2613 2633 2689 1840 8687 8686 5139 5140 8361 8362 11507 11508 6058 6059 4770 4771 11512 11513 11514 7920
2424 29 2 20 1 2613 2689 2721 1840 8362 8361 4671 4672 5634 5635 11507 11508 5590 5591 6058 6059 8365 11514 11511 6062
2425 29 2 20 1 2822 2767 839 2789 6502 6503 7432 7431 10203 10202 10350 10351 8678 8679 5267 5266 11515 11516 11517 8681
2426 29 2 20 1 2658 2657 2783 2613 3280 3279 8683 8682 8525 8526 3898 3899 5122 5123 7036 7035 8684 7039 8529 11518
2427 29 2 20 1 2613 2633 2615 328 8687 8686 3090 3089 2957 2958 5120 5121 3095 3096 3097 3098 11519 11520 5129 3100
2428 29 2 20 1 2613 2615 2633 1840 2958 2957 3089 3090 8686 8687 11507 11508 4770 4771 4768 4769 11519 11510 11513 4774
2429 29 2 20 1 2783 2633 328 329 6202 6201 3098 3097 5119 5118 6203 6204 770 769 6205 6206 11521 6211 10616 8677
2430 29 2 20 1 326 2783 2810 2768 7335 7334 6199 6200 7332 7333 8780 8781 8533 8532 7399 7400 7338 10687 10685 10681
2431 29 2 20 1 2783 325 328 327 5669 5668 764 763 5119 5118 5670 5671 761 762 758 759 11522 5674 6346 765
2432 29 2 20 1 2783 2613 2657 2614 5123 5122 7036 7035 8683 8682 5769 5770 3412 3411 2954 2953 11518 5772 11523 10630
2433 29 2 20 1 2783 2633 2613 328 6202 6201 8686 8687 5122 5123 5119 5118 5120 5121 3097 3098 8689 11521 5126 11520
2434 29 2 20 1 2783 325 326 328 5669 5668 739 740 7335 7334 5119 5118 766 767 763 764 10688 11522 10615 768
2435 29 2 20 1 2599 2659 2783 2768 7577 7576 8527 8528 7031 7030 7398 7397 7399 7400 4699 4698 11524 7583 7405 10683
2436 29 2 20 1 2599 2783 2659 2657 7030 7031 8528 8527 7576 7577 3409 3410 3284 3283 8683 8682 11524 11525 11526 8685
2437 29 2 20 1 2657 2658 2660 2769 3279 3280 3290 3289 3285 3286 5573 5574 4734 4733 8752 8751 3292 11527 5579 10551
2438 29 2 20 1 2599 2614 2783 2657 3404 3403 5769 5770 7031 7030 3409 3410 8683 8682 3411 3412 7032 3416 11525 11523
2439 29 2 20 1 1360 1363 2769 2660 1806 1805 7849 7848 4729 4730 4732 4731 4733 4734 10547 10548 7852 10995 4739 10549
2440 29 2 20 1 2834 2700 1962 1961 10660 10659 4242 4243 10475 10476 7341 7342 2054 2053 4704 4705 10661 11528 11529 11530
2441 29 2 20 1 2834 2659 2700 1961 7250 7251 4697 4696 10659 10660 7341 7342 4704 4705 4702 4703 10663 7347 11528 4709
2442 29 2 20 1 2688 2745 2658 845 4448 4447 6976 6975 3900 3901 3573 3574 5979 5980 4449 4450 7263 4453 10472 6980
2443 29 2 20 1 2834 1961 1959 1958 7342 7341 2049 2048 7835 7834 7783 7784 2024 2023 2043 2044 11531 8384 7837 2050
2444 29 2 20 1 2745 2834 2782 846 7249 7248 10473 10474 5082 5083 4445 4446 10644 10643 8373 8372 10478 10652 10673 10651
2445 29 2 20 1 2834 1961 1962 1959 7342 7341 2054 2053 10475 10476 7835 7834 2051 2052 2048 2049 11529 11531 10653 2055
2446 29 2 20 1 2688 2633 2613 2659 7329 7328 8686 8687 3897 3896 3902 3903 3904 3905 6136 6137 11532 7647 3907 8690
2447 29 2 20 1 2789 2822 2767 2702 10350 10351 6502 6503 5266 5267 6923 6924 4689 4688 6505 6504 11516 10558 10815 6509
2448 29 2 20 1 2658 2811 1363 844 5973 5974 10594 10595 7767 7768 5977 5978 6940 6941 5976 5975 11533 5983 11534 10597
2449 29 2 20 1 2688 2613 2633 2689 3896 3897 8687 8686 7328 7329 3568 3567 5140 5139 8361 8362 11532 10455 7330 11512
2450 29 2 20 1 2745 845 843 842 4450 4449 1283 1284 4249 4248 6993 6994 1256 1257 1281 1280 11535 10635 10667 1285
2451 29 2 20 1 2745 846 843 845 4446 4445 1288 1289 4249 4248 4449 4450 1283 1284 1286 1287 7867 4454 11535 1290
2452 29 2 20 1 2660 841 2811 842 8618 8617 8613 8614 6988 6987 6991 6992 6995 6996 1249 1248 8620 10584 6998 8748
2453 29 2 20 1 2802 841 139 844 8616 8615 1268 1267 10601 10602 10593 10592 1271 1270 1272 1273 10606 10600 10629 1274
2454 29 2 20 1 2802 2753 2660 1360 5618 5619 5989 5990 8609 8610 5620 5621 4731 4732 4406 4407 10588 5626 10996 11536
2455 29 2 20 1 2745 2811 2659 2658 6977 6978 10621 10620 7244 7245 6975 6976 3281 3282 5973 5974 10623 6979 7264 11537
2456 29 2 20 1 2801 2768 2660 2659 7482 7481 5102 5103 5569 5570 7575 7574 3288 3287 4698 4699 7483 7581 10664 5106
2457 29 2 20 1 1363 2802 1360 138 10590 10591 5621 5620 1806 1805 1809 1808 1782 1781 5622 5623 10994 10603 1810 5628
2458 29 2 20 1 2769 1362 2657 2658 7846 7847 7037 7038 5574 5573 8751 8752 3280 3279 6216 6215 10724 8753 11527 7040
2459 29 2 20 1 2660 2802 1363 2811 8609 8610 10591 10590 10548 10547 6988 6987 10594 10595 8612 8611 10993 8619 11538 10599
2460 29 2 20 1 2660 2769 1359 2801 4733 4734 4736 4735 4737 4738 5570 5569 5993 5994 5576 5575 4741 5578 5996 8459
2461 29 2 20 1 2801 2768 2599 2787 7482 7481 7398 7397 7578 7579 7471 7472 6409 6410 6527 6526 7582 10713 11539 10768
2462 29 2 20 1 2670 1988 2727 1989 9399 9398 5848 5849 3959 3960 7704 7705 4834 4833 2323 2324 9401 11484 11477 5851
2463 29 2 20 1 2658 1363 2721 844 7768 7767 3872 3871 6213 6214 5977 5978 6938 6939 6940 6941 7769 11534 10471 6942
2464 29 2 20 1 1362 1359 2657 2839 1797 1798 3408 3407 7038 7037 8010 8009 8209 8208 8005 8006 10723 8012 8211 10736
2465 29 2 20 1 2839 1361 2614 2657 8008 8007 2963 2964 10492 10491 8208 8209 3411 3412 8207 8206 10494 8210 10737 10631
2466 29 2 20 1 1360 2660 1359 2753 4731 4732 4738 4737 1773 1774 4407 4406 5988 5987 5989 5990 4742 11536 10658 5995
2467 29 2 20 1 2660 1363 2658 2811 10547 10548 7767 7768 3290 3289 6988 6987 5974 5973 10594 10595 10550 11538 11540 11533
2468 29 2 20 1 2658 2660 2811 2659 3290 3289 6987 6988 5974 5973 3282 3281 10620 10621 3288 3287 11540 3294 11537 10622
2469 29 2 20 1 2801 2599 2659 2657 7579 7578 7577 7576 7575 7574 5572 5571 3284 3283 3409 3410 7580 11541 10665 11526
2470 29 2 20 1 1358 23 22 2614 1785 1784 53 52 1757 1758 7976 7977 10560 10559 8380 8379 1786 8382 10565 10563
2471 29 2 20 1 2708 2734 1987 299 9544 9543 9613 9614 11137 11136 9509 9510 9599 9598 9078 9079 11138 11542 11543 9615
2472 29 2 20 1 2822 2702 2660 2753 6504 6505 5773 5774 10353 10352 8761 8762 5989 5990 7475 7476 10557 10774 11544 8094
2473 29 2 20 1 2822 2753 2660 841 8762 8761 5989 5990 10353 10352 8758 8757 8617 8618 8760 8759 11544 8765 10583 10589
2474 29 2 20 1 2695 2833 1357 137 10321 10320 7063 7062 6279 6280 6928 6929 1752 1751 7066 7067 10799 10325 6933 7069
2475 29 2 20 1 2695 2822 2767 839 6501 6500 6502 6503 6498 6499 3608 3607 7431 7432 10203 10202 6508 11545 7436 11515
2476 29 2 20 1 2747 2621 2742 2685 4310 4309 7894 7895 6261 6262 10335 10336 9815 9816 10337 10338 11546 10341 11547 11548
2477 29 2 20 1 841 838 2753 138 1242 1243 7872 7871 8759 8760 1240 1241 5624 5625 1237 1238 8764 1244 10587 7873
2478 29 2 20 1 2708 2709 2734 299 3740 3739 9102 9101 9543 9544 9509 9510 9078 9079 9464 9465 10920 9512 11542 9468
2479 29 2 20 1 842 2789 843 2660 10354 10355 6921 6922 1257 1256 6992 6991 7862 7861 10348 10349 10609 10357 10666 11549
2480 29 2 20 1 2701 1961 2768 1960 8014 8015 4700 4701 5044 5043 5049 5050 5053 5054 2046 2045 11550 11551 5056 8717
2481 29 2 20 1 2822 841 839 838 8757 8758 1245 1246 10203 10202 8755 8756 1218 1219 1243 1242 10206 8763 11552 1247
2482 29 2 20 1 2801 1358 2599 1359 10677 10676 4430 4429 7578 7579 5994 5993 3406 3405 1766 1765 10680 11553 11554 8194
2483 29 2 20 1 1358 2801 2597 2787 10676 10677 10674 10675 4432 4431 7102 7101 6411 6412 7471 7472 10679 11555 10188 11556
2484 29 2 20 1 2801 2753 2787 1359 5991 5992 7473 7474 7471 7472 5994 5993 7103 7104 5987 5988 7479 5998 11557 10528
2485 29 2 20 1 2801 2599 2657 1359 7579 7578 3410 3409 5572 5571 5994 5993 3408 3407 3406 3405 11541 11554 8461 3415
2486 29 2 20 1 2801 2787 2599 2597 7472 7471 6409 6410 7578 7579 10675 10674 2867 2866 6412 6411 11539 11556 10678 6415
2487 29 2 20 1 1358 2801 2787 1359 10676 10677 7472 7471 7102 7101 1766 1765 7103 7104 5994 5993 11555 11553 7107 11557
2488 29 2 20 1 2702 2700 843 2660 3656 3657 3650 3651 3661 3660 5774 5773 7862 7861 5105 5104 3663 5777 11558 7863
2489 29 2 20 1 843 2702 2660 2789 3661 3660 5773 5774 7862 7861 6921 6922 10349 10348 6924 6923 11558 6925 11549 10556
2490 29 2 20 1 1965 2701 840 2767 3777 3778 5271 5270 7840 7841 10761 10762 5275 5274 4686 4687 7844 10818 11559 5277
2491 29 2 20 1 2695 2753 2787 2702 6930 6931 7473 7474 6265 6266 6497 6496 6524 6525 7476 7475 8562 10773 8127 7480
2492 29 2 20 1 2767 1965 2629 840 10761 10762 3067 3068 7023 7024 5274 5275 8911 8912 7840 7841 10764 11559 11345 10809
2493 29 2 20 1 2809 184 2701 1965 5928 5929 10552 10553 8768 8767 5926 5927 3777 3778 2087 2086 10711 5932 8770 10554
2494 29 2 20 1 843 2701 1962 2700 3652 3653 3773 3774 4240 4241 3650 3651 4242 4243 3655 3654 10712 3662 4250 11560
2495 29 2 20 1 2596 2767 2701 2620 4685 4684 4686 4687 4682 4683 8061 8062 10669 10670 7025 7026 4692 8479 10742 10817
2496 29 2 20 1 2708 1987 2746 299 11136 11137 5842 5841 9619 9618 9509 9510 8706 8705 9599 9598 11561 11543 11562 9601
2497 29 2 20 1 840 185 843 2701 1234 1235 1262 1261 1258 1259 5271 5270 3653 3652 7838 7839 1263 7843 10706 10304
2498 29 2 20 1 1960 2701 1961 1963 5049 5050 8014 8015 2045 2046 2066 2065 2071 2070 7653 7654 11551 8475 2072 8016
2499 29 2 20 1 2701 1962 2700 1961 3773 3774 4243 4242 3655 3654 8015 8014 4704 4705 2054 2053 11560 11563 11564 11530
2500 29 2 20 1 2701 1964 1962 1961 3776 3775 2079 2078 3774 3773 8015 8014 2054 2053 2073 2074 3779 8018 11563 2080
2501 29 2 20 1 842 2789 839 840 10354 10355 8678 8679 1251 1250 1254 1253 1227 1226 5272 5273 11565 10607 1255 8680
2502 29 2 20 1 2789 2822 842 839 10350 10351 10205 10204 10354 10355 8679 8678 1251 1250 10203 10202 10359 11517 11565 10207
2503 29 2 20 1 2701 2700 2768 1961 3654 3655 4695 4694 5044 5043 8015 8014 4700 4701 4704 4705 11566 11564 11550 4707
2504 29 2 20 1 2701 2702 2768 2700 3659 3658 5775 5776 5044 5043 3655 3654 4695 4694 3657 3656 6291 3664 11566 5779
2505 29 2 20 1 2596 2757 2701 2768 10740 10739 7650 7649 4682 4683 6287 6288 5044 5043 10727 10728 10741 11567 6289 11568
2506 29 2 20 1 2598 2757 2780 323 10726 10725 7658 7657 8776 8777 10576 10577 10578 10579 10295 10296 10729 11569 10580 11570
2507 29 2 20 1 2757 2780 2701 2768 7658 7657 5047 5048 7649 7650 10727 10728 5044 5043 5045 5046 7660 10731 11568 5055
2508 29 2 20 1 2757 2619 2620 1963 4472 4473 2997 2998 7779 7780 7652 7651 7519 7520 6914 6915 7782 11571 8565 10813
2509 29 2 20 1 2757 2619 1963 323 4472 4473 6915 6914 7652 7651 10295 10296 10700 10701 6969 6968 11571 10298 11572 10779
2510 29 2 20 1 2757 2780 323 1963 7658 7657 10579 10578 10295 10296 7652 7651 10701 10700 7656 7655 11570 7662 11572 10702
2511 29 2 20 1 2598 2599 325 2768 2865 2864 7402 7401 10716 10717 8778 8779 7404 7403 7398 7397 10735 10638 11573 7406
2512 29 2 20 1 2596 2767 2787 2702 4685 4684 5246 5247 5240 5241 4681 4680 6524 6525 4689 4688 5251 4691 6528 8128
2513 29 2 20 1 2813 2621 2742 2596 8312 8313 7894 7895 6961 6962 6834 6835 6959 6960 8064 8063 11574 8316 6963 11575
2514 29 2 20 1 2708 2638 2746 1987 6675 6674 8440 8441 9619 9618 11137 11136 5842 5841 11163 11162 11576 11167 11561 11165
2515 29 2 20 1 2598 2768 325 326 8779 8778 7404 7403 10716 10717 8773 8772 740 739 8781 8780 11573 8783 10807 10689
2516 29 2 20 1 2598 322 2757 323 10714 10715 4469 4468 10725 10726 10576 10577 10295 10296 710 709 11577 11578 11569 10297
2517 29 2 20 1 2598 322 323 325 10714 10715 709 710 10576 10577 10716 10717 736 737 733 734 11578 10720 10806 738
2518 29 2 20 1 2596 2620 2757 2621 8062 8061 7779 7780 10739 10740 8063 8064 4471 4470 3003 3004 10743 8067 11579 7781
2519 29 2 20 1 2596 2742 2747 2621 6959 6960 6261 6262 5243 5242 8063 8064 4309 4310 7894 7895 10805 11575 8066 11546
2520 29 2 20 1 322 2813 2597 2598 6891 6892 6716 6715 6893 6894 10714 10715 2859 2858 6833 6832 6896 11580 10771 6837
2521 29 2 20 1 2596 2768 2598 2757 6288 6287 8778 8779 2860 2861 10739 10740 10725 10726 10728 10727 10637 11567 11581 10730
2522 29 2 20 1 2621 2813 321 322 8313 8312 6853 6852 5785 5784 4467 4466 702 701 6891 6892 11582 8317 5788 6895
2523 29 2 20 1 2596 2621 2757 322 8064 8063 4471 4470 10739 10740 8314 8315 4469 4468 4467 4466 11579 8319 11583 4476
2524 29 2 20 1 2596 2757 2598 322 10740 10739 10725 10726 2860 2861 8314 8315 10715 10714 4469 4468 11581 11583 11584 11577
2525 29 2 20 1 2683 2742 2621 2685 7612 7611 7895 7894 10753 10752 3547 3548 10337 10338 9815 9816 10754 9820 11419 11548
2526 29 2 20 1 2683 2684 1352 2678 3539 3540 3750 3749 3751 3752 3836 3837 4060 4059 4208 4209 3756 4211 9715 11443
2527 29 2 20 1 2742 1354 2800 1353 4201 4200 10253 10252 9767 9766 7911 7910 9680 9681 1713 1714 11437 11585 9769 10259
2528 29 2 20 1 2742 1356 1354 1353 4198 4199 1740 1741 4200 4201 7911 7910 1713 1714 1738 1737 4206 11586 11585 1742
2529 29 2 20 1 2708 2746 2638 2639 9618 9619 8441 8440 6674 6675 6673 6672 3149 3150 5359 5360 11576 9620 6682 11166
2530 29 2 20 1 2813 1356 2742 1355 6710 6709 4199 4198 6961 6962 6089 6090 5884 5885 1735 1736 10575 10655 7953 11587
2531 29 2 20 1 2742 1355 1353 1352 5885 5884 1732 1733 7911 7910 5888 5889 1705 1706 1730 1729 11588 5892 7917 1734
2532 29 2 20 1 2813 2621 2804 2742 8312 8313 5783 5782 6848 6849 6961 6962 6106 6107 7895 7894 11589 11574 10686 7899
2533 29 2 20 1 2742 1353 1355 1356 7910 7911 1733 1732 5884 5885 4199 4198 1736 1735 1737 1738 11588 11586 11587 1739
2534 29 2 20 1 2662 2684 2804 318 3748 3747 6110 6111 6108 6109 3333 3332 9660 9659 7001 7002 6116 7003 11444 11590
2535 29 2 20 1 319 322 2621 2804 704 703 4467 4466 5443 5444 5702 5703 5782 5783 5698 5699 5452 5704 11591 5787
2536 29 2 20 1 2708 2746 2640 299 9618 9619 5370 5369 8625 8626 9509 9510 4626 4627 8706 8705 9621 11562 11159 8709
2537 29 2 20 1 2804 2684 2621 319 6111 6110 7897 7896 5783 5782 5703 5702 5444 5443 10756 10757 7898 11592 11591 11440
2538 29 2 20 1 2804 318 2684 319 9659 9660 7001 7002 6110 6111 5703 5702 10756 10757 672 671 11590 9662 11592 11446
2539 29 2 20 1 2813 2596 2598 322 6835 6834 2861 2860 6833 6832 6891 6892 10715 10714 8314 8315 6836 8318 11580 11584
2540 29 2 20 1 2621 2813 2804 321 8313 8312 6849 6848 5782 5783 5785 5784 5701 5700 6852 6853 11589 11582 5786 6857
2541 29 2 20 1 2797 2719 2619 320 7527 7528 10781 10780 7044 7045 5647 5648 7043 7042 10344 10345 10782 10346 7046 11413
2542 29 2 20 1 320 323 70 2619 712 711 714 715 688 687 7042 7043 6967 6966 6968 6969 716 10657 10789 6972
2543 29 2 20 1 2694 836 2618 2816 6187 6188 8450 8449 8451 8452 6185 6186 9295 9294 6190 6189 8456 6195 11593 11594
2544 29 2 20 1 2788 1968 186 837 11461 11462 2120 2119 10387 10386 10388 10389 1204 1205 8188 8187 11481 11595 10392 8192
2545 29 2 20 1 2695 2822 839 838 6501 6500 10202 10203 3608 3607 3606 3605 1218 1219 8755 8756 11545 11596 3612 11552
2546 29 2 20 1 2817 2747 2694 2618 6225 6226 10822 10823 10365 10366 6223 6224 8451 8452 5539 5538 10825 6229 11597 11598
2547 29 2 20 1 2747 2685 2742 2800 10336 10335 9815 9816 6261 6262 10542 10543 9767 9766 9818 9817 11547 11599 10546 9821
2548 29 2 20 1 2606 2719 2794 1966 3848 3849 6124 6125 5937 5938 2911 2912 5393 5394 9226 9227 9326 9229 11600 11447
2549 29 2 20 1 1968 2618 2788 2845 2987 2988 10305 10306 11461 11462 9569 9568 9205 9206 9566 9567 11601 9572 11463 11468
2550 29 2 20 1 2843 1971 187 2837 8871 8872 2150 2149 10169 10170 9050 9049 8274 8275 8555 8556 10376 11405 10410 8559
2551 29 2 20 1 2605 2619 2719 1966 2995 2996 10780 10781 3850 3851 2910 2909 9226 9227 6911 6910 10814 6916 9228 11411
2552 29 2 20 1 2648 2794 2719 2823 6118 6119 6125 6124 4723 4722 8268 8269 7881 7882 7879 7880 6127 8271 10749 7886
2553 29 2 20 1 2606 2794 1967 1966 5938 5937 5392 5391 2917 2918 2911 2912 2106 2105 5393 5394 5943 11600 2922 5397
2554 29 2 20 1 2694 838 835 2695 3602 3601 1212 1213 6193 6194 3603 3604 8538 8539 3605 3606 11602 3611 8544 11603
2555 29 2 20 1 137 2695 838 2753 6928 6929 3605 3606 1211 1210 4409 4408 7871 7872 6931 6930 11604 6932 7874 11605
2556 29 2 20 1 2674 1323 2608 2842 4982 4983 8339 8338 9385 9384 9019 9018 8342 8343 8346 8347 9386 9023 10898 8349
2557 29 2 20 1 2816 2800 2682 2685 6945 6946 5523 5522 7546 7547 9298 9299 8023 8024 9817 9818 7887 11606 11441 11408
2558 29 2 20 1 2816 2685 2747 2800 9299 9298 10335 10336 11607 11608 6946 6945 10542 10543 9818 9817 11609 11606 11610 11599
2559 29 2 20 1 2816 2685 2618 2747 9299 9298 9300 9301 9294 9295 11607 11608 5538 5539 10336 10335 9305 11609 11611 10816
2560 29 2 20 1 838 836 2694 835 1215 1216 6188 6187 3602 3601 1213 1212 6193 6194 1188 1189 11612 1217 11602 6198
2561 29 2 20 1 2618 2694 2816 2747 8451 8452 6186 6185 9295 9294 5538 5539 11607 11608 10822 10823 11593 11598 11611 11613
2562 29 2 20 1 2793 292 291 289 9358 9359 402 401 5345 5346 7564 7563 399 398 404 403 9361 11614 9005 405
2563 29 2 20 1 186 2837 1971 2788 8557 8558 8555 8556 2147 2146 10386 10387 11047 11046 7969 7968 8561 10390 11482 11404
2564 29 2 20 1 2618 836 2788 2816 8449 8450 7962 7963 10306 10305 9295 9294 9139 9140 6190 6189 11615 11594 10307 9142
2565 29 2 20 1 837 2618 2788 1968 8448 8447 10305 10306 10389 10388 8187 8188 11462 11461 2987 2988 11616 9027 11595 11601
2566 29 2 20 1 836 2694 839 838 6188 6187 3599 3600 1220 1221 1215 1216 1218 1219 3601 3602 10819 11612 1222 3609
2567 29 2 20 1 2694 2817 2618 837 10365 10366 6224 6223 8451 8452 8445 8446 8448 8447 8913 8914 11597 10370 8454 10377
2568 29 2 20 1 836 837 2618 2788 1196 1197 8448 8447 8449 8450 7963 7962 10306 10305 10389 10388 8455 11486 11615 11616
2569 29 2 20 1 2816 835 2800 2694 6192 6191 6948 6947 6946 6945 6186 6185 8537 8536 6194 6193 6955 6196 11617 8542
2570 29 2 20 1 2695 2753 2822 838 6930 6931 8761 8762 6500 6501 3606 3605 8755 8756 7872 7871 10772 11605 11596 8766
2571 29 2 20 1 137 835 838 2695 1207 1208 1213 1212 1211 1210 6929 6928 3605 3606 8538 8539 1214 10324 11604 11603
2572 29 2 20 1 2694 2800 2747 2695 8537 8536 10542 10543 10822 10823 3603 3604 6264 6263 8540 8541 11618 8545 10824 10544
2573 29 2 20 1 2694 2695 2817 839 3604 3603 7426 7425 10366 10365 3600 3599 7429 7430 3608 3607 10826 3610 10369 7434
2574 29 2 20 1 2800 2816 2694 2747 6946 6945 6185 6186 8537 8536 10543 10542 10822 10823 11607 11608 11617 11610 11618 11613
2575 29 2 20 1 808 2829 2812 2830 8426 8427 6823 6822 7992 7991 9069 9070 6825 6824 6817 6816 8435 10936 9074 6827
2576 29 2 20 1 835 136 2833 137 1181 1180 7065 7064 10322 10323 1207 1208 7066 7067 165 164 10821 1209 10327 7070
2577 29 2 20 1 2001 2723 2595 2750 3925 3924 6632 6633 2847 2848 4641 4640 4358 4357 8259 8260 10888 10845 4642 8261
2578 29 2 20 1 2820 2673 2750 2696 6336 6337 8656 8655 10872 10873 6339 6338 8824 8823 6334 6335 10892 6344 10874 8827
2579 29 2 20 1 2779 288 2824 2699 7557 7558 8602 8601 7593 7592 8844 8845 8723 8724 7996 7995 8603 8850 11619 9092
2580 29 2 20 1 2673 807 2844 806 6330 6331 10858 10857 8941 8940 3982 3983 8944 8945 896 897 10860 9148 8947 11620
2581 29 2 20 1 2844 804 806 807 8942 8943 894 893 8944 8945 10858 10857 897 896 898 899 8949 10859 11620 900
2582 29 2 20 1 2825 802 2748 2777 8920 8919 5327 5328 8811 8812 8931 8930 8416 8417 8327 8326 8921 8933 11621 9008
2583 29 2 20 1 804 2825 2723 2750 8029 8028 8807 8808 7298 7299 8651 8652 8259 8260 8653 8654 8928 8658 10847 10900
2584 29 2 20 1 2793 2608 289 2779 5352 5351 2930 2929 7564 7563 7562 7561 7560 7559 5036 5035 11622 7597 7569 10903
2585 29 2 20 1 2824 2608 2779 2699 7590 7591 5035 5036 7592 7593 8723 8724 8844 8845 8722 8721 7595 8727 11619 9356
2586 29 2 20 1 2612 2609 2610 2778 2943 2944 2937 2938 2948 2947 5028 5027 7727 7726 7725 7724 2950 9015 10867 7732
2587 29 2 20 1 2674 2825 2698 2777 6552 6553 11623 11624 4990 4991 4980 4981 4987 4986 8931 8930 11625 9337 4993 11626
2588 29 2 20 1 2825 2777 2748 2698 8930 8931 8416 8417 8811 8812 11624 11623 7743 7744 4986 4987 11621 11626 11627 8420
2589 29 2 20 1 2778 2608 1323 1322 5038 5037 8338 8339 8860 8859 6574 6573 1405 1406 8725 8726 9387 10904 8862 9352
2590 29 2 20 1 2825 2674 2698 2610 6553 6552 4991 4990 11624 11623 8962 8963 7741 7742 7728 7729 11625 8964 11628 9003
2591 29 2 20 1 2825 2750 2673 2609 8654 8653 8655 8656 6551 6550 6554 6555 6558 6559 8825 8826 8659 11629 6561 8829
2592 29 2 20 1 2825 2610 2750 2609 8963 8962 4354 4353 8653 8654 6554 6555 8825 8826 2937 2938 11630 8965 11629 8868
2593 29 2 20 1 2825 2784 2750 2610 8810 8809 5160 5161 8653 8654 8962 8963 4354 4353 5163 5162 10901 11631 11630 5167
2594 29 2 20 1 2825 2784 2610 2748 8810 8809 5162 5163 8962 8963 8811 8812 5724 5723 5725 5726 11631 8815 11632 5731
2595 29 2 20 1 2825 2748 2610 2698 8812 8811 5724 5723 8962 8963 11624 11623 7742 7741 7743 7744 11632 11627 11628 7745
2596 29 2 20 1 812 2776 2830 809 4959 4960 8230 8229 10948 10949 951 950 8233 8234 4962 4961 10951 4969 10989 8238
2597 29 2 20 1 813 1992 2775 2730 5435 5436 8467 8466 4951 4950 4370 4369 4954 4955 5433 5434 11633 5438 4957 11634
2598 29 2 20 1 2654 2730 2775 1992 6319 6318 4954 4955 10982 10981 6456 6455 8467 8466 5434 5433 10991 6461 10984 11634
2599 29 2 20 1 2676 2776 2663 2828 6356 6357 6359 6358 3460 3459 9095 9096 8048 8047 9181 9180 6362 9368 10954 11079
2600 29 2 20 1 292 289 2793 2608 403 404 7564 7563 9358 9359 6395 6394 5351 5352 2930 2929 11614 9313 9360 11622
2601 29 2 20 1 2828 2643 1327 809 9211 9212 4018 4019 6614 6613 6612 6611 6606 6605 4605 4604 10935 9214 6618 7148
2602 29 2 20 1 2775 813 2771 1992 4951 4950 9440 9441 7085 7086 8467 8466 6438 6437 5436 5435 11635 11633 8470 9442
2603 29 2 20 1 2775 2617 812 2776 11012 11011 2976 2975 9087 9088 9218 9217 4960 4959 6354 6355 11636 11637 10997 10932
2604 29 2 20 1 2775 2655 2617 2776 10967 10966 8663 8662 11011 11012 9218 9217 6354 6355 8666 8667 11016 10988 11637 8671
2605 29 2 20 1 2775 2616 813 812 6687 6686 9476 9475 4950 4951 9087 9088 956 957 2977 2978 11638 11639 9090 11181
2606 29 2 20 1 2775 2617 2616 812 11012 11011 2972 2971 6686 6687 9087 9088 2977 2978 2975 2976 11640 11636 11639 2982
2607 29 2 20 1 2775 2671 2616 2617 6691 6690 3395 3396 6686 6687 11011 11012 2972 2971 3974 3975 6694 11083 11640 4821
2608 29 2 20 1 2775 813 2616 2771 4951 4950 9475 9476 6686 6687 7085 7086 7088 7087 9441 9440 11638 11635 7091 9479
$EndElements
